"user_id";"total_checkins";"active_days";"first_checkin";"last_checkin";"avg_training_duratation";"avg_calories_burned";"workout_type_count";"total_checkins_post_signup";"first_checkin_post_signup";"last_checkin_post_signup";"days_since_last_checkin";"churned"
"user_1";40;37;"2025-03-10 13:34:25";"2025-12-23 19:18:23";91.45;727.25;1;40;"2025-03-10 13:34:25";"2025-12-23 19:18:23";7;0
"user_10";32;31;"2025-03-16 20:06:32";"2025-12-30 12:40:38";85.9688;689.5625;2;32;"2025-03-16 20:06:32";"2025-12-30 12:40:38";0;0
"user_100";103;87;"2025-02-06 04:29:27";"2025-12-29 04:51:32";92.3398;739.1068;2;103;"2025-02-06 04:29:27";"2025-12-29 04:51:32";1;0
"user_1000";53;50;"2025-01-12 01:16:56";"2025-12-16 12:26:58";90.0189;713.9057;1;53;"2025-01-12 01:16:56";"2025-12-16 12:26:58";14;0
"user_1001";70;59;"2025-01-15 20:31:41";"2025-08-16 21:50:33";88.0429;719.3143;2;70;"2025-01-15 20:31:41";"2025-08-16 21:50:33";136;1
"user_1002";59;56;"2025-02-12 02:27:56";"2025-12-28 14:46:53";94.8136;780.7627;1;59;"2025-02-12 02:27:56";"2025-12-28 14:46:53";2;0
"user_1003";18;17;"2025-03-06 00:25:46";"2025-12-18 12:34:02";79.3889;642.6111;1;18;"2025-03-06 00:25:46";"2025-12-18 12:34:02";12;0
"user_1004";18;18;"2025-02-28 02:44:26";"2025-12-11 15:55:59";83.3333;635.4444;1;18;"2025-02-28 02:44:26";"2025-12-11 15:55:59";19;0
"user_1005";30;27;"2025-02-20 04:52:38";"2025-12-28 18:15:06";86.2333;681.1333;1;30;"2025-02-20 04:52:38";"2025-12-28 18:15:06";2;0
"user_1006";22;22;"2025-01-19 04:57:24";"2025-12-29 22:56:17";95.4091;797.3182;2;22;"2025-01-19 04:57:24";"2025-12-29 22:56:17";1;0
"user_1007";29;29;"2025-01-28 05:47:40";"2025-12-28 09:53:48";92.6207;740.6897;1;29;"2025-01-28 05:47:40";"2025-12-28 09:53:48";2;0
"user_1008";26;24;"2025-02-12 05:44:18";"2025-12-18 00:03:32";90.1538;705.2308;2;26;"2025-02-12 05:44:18";"2025-12-18 00:03:32";12;0
"user_1009";61;48;"2025-01-16 13:26:39";"2025-07-08 09:24:27";90.2131;723.8525;2;61;"2025-01-16 13:26:39";"2025-07-08 09:24:27";175;1
"user_101";60;54;"2025-01-29 20:08:36";"2025-06-25 17:05:13";88.5167;708.95;1;60;"2025-01-29 20:08:36";"2025-06-25 17:05:13";188;1
"user_1010";40;39;"2025-02-23 22:57:35";"2025-12-14 14:41:59";86.35;688.9;1;40;"2025-02-23 22:57:35";"2025-12-14 14:41:59";16;0
"user_1011";73;61;"2025-02-09 22:33:05";"2025-09-20 20:28:49";87.3014;722.3288;2;73;"2025-02-09 22:33:05";"2025-09-20 20:28:49";101;1
"user_1012";11;10;"2025-02-12 13:14:30";"2025-12-05 00:22:03";98.4545;835.6364;1;11;"2025-02-12 13:14:30";"2025-12-05 00:22:03";25;1
"user_1013";18;18;"2025-02-06 18:24:48";"2025-12-30 20:41:54";98.7778;887.6111;2;18;"2025-02-06 18:24:48";"2025-12-30 20:41:54";0;0
"user_1014";60;51;"2025-01-29 20:17:23";"2025-06-19 04:38:13";87.4333;736.8167;2;60;"2025-01-29 20:17:23";"2025-06-19 04:38:13";194;1
"user_1015";27;26;"2025-01-06 10:22:16";"2025-12-18 12:45:20";86.4444;693.2963;1;27;"2025-01-06 10:22:16";"2025-12-18 12:45:20";12;0
"user_1016";8;8;"2025-02-05 02:48:06";"2025-12-05 05:13:56";87.25;676.0;2;8;"2025-02-05 02:48:06";"2025-12-05 05:13:56";25;1
"user_1017";71;62;"2025-01-17 07:01:38";"2025-08-16 22:41:26";89.0986;718.9437;1;71;"2025-01-17 07:01:38";"2025-08-16 22:41:26";136;1
"user_1018";44;43;"2025-02-10 11:12:41";"2025-12-24 00:19:32";82.5227;653.1364;2;44;"2025-02-10 11:12:41";"2025-12-24 00:19:32";6;0
"user_1019";17;16;"2025-02-01 08:53:07";"2025-12-16 12:54:16";91.7647;743.0588;2;17;"2025-02-01 08:53:07";"2025-12-16 12:54:16";14;0
"user_102";39;38;"2025-02-18 02:48:25";"2025-12-29 20:06:27";86.3846;697.7692;2;39;"2025-02-18 02:48:25";"2025-12-29 20:06:27";1;0
"user_1020";80;67;"2025-03-08 11:18:03";"2025-12-06 02:59:11";89.9;724.5375;2;80;"2025-03-08 11:18:03";"2025-12-06 02:59:11";24;1
"user_1021";20;19;"2025-01-19 18:29:09";"2025-12-06 15:05:08";94.25;733.4;1;20;"2025-01-19 18:29:09";"2025-12-06 15:05:08";24;1
"user_1022";79;70;"2025-03-02 20:35:08";"2025-10-14 22:32:43";90.6582;728.4557;2;79;"2025-03-02 20:35:08";"2025-10-14 22:32:43";77;1
"user_1023";11;11;"2025-03-13 15:33:22";"2025-11-22 21:24:02";96.0909;783.3636;2;11;"2025-03-13 15:33:22";"2025-11-22 21:24:02";38;1
"user_1024";21;20;"2025-02-25 05:29:02";"2025-12-17 05:10:22";91.9048;720.5238;1;21;"2025-02-25 05:29:02";"2025-12-17 05:10:22";13;0
"user_1025";12;12;"2025-03-10 19:31:06";"2025-12-29 22:59:03";87.1667;692.4167;2;12;"2025-03-10 19:31:06";"2025-12-29 22:59:03";1;0
"user_1026";41;41;"2025-02-19 09:56:40";"2025-12-28 16:06:56";88.5854;682.3415;1;41;"2025-02-19 09:56:40";"2025-12-28 16:06:56";2;0
"user_1027";19;19;"2025-01-23 00:23:48";"2025-12-24 09:44:27";85.5263;646.2105;2;19;"2025-01-23 00:23:48";"2025-12-24 09:44:27";6;0
"user_1028";25;24;"2025-02-04 04:49:43";"2025-12-25 06:29:59";92.76;722.32;2;25;"2025-02-04 04:49:43";"2025-12-25 06:29:59";5;0
"user_1029";47;43;"2025-02-06 02:18:21";"2025-12-30 19:55:59";93.383;770.1064;1;47;"2025-02-06 02:18:21";"2025-12-30 19:55:59";0;0
"user_103";51;48;"2025-01-16 05:53:52";"2025-12-08 23:00:42";86.0392;688.451;1;51;"2025-01-16 05:53:52";"2025-12-08 23:00:42";22;1
"user_1030";21;21;"2025-02-20 06:39:22";"2025-12-08 10:18:29";87.6667;741.2857;2;21;"2025-02-20 06:39:22";"2025-12-08 10:18:29";22;1
"user_1031";66;60;"2025-03-07 17:18:16";"2025-10-24 15:47:36";88.2576;705.0606;1;66;"2025-03-07 17:18:16";"2025-10-24 15:47:36";67;1
"user_1032";50;46;"2025-02-17 20:46:44";"2025-12-24 08:42:16";93.58;744.14;1;50;"2025-02-17 20:46:44";"2025-12-24 08:42:16";6;0
"user_1033";71;62;"2025-02-05 09:11:42";"2025-08-14 00:40:08";89.6901;693.3944;2;71;"2025-02-05 09:11:42";"2025-08-14 00:40:08";138;1
"user_1034";93;81;"2025-01-26 01:16:27";"2025-09-29 03:43:41";83.8065;670.6129;2;93;"2025-01-26 01:16:27";"2025-09-29 03:43:41";92;1
"user_1035";60;55;"2025-01-07 03:43:19";"2025-07-29 21:46:35";92.9;769.7;1;60;"2025-01-07 03:43:19";"2025-07-29 21:46:35";154;1
"user_1036";21;21;"2025-02-15 12:48:49";"2025-12-21 08:17:00";90.2381;743.8095;1;21;"2025-02-15 12:48:49";"2025-12-21 08:17:00";9;0
"user_1037";55;52;"2025-02-17 07:17:12";"2025-12-28 20:27:40";85.0364;689.5091;1;55;"2025-02-17 07:17:12";"2025-12-28 20:27:40";2;0
"user_1038";20;19;"2025-03-11 02:36:44";"2025-12-24 13:17:48";88.3;746.45;1;20;"2025-03-11 02:36:44";"2025-12-24 13:17:48";6;0
"user_1039";63;55;"2025-03-01 12:04:34";"2025-08-07 16:16:15";91.2381;702.5238;2;63;"2025-03-01 12:04:34";"2025-08-07 16:16:15";145;1
"user_104";57;51;"2025-01-14 17:49:55";"2025-12-24 02:59:15";89.0877;697.2982;1;57;"2025-01-14 17:49:55";"2025-12-24 02:59:15";6;0
"user_1040";47;43;"2025-02-15 15:21:30";"2025-12-18 11:46:06";87.8511;708.9574;1;47;"2025-02-15 15:21:30";"2025-12-18 11:46:06";12;0
"user_1041";49;48;"2025-01-07 07:44:47";"2025-12-28 08:30:17";88.8776;727.5714;1;49;"2025-01-07 07:44:47";"2025-12-28 08:30:17";2;0
"user_1042";26;24;"2025-01-25 19:24:30";"2025-12-08 03:03:33";91.2308;741.3077;1;26;"2025-01-25 19:24:30";"2025-12-08 03:03:33";22;1
"user_1043";51;48;"2025-01-29 22:19:59";"2025-12-19 17:15:39";91.2353;734.2157;1;51;"2025-01-29 22:19:59";"2025-12-19 17:15:39";11;0
"user_1044";52;47;"2025-02-10 22:52:58";"2025-12-24 16:30:18";88.0577;697.9038;1;52;"2025-02-10 22:52:58";"2025-12-24 16:30:18";6;0
"user_1045";14;14;"2025-03-07 07:52:47";"2025-11-25 23:00:02";90.2857;728.4286;1;14;"2025-03-07 07:52:47";"2025-11-25 23:00:02";35;1
"user_1046";42;39;"2025-01-28 18:00:28";"2025-12-13 03:35:32";89.3095;745.6905;2;42;"2025-01-28 18:00:28";"2025-12-13 03:35:32";17;0
"user_1047";93;82;"2025-02-01 09:00:42";"2025-10-23 17:10:58";89.3333;708.9892;2;93;"2025-02-01 09:00:42";"2025-10-23 17:10:58";68;1
"user_1048";62;51;"2025-01-27 15:34:10";"2025-08-06 17:15:53";87.4839;697.4677;1;62;"2025-01-27 15:34:10";"2025-08-06 17:15:53";146;1
"user_1049";17;17;"2025-02-25 15:59:07";"2025-12-20 04:44:01";91.5294;740.3529;2;17;"2025-02-25 15:59:07";"2025-12-20 04:44:01";10;0
"user_105";12;12;"2025-03-01 02:03:01";"2025-12-30 04:36:15";92.8333;740.4167;1;12;"2025-03-01 02:03:01";"2025-12-30 04:36:15";0;0
"user_1050";105;90;"2025-01-31 17:41:55";"2025-12-30 01:50:45";89.0857;720.4381;1;105;"2025-01-31 17:41:55";"2025-12-30 01:50:45";0;0
"user_1051";12;12;"2025-02-21 05:36:39";"2025-12-07 18:53:25";83.25;644.75;2;12;"2025-02-21 05:36:39";"2025-12-07 18:53:25";23;1
"user_1052";53;48;"2025-01-11 22:56:46";"2025-12-27 03:13:11";89.7547;727.0943;1;53;"2025-01-11 22:56:46";"2025-12-27 03:13:11";3;0
"user_1053";17;16;"2025-02-16 18:41:34";"2025-12-28 14:25:13";97.1176;795.9412;1;17;"2025-02-16 18:41:34";"2025-12-28 14:25:13";2;0
"user_1054";24;23;"2025-03-12 07:59:27";"2025-11-27 00:35:05";89.875;739.125;1;24;"2025-03-12 07:59:27";"2025-11-27 00:35:05";33;1
"user_1055";11;11;"2025-03-02 23:23:37";"2025-12-17 06:52:38";92.8182;775.0;1;11;"2025-03-02 23:23:37";"2025-12-17 06:52:38";13;0
"user_1056";35;30;"2025-02-28 18:53:36";"2025-12-24 18:59:51";84.1429;690.8857;2;35;"2025-02-28 18:53:36";"2025-12-24 18:59:51";6;0
"user_1057";24;21;"2025-03-14 18:25:42";"2025-12-18 04:07:45";90.2083;748.8333;1;24;"2025-03-14 18:25:42";"2025-12-18 04:07:45";12;0
"user_1058";43;43;"2025-01-23 14:59:29";"2025-12-23 09:50:52";86.4651;697.907;1;43;"2025-01-23 14:59:29";"2025-12-23 09:50:52";7;0
"user_1059";41;40;"2025-01-03 14:04:54";"2025-12-29 01:15:34";83.6829;663.8049;2;41;"2025-01-03 14:04:54";"2025-12-29 01:15:34";1;0
"user_106";65;54;"2025-02-27 09:44:00";"2025-09-13 00:18:42";88.0923;714.4154;1;65;"2025-02-27 09:44:00";"2025-09-13 00:18:42";108;1
"user_1060";48;45;"2025-02-26 14:02:05";"2025-12-30 19:45:03";89.0;709.3542;2;48;"2025-02-26 14:02:05";"2025-12-30 19:45:03";0;0
"user_1061";21;21;"2025-01-29 04:12:05";"2025-12-25 20:04:41";98.4286;741.0952;1;21;"2025-01-29 04:12:05";"2025-12-25 20:04:41";5;0
"user_1062";18;17;"2025-03-07 18:33:27";"2025-12-10 09:49:12";94.6111;751.1667;2;18;"2025-03-07 18:33:27";"2025-12-10 09:49:12";20;0
"user_1063";18;18;"2025-01-17 14:35:23";"2025-11-12 13:35:28";91.1111;747.6111;2;18;"2025-01-17 14:35:23";"2025-11-12 13:35:28";48;1
"user_1064";39;36;"2025-02-05 07:52:41";"2025-11-20 09:56:08";88.3846;730.0256;2;39;"2025-02-05 07:52:41";"2025-11-20 09:56:08";40;1
"user_1065";54;50;"2025-02-07 14:51:27";"2025-12-28 10:03:36";86.7222;721.8148;1;54;"2025-02-07 14:51:27";"2025-12-28 10:03:36";2;0
"user_1066";21;19;"2025-04-10 19:15:46";"2025-12-07 14:03:33";90.9048;756.0476;1;21;"2025-04-10 19:15:46";"2025-12-07 14:03:33";23;1
"user_1067";87;75;"2025-01-18 05:41:55";"2025-09-18 17:54:21";85.6782;678.8046;1;87;"2025-01-18 05:41:55";"2025-09-18 17:54:21";103;1
"user_1068";102;90;"2025-01-27 17:03:20";"2025-12-28 09:52:03";89.6667;740.2255;1;102;"2025-01-27 17:03:20";"2025-12-28 09:52:03";2;0
"user_1069";46;40;"2025-02-08 00:05:48";"2025-12-30 08:31:08";90.1957;696.6739;2;46;"2025-02-08 00:05:48";"2025-12-30 08:31:08";0;0
"user_107";40;38;"2025-02-28 20:36:52";"2025-12-20 04:24:46";84.825;652.525;1;40;"2025-02-28 20:36:52";"2025-12-20 04:24:46";10;0
"user_1070";64;55;"2025-01-23 01:17:50";"2025-07-25 07:20:27";90.8594;727.7813;2;64;"2025-01-23 01:17:50";"2025-07-25 07:20:27";158;1
"user_1071";66;61;"2025-02-10 11:06:19";"2025-09-26 05:27:51";89.6061;710.197;1;66;"2025-02-10 11:06:19";"2025-09-26 05:27:51";95;1
"user_1072";84;69;"2025-02-02 02:14:31";"2025-09-21 07:42:08";90.0238;741.0714;2;84;"2025-02-02 02:14:31";"2025-09-21 07:42:08";100;1
"user_1073";83;76;"2025-02-11 11:21:25";"2025-10-22 05:28:39";88.1807;696.7349;1;83;"2025-02-11 11:21:25";"2025-10-22 05:28:39";69;1
"user_1074";72;62;"2025-02-15 19:43:03";"2025-09-11 07:06:39";86.6944;680.5833;2;72;"2025-02-15 19:43:03";"2025-09-11 07:06:39";110;1
"user_1075";16;16;"2025-01-12 07:09:56";"2025-12-12 02:50:12";90.75;698.5;1;16;"2025-01-12 07:09:56";"2025-12-12 02:50:12";18;0
"user_1076";48;43;"2025-02-05 11:07:22";"2025-12-28 04:20:47";87.4375;713.5625;1;48;"2025-02-05 11:07:22";"2025-12-28 04:20:47";2;0
"user_1077";52;47;"2025-02-22 03:26:04";"2025-12-13 13:56:48";94.0385;746.6154;1;52;"2025-02-22 03:26:04";"2025-12-13 13:56:48";17;0
"user_1078";26;24;"2025-01-11 08:03:55";"2025-12-23 07:59:26";88.5769;695.3846;1;26;"2025-01-11 08:03:55";"2025-12-23 07:59:26";7;0
"user_1079";77;69;"2025-02-20 23:20:59";"2025-10-28 21:05:36";91.3117;740.2857;1;77;"2025-02-20 23:20:59";"2025-10-28 21:05:36";63;1
"user_108";20;20;"2025-02-20 22:44:17";"2025-11-30 07:53:42";89.7;757.6;2;20;"2025-02-20 22:44:17";"2025-11-30 07:53:42";30;1
"user_1080";13;13;"2025-03-16 03:40:14";"2025-12-28 12:41:24";90.9231;736.0;1;13;"2025-03-16 03:40:14";"2025-12-28 12:41:24";2;0
"user_1081";18;16;"2025-03-02 12:49:19";"2025-12-28 13:43:14";96.9444;725.1667;2;18;"2025-03-02 12:49:19";"2025-12-28 13:43:14";2;0
"user_1082";124;109;"2025-01-02 02:50:38";"2025-12-23 16:12:02";91.6371;740.3468;2;124;"2025-01-02 02:50:38";"2025-12-23 16:12:02";7;0
"user_1083";39;36;"2025-02-06 09:31:10";"2025-12-28 05:36:40";90.6154;743.6154;1;39;"2025-02-06 09:31:10";"2025-12-28 05:36:40";2;0
"user_1084";23;23;"2025-02-08 06:23:57";"2025-12-17 19:28:41";88.3043;725.6957;2;23;"2025-02-08 06:23:57";"2025-12-17 19:28:41";13;0
"user_1085";13;13;"2025-02-21 18:57:42";"2025-10-30 16:15:44";88.0769;676.0769;2;13;"2025-02-21 18:57:42";"2025-10-30 16:15:44";61;1
"user_1086";45;41;"2025-02-12 13:29:30";"2025-12-25 15:28:01";87.1556;691.8889;1;45;"2025-02-12 13:29:30";"2025-12-25 15:28:01";5;0
"user_1087";53;48;"2025-02-11 12:45:36";"2025-12-27 16:00:48";90.566;725.9434;2;53;"2025-02-11 12:45:36";"2025-12-27 16:00:48";3;0
"user_1088";119;106;"2025-01-02 13:15:00";"2025-11-15 06:40:29";92.2521;756.2185;1;119;"2025-01-02 13:15:00";"2025-11-15 06:40:29";45;1
"user_1089";15;15;"2025-02-08 01:43:31";"2025-12-19 00:02:02";88.4;742.4;1;15;"2025-02-08 01:43:31";"2025-12-19 00:02:02";11;0
"user_109";86;71;"2025-01-23 13:27:48";"2025-08-29 12:02:01";90.1628;730.1977;2;86;"2025-01-23 13:27:48";"2025-08-29 12:02:01";123;1
"user_1090";60;51;"2025-02-17 13:55:46";"2025-07-21 22:46:57";89.2;713.3167;2;60;"2025-02-17 13:55:46";"2025-07-21 22:46:57";162;1
"user_1091";19;18;"2025-02-07 12:04:36";"2025-11-19 12:48:48";89.2632;735.4211;1;19;"2025-02-07 12:04:36";"2025-11-19 12:48:48";41;1
"user_1092";45;45;"2025-02-02 13:19:18";"2025-12-14 04:29:00";90.9333;755.9111;2;45;"2025-02-02 13:19:18";"2025-12-14 04:29:00";16;0
"user_1093";45;44;"2025-01-03 17:28:36";"2025-12-30 21:35:39";87.3333;707.7333;1;45;"2025-01-03 17:28:36";"2025-12-30 21:35:39";0;0
"user_1094";39;36;"2025-03-02 01:08:36";"2025-12-24 18:19:11";95.359;761.0769;1;39;"2025-03-02 01:08:36";"2025-12-24 18:19:11";6;0
"user_1095";67;59;"2025-01-04 02:14:53";"2025-09-11 18:17:31";90.4328;729.8209;2;67;"2025-01-04 02:14:53";"2025-09-11 18:17:31";110;1
"user_1096";102;89;"2025-01-21 04:54:58";"2025-12-10 11:46:57";88.2059;711.0196;1;102;"2025-01-21 04:54:58";"2025-12-10 11:46:57";20;0
"user_1097";71;61;"2025-02-14 19:00:31";"2025-09-12 20:09:54";86.8451;679.8028;1;71;"2025-02-14 19:00:31";"2025-09-12 20:09:54";109;1
"user_1098";112;96;"2025-01-14 19:00:41";"2025-12-28 11:52:23";89.3304;704.1786;2;112;"2025-01-14 19:00:41";"2025-12-28 11:52:23";2;0
"user_1099";31;31;"2025-01-11 19:06:42";"2025-12-09 19:17:14";91.8387;720.3226;1;31;"2025-01-11 19:06:42";"2025-12-09 19:17:14";21;0
"user_11";82;72;"2025-02-15 11:50:20";"2025-09-04 22:50:04";89.9634;729.378;1;82;"2025-02-15 11:50:20";"2025-09-04 22:50:04";117;1
"user_110";74;62;"2025-01-21 10:11:05";"2025-08-03 08:54:19";90.1622;735.5541;1;74;"2025-01-21 10:11:05";"2025-08-03 08:54:19";149;1
"user_1100";59;52;"2025-01-10 18:06:25";"2025-12-15 18:14:42";87.322;704.0508;1;59;"2025-01-10 18:06:25";"2025-12-15 18:14:42";15;0
"user_1101";71;64;"2025-01-06 01:54:24";"2025-07-19 23:02:58";92.4085;751.2535;1;71;"2025-01-06 01:54:24";"2025-07-19 23:02:58";164;1
"user_1102";18;18;"2025-03-12 18:58:14";"2025-12-26 09:38:55";87.5556;692.1667;2;18;"2025-03-12 18:58:14";"2025-12-26 09:38:55";4;0
"user_1103";12;12;"2025-03-23 00:00:30";"2025-11-28 15:41:43";92.25;660.8333;1;12;"2025-03-23 00:00:30";"2025-11-28 15:41:43";32;1
"user_1104";11;11;"2025-03-23 04:41:27";"2025-12-29 07:01:02";90.3636;730.0;2;11;"2025-03-23 04:41:27";"2025-12-29 07:01:02";1;0
"user_1105";13;13;"2025-02-09 08:32:17";"2025-12-30 10:08:35";90.4615;744.1538;1;13;"2025-02-09 08:32:17";"2025-12-30 10:08:35";0;0
"user_1106";63;52;"2025-01-13 08:49:51";"2025-08-21 13:56:04";90.873;712.0476;1;63;"2025-01-13 08:49:51";"2025-08-21 13:56:04";131;1
"user_1107";63;58;"2025-02-20 21:32:08";"2025-12-06 03:21:14";86.5556;699.4127;1;63;"2025-02-20 21:32:08";"2025-12-06 03:21:14";24;1
"user_1108";20;17;"2025-01-31 03:23:33";"2025-11-27 00:56:30";83.2;675.9;2;20;"2025-01-31 03:23:33";"2025-11-27 00:56:30";33;1
"user_1109";12;12;"2025-02-18 14:43:10";"2025-10-06 00:13:41";96.1667;798.0;1;12;"2025-02-18 14:43:10";"2025-10-06 00:13:41";85;1
"user_111";109;89;"2025-02-16 06:12:27";"2025-12-11 15:13:28";92.3853;734.2844;2;109;"2025-02-16 06:12:27";"2025-12-11 15:13:28";19;0
"user_1110";61;50;"2025-02-26 07:04:24";"2025-10-05 17:55:01";94.4262;759.3607;1;61;"2025-02-26 07:04:24";"2025-10-05 17:55:01";86;1
"user_1111";19;18;"2025-02-04 05:10:14";"2025-11-23 23:58:39";78.0;558.3684;1;19;"2025-02-04 05:10:14";"2025-11-23 23:58:39";37;1
"user_1112";73;64;"2025-02-18 23:37:40";"2025-11-11 13:43:57";89.8904;731.0;2;73;"2025-02-18 23:37:40";"2025-11-11 13:43:57";49;1
"user_1113";101;86;"2025-02-21 13:38:09";"2025-12-29 05:22:41";92.5644;735.7327;1;101;"2025-02-21 13:38:09";"2025-12-29 05:22:41";1;0
"user_1114";57;53;"2025-01-06 04:08:12";"2025-12-24 02:44:35";87.6491;710.1228;1;57;"2025-01-06 04:08:12";"2025-12-24 02:44:35";6;0
"user_1115";50;46;"2025-02-18 13:39:42";"2025-12-30 14:56:57";82.78;668.18;1;50;"2025-02-18 13:39:42";"2025-12-30 14:56:57";0;0
"user_1116";44;42;"2025-02-28 00:29:27";"2025-12-29 06:22:33";91.3864;735.4545;2;44;"2025-02-28 00:29:27";"2025-12-29 06:22:33";1;0
"user_1117";62;57;"2025-01-05 07:42:58";"2025-08-12 22:28:10";86.5806;697.3548;2;62;"2025-01-05 07:42:58";"2025-08-12 22:28:10";140;1
"user_1118";20;20;"2025-03-14 18:31:53";"2025-12-30 13:25:11";84.2;653.6;1;20;"2025-03-14 18:31:53";"2025-12-30 13:25:11";0;0
"user_1119";81;71;"2025-01-07 07:37:20";"2025-10-04 16:42:24";92.5679;750.3333;1;81;"2025-01-07 07:37:20";"2025-10-04 16:42:24";87;1
"user_112";81;70;"2025-02-19 09:17:18";"2025-12-21 09:14:58";88.3827;690.8395;1;81;"2025-02-19 09:17:18";"2025-12-21 09:14:58";9;0
"user_1120";98;82;"2025-02-16 23:43:39";"2025-12-22 10:28:56";89.5918;713.0306;1;98;"2025-02-16 23:43:39";"2025-12-22 10:28:56";8;0
"user_1121";12;11;"2025-02-05 02:57:39";"2025-11-18 18:31:11";82.8333;712.0;1;12;"2025-02-05 02:57:39";"2025-11-18 18:31:11";42;1
"user_1122";12;11;"2025-01-27 05:48:33";"2025-12-20 05:27:13";84.3333;664.0;2;12;"2025-01-27 05:48:33";"2025-12-20 05:27:13";10;0
"user_1123";19;18;"2025-02-19 12:03:13";"2025-12-28 20:16:52";84.0;657.4737;1;19;"2025-02-19 12:03:13";"2025-12-28 20:16:52";2;0
"user_1124";24;23;"2025-02-02 06:39:31";"2025-12-27 06:58:27";91.6667;731.0833;1;24;"2025-02-02 06:39:31";"2025-12-27 06:58:27";3;0
"user_1125";36;34;"2025-02-14 12:51:43";"2025-12-27 21:29:29";84.2222;687.3056;1;36;"2025-02-14 12:51:43";"2025-12-27 21:29:29";3;0
"user_1126";43;40;"2025-03-03 16:26:01";"2025-12-30 23:43:17";92.7674;722.7209;1;43;"2025-03-03 16:26:01";"2025-12-30 23:43:17";0;0
"user_1127";61;53;"2025-01-27 12:11:19";"2025-09-09 06:08:20";85.6885;686.3607;2;61;"2025-01-27 12:11:19";"2025-09-09 06:08:20";112;1
"user_1128";45;41;"2025-01-11 06:02:17";"2025-12-25 00:54:20";92.5556;740.0667;1;45;"2025-01-11 06:02:17";"2025-12-25 00:54:20";5;0
"user_1129";53;50;"2025-01-07 06:03:32";"2025-12-25 08:27:06";91.3396;721.0;2;53;"2025-01-07 06:03:32";"2025-12-25 08:27:06";5;0
"user_113";16;16;"2025-02-17 17:22:28";"2025-12-30 02:17:06";91.6875;777.25;1;16;"2025-02-17 17:22:28";"2025-12-30 02:17:06";0;0
"user_1130";106;87;"2025-01-17 23:57:57";"2025-11-07 23:31:17";90.0472;715.5943;2;106;"2025-01-17 23:57:57";"2025-11-07 23:31:17";53;1
"user_1131";23;22;"2025-03-05 17:20:43";"2025-12-28 04:02:32";86.9565;697.5217;2;23;"2025-03-05 17:20:43";"2025-12-28 04:02:32";2;0
"user_1132";38;36;"2025-01-27 17:14:58";"2025-12-02 19:39:31";93.0526;728.8684;1;38;"2025-01-27 17:14:58";"2025-12-02 19:39:31";28;1
"user_1133";73;57;"2025-01-04 01:14:59";"2025-08-09 01:58:55";89.0959;722.2603;2;73;"2025-01-04 01:14:59";"2025-08-09 01:58:55";143;1
"user_1134";61;54;"2025-01-17 06:53:38";"2025-07-31 06:27:11";82.4426;658.1311;2;61;"2025-01-17 06:53:38";"2025-07-31 06:27:11";152;1
"user_1135";19;19;"2025-02-12 16:13:46";"2025-11-28 14:34:25";92.5789;741.7895;1;19;"2025-02-12 16:13:46";"2025-11-28 14:34:25";32;1
"user_1136";72;60;"2025-01-03 19:20:32";"2025-06-29 05:01:46";89.25;733.3889;1;72;"2025-01-03 19:20:32";"2025-06-29 05:01:46";184;1
"user_1137";12;11;"2025-03-11 06:51:30";"2025-11-30 15:10:06";77.0;658.0;2;12;"2025-03-11 06:51:30";"2025-11-30 15:10:06";30;1
"user_1138";49;43;"2025-02-24 00:38:55";"2025-12-30 19:34:05";91.4694;725.7959;1;49;"2025-02-24 00:38:55";"2025-12-30 19:34:05";0;0
"user_1139";47;47;"2025-02-01 15:31:46";"2025-12-24 16:51:43";85.4894;686.8511;2;47;"2025-02-01 15:31:46";"2025-12-24 16:51:43";6;0
"user_114";24;23;"2025-03-25 08:04:24";"2025-12-23 16:12:54";93.375;749.3333;2;24;"2025-03-25 08:04:24";"2025-12-23 16:12:54";7;0
"user_1140";50;45;"2025-01-18 05:33:50";"2025-12-29 23:23:39";88.78;731.88;1;50;"2025-01-18 05:33:50";"2025-12-29 23:23:39";1;0
"user_1141";19;18;"2025-02-27 11:00:49";"2025-12-26 12:36:44";91.1053;721.0526;2;19;"2025-02-27 11:00:49";"2025-12-26 12:36:44";4;0
"user_1142";30;29;"2025-02-08 20:00:31";"2025-12-30 20:29:27";93.6667;754.1667;1;30;"2025-02-08 20:00:31";"2025-12-30 20:29:27";0;0
"user_1143";21;21;"2025-02-27 01:42:08";"2025-12-25 02:34:54";88.9048;708.7619;1;21;"2025-02-27 01:42:08";"2025-12-25 02:34:54";5;0
"user_1144";41;39;"2025-02-25 14:00:44";"2025-11-30 12:46:34";87.9268;695.0;2;41;"2025-02-25 14:00:44";"2025-11-30 12:46:34";30;1
"user_1145";61;53;"2025-01-22 17:03:41";"2025-08-04 14:17:15";92.6557;738.6066;1;61;"2025-01-22 17:03:41";"2025-08-04 14:17:15";148;1
"user_1146";17;16;"2025-01-15 02:03:10";"2025-12-23 05:34:14";91.5882;772.8824;1;17;"2025-01-15 02:03:10";"2025-12-23 05:34:14";7;0
"user_1147";27;26;"2025-03-12 13:23:03";"2025-12-30 19:29:00";86.2222;682.8889;2;27;"2025-03-12 13:23:03";"2025-12-30 19:29:00";0;0
"user_1148";27;25;"2025-02-05 16:25:46";"2025-11-14 02:49:42";91.6667;701.4815;2;27;"2025-02-05 16:25:46";"2025-11-14 02:49:42";46;1
"user_1149";19;18;"2025-02-20 16:30:30";"2025-11-30 09:43:24";80.0;614.6842;1;19;"2025-02-20 16:30:30";"2025-11-30 09:43:24";30;1
"user_115";57;52;"2025-01-23 21:51:24";"2025-12-30 11:06:54";93.0351;747.614;2;57;"2025-01-23 21:51:24";"2025-12-30 11:06:54";0;0
"user_1150";13;13;"2025-01-28 08:10:52";"2025-11-19 21:06:05";80.3846;650.9231;2;13;"2025-01-28 08:10:52";"2025-11-19 21:06:05";41;1
"user_1151";20;18;"2025-03-01 04:00:10";"2025-12-29 13:25:31";89.0;736.5;2;20;"2025-03-01 04:00:10";"2025-12-29 13:25:31";1;0
"user_1152";24;24;"2025-03-06 15:30:03";"2025-12-16 06:08:08";83.5417;703.5833;1;24;"2025-03-06 15:30:03";"2025-12-16 06:08:08";14;0
"user_1153";18;17;"2025-02-15 12:22:41";"2025-11-18 07:02:00";96.1667;761.7222;1;18;"2025-02-15 12:22:41";"2025-11-18 07:02:00";42;1
"user_1154";28;26;"2025-02-18 01:38:17";"2025-12-27 21:39:51";91.4286;741.9286;2;28;"2025-02-18 01:38:17";"2025-12-27 21:39:51";3;0
"user_1155";40;38;"2025-01-27 17:00:49";"2025-12-25 17:13:16";88.45;696.95;1;40;"2025-01-27 17:00:49";"2025-12-25 17:13:16";5;0
"user_1156";20;20;"2025-01-11 05:31:46";"2025-12-24 16:14:20";85.7;677.1;1;20;"2025-01-11 05:31:46";"2025-12-24 16:14:20";6;0
"user_1157";62;56;"2025-01-14 07:23:41";"2025-08-07 13:33:05";89.0968;712.4839;1;62;"2025-01-14 07:23:41";"2025-08-07 13:33:05";145;1
"user_1158";21;20;"2025-01-20 22:14:56";"2025-12-29 13:26:26";92.9048;715.0;1;21;"2025-01-20 22:14:56";"2025-12-29 13:26:26";1;0
"user_1159";18;17;"2025-02-05 06:53:54";"2025-12-10 02:03:59";103.1667;843.3889;1;18;"2025-02-05 06:53:54";"2025-12-10 02:03:59";20;0
"user_116";12;12;"2025-02-13 18:34:53";"2025-09-20 04:52:18";103.0833;871.75;2;12;"2025-02-13 18:34:53";"2025-09-20 04:52:18";101;1
"user_1160";65;54;"2025-02-24 07:03:59";"2025-08-05 15:58:38";93.9538;757.9692;2;65;"2025-02-24 07:03:59";"2025-08-05 15:58:38";147;1
"user_1161";30;30;"2025-01-22 11:31:11";"2025-12-17 14:02:40";87.8;681.3;2;30;"2025-01-22 11:31:11";"2025-12-17 14:02:40";13;0
"user_1162";65;56;"2025-02-08 08:42:09";"2025-09-04 22:32:16";88.4308;705.3846;1;65;"2025-02-08 08:42:09";"2025-09-04 22:32:16";117;1
"user_1163";48;46;"2025-01-31 10:47:12";"2025-12-30 09:22:15";87.2708;669.8542;1;48;"2025-01-31 10:47:12";"2025-12-30 09:22:15";0;0
"user_1164";22;20;"2025-02-02 19:51:45";"2025-11-29 14:15:05";94.0;770.3636;1;22;"2025-02-02 19:51:45";"2025-11-29 14:15:05";31;1
"user_1165";104;90;"2025-02-27 04:03:43";"2025-12-27 15:21:00";91.1635;722.0962;2;104;"2025-02-27 04:03:43";"2025-12-27 15:21:00";3;0
"user_1166";21;20;"2025-02-26 23:45:48";"2025-12-28 23:07:42";92.8095;780.0476;2;21;"2025-02-26 23:45:48";"2025-12-28 23:07:42";2;0
"user_1167";22;22;"2025-02-06 11:40:04";"2025-12-26 19:05:11";90.7273;737.1364;1;22;"2025-02-06 11:40:04";"2025-12-26 19:05:11";4;0
"user_1168";49;47;"2025-02-27 10:55:16";"2025-12-30 02:58:39";91.3469;740.5714;1;49;"2025-02-27 10:55:16";"2025-12-30 02:58:39";0;0
"user_1169";64;60;"2025-01-20 09:15:51";"2025-09-01 22:26:19";89.9063;712.5156;1;64;"2025-01-20 09:15:51";"2025-09-01 22:26:19";120;1
"user_117";27;27;"2025-02-02 01:35:52";"2025-12-20 12:36:55";90.4444;709.8519;2;27;"2025-02-02 01:35:52";"2025-12-20 12:36:55";10;0
"user_1170";96;82;"2025-01-08 13:57:56";"2025-12-30 20:33:06";90.75;728.3125;1;96;"2025-01-08 13:57:56";"2025-12-30 20:33:06";0;0
"user_1171";45;42;"2025-03-01 03:57:09";"2025-12-23 04:08:47";89.1333;714.0444;2;45;"2025-03-01 03:57:09";"2025-12-23 04:08:47";7;0
"user_1172";15;14;"2025-02-24 19:52:55";"2025-12-11 10:29:30";87.7333;664.8;2;15;"2025-02-24 19:52:55";"2025-12-11 10:29:30";19;0
"user_1173";44;41;"2025-02-02 11:50:23";"2025-12-20 18:40:35";93.9318;738.3864;2;44;"2025-02-02 11:50:23";"2025-12-20 18:40:35";10;0
"user_1174";76;64;"2025-02-23 06:31:05";"2025-09-15 15:24:03";93.3026;768.4737;2;76;"2025-02-23 06:31:05";"2025-09-15 15:24:03";106;1
"user_1175";48;44;"2025-02-26 08:22:49";"2025-12-27 18:11:24";84.4583;663.0;2;48;"2025-02-26 08:22:49";"2025-12-27 18:11:24";3;0
"user_1176";52;48;"2025-01-30 19:42:21";"2025-12-26 17:56:00";83.8269;650.25;1;52;"2025-01-30 19:42:21";"2025-12-26 17:56:00";4;0
"user_1177";15;15;"2025-04-22 20:48:53";"2025-12-09 09:18:39";93.4667;784.0667;2;15;"2025-04-22 20:48:53";"2025-12-09 09:18:39";21;0
"user_1178";83;70;"2025-01-09 04:19:21";"2025-08-20 15:06:14";86.9398;696.506;2;83;"2025-01-09 04:19:21";"2025-08-20 15:06:14";132;1
"user_1179";24;24;"2025-02-04 16:01:34";"2025-12-27 14:14:37";92.3333;723.875;1;24;"2025-02-04 16:01:34";"2025-12-27 14:14:37";3;0
"user_118";60;49;"2025-01-10 00:32:15";"2025-06-08 14:29:12";86.65;705.35;2;60;"2025-01-10 00:32:15";"2025-06-08 14:29:12";205;1
"user_1180";62;58;"2025-02-01 01:29:52";"2025-12-10 09:23:44";90.0161;726.1613;2;62;"2025-02-01 01:29:52";"2025-12-10 09:23:44";20;0
"user_1181";18;18;"2025-01-30 05:59:30";"2025-12-08 18:18:31";84.2778;660.0;1;18;"2025-01-30 05:59:30";"2025-12-08 18:18:31";22;1
"user_1182";43;39;"2025-01-17 11:59:32";"2025-12-16 04:09:53";88.814;725.8605;1;43;"2025-01-17 11:59:32";"2025-12-16 04:09:53";14;0
"user_1183";53;50;"2025-01-30 13:36:03";"2025-12-22 05:38:17";85.0189;684.8491;2;53;"2025-01-30 13:36:03";"2025-12-22 05:38:17";8;0
"user_1184";23;22;"2025-03-08 15:08:04";"2025-12-17 16:32:20";84.0;629.3913;2;23;"2025-03-08 15:08:04";"2025-12-17 16:32:20";13;0
"user_1185";96;82;"2025-01-16 07:11:25";"2025-12-27 04:19:58";92.6979;739.4583;1;96;"2025-01-16 07:11:25";"2025-12-27 04:19:58";3;0
"user_1186";18;18;"2025-03-03 17:46:32";"2025-12-28 08:10:06";88.1111;678.5;2;18;"2025-03-03 17:46:32";"2025-12-28 08:10:06";2;0
"user_1187";32;32;"2025-02-03 01:19:33";"2025-12-19 17:10:45";91.875;709.2188;1;32;"2025-02-03 01:19:33";"2025-12-19 17:10:45";11;0
"user_1188";103;88;"2025-02-16 05:54:12";"2025-11-27 06:47:27";90.6699;710.5922;1;103;"2025-02-16 05:54:12";"2025-11-27 06:47:27";33;1
"user_1189";41;39;"2025-02-23 02:29:15";"2025-12-25 19:02:07";80.4146;631.561;1;41;"2025-02-23 02:29:15";"2025-12-25 19:02:07";5;0
"user_119";13;13;"2025-01-24 09:25:00";"2025-12-22 10:37:10";76.6154;611.4615;1;13;"2025-01-24 09:25:00";"2025-12-22 10:37:10";8;0
"user_1190";22;20;"2025-03-16 08:56:31";"2025-12-27 20:44:21";98.6818;778.0;1;22;"2025-03-16 08:56:31";"2025-12-27 20:44:21";3;0
"user_1191";67;53;"2025-01-24 09:07:33";"2025-08-23 11:46:36";90.403;757.3433;1;67;"2025-01-24 09:07:33";"2025-08-23 11:46:36";129;1
"user_1192";39;36;"2025-01-29 21:31:53";"2025-12-24 11:58:04";85.6154;663.6923;1;39;"2025-01-29 21:31:53";"2025-12-24 11:58:04";6;0
"user_1193";60;55;"2025-01-23 04:24:47";"2025-11-08 17:24:05";89.3833;719.7333;1;60;"2025-01-23 04:24:47";"2025-11-08 17:24:05";52;1
"user_1194";42;39;"2025-02-12 19:19:29";"2025-12-26 04:01:56";84.2143;675.619;1;42;"2025-02-12 19:19:29";"2025-12-26 04:01:56";4;0
"user_1195";91;83;"2025-02-17 08:38:09";"2025-12-21 17:22:03";87.9341;713.1209;1;91;"2025-02-17 08:38:09";"2025-12-21 17:22:03";9;0
"user_1196";16;16;"2025-02-28 01:26:37";"2025-12-18 16:41:50";94.6875;787.5;2;16;"2025-02-28 01:26:37";"2025-12-18 16:41:50";12;0
"user_1197";20;20;"2025-02-27 20:59:26";"2025-12-21 21:23:09";86.6;706.45;2;20;"2025-02-27 20:59:26";"2025-12-21 21:23:09";9;0
"user_1198";14;14;"2025-02-21 07:16:05";"2025-12-20 16:28:05";81.9286;638.8571;1;14;"2025-02-21 07:16:05";"2025-12-20 16:28:05";10;0
"user_1199";27;27;"2025-02-08 01:10:10";"2025-12-28 14:20:54";99.3333;800.8889;1;27;"2025-02-08 01:10:10";"2025-12-28 14:20:54";2;0
"user_12";15;14;"2025-02-21 20:48:49";"2025-12-24 11:41:36";89.5333;728.9333;1;15;"2025-02-21 20:48:49";"2025-12-24 11:41:36";6;0
"user_120";43;41;"2025-01-05 08:07:59";"2025-12-30 04:48:18";89.8605;724.3721;2;43;"2025-01-05 08:07:59";"2025-12-30 04:48:18";0;0
"user_1200";60;52;"2025-02-17 11:42:13";"2025-08-22 17:09:16";89.6667;709.9333;1;60;"2025-02-17 11:42:13";"2025-08-22 17:09:16";130;1
"user_1201";22;22;"2025-02-23 00:13:04";"2025-11-29 20:49:37";89.9091;756.5909;2;22;"2025-02-23 00:13:04";"2025-11-29 20:49:37";31;1
"user_1202";66;56;"2025-02-04 17:13:17";"2025-09-16 06:35:08";87.3636;712.6364;1;66;"2025-02-04 17:13:17";"2025-09-16 06:35:08";105;1
"user_1203";75;66;"2025-01-16 14:34:30";"2025-09-19 13:23:52";87.56;698.8;1;75;"2025-01-16 14:34:30";"2025-09-19 13:23:52";102;1
"user_1204";43;42;"2025-02-23 01:19:52";"2025-12-28 21:18:47";91.7907;713.907;2;43;"2025-02-23 01:19:52";"2025-12-28 21:18:47";2;0
"user_1205";57;50;"2025-02-06 00:23:24";"2025-12-29 17:44:35";90.6842;714.6316;2;57;"2025-02-06 00:23:24";"2025-12-29 17:44:35";1;0
"user_1206";29;27;"2025-03-02 10:27:46";"2025-12-25 20:09:38";90.069;726.6897;1;29;"2025-03-02 10:27:46";"2025-12-25 20:09:38";5;0
"user_1207";32;31;"2025-02-24 15:40:30";"2025-12-25 19:59:11";88.1875;715.5313;1;32;"2025-02-24 15:40:30";"2025-12-25 19:59:11";5;0
"user_1208";51;45;"2025-03-04 05:52:35";"2025-12-18 23:32:23";92.4118;759.9216;1;51;"2025-03-04 05:52:35";"2025-12-18 23:32:23";12;0
"user_1209";60;44;"2025-01-30 06:14:50";"2025-07-24 10:59:41";92.2333;741.5833;1;60;"2025-01-30 06:14:50";"2025-07-24 10:59:41";159;1
"user_121";20;18;"2025-02-08 02:39:11";"2025-12-10 02:16:50";92.5;751.7;2;20;"2025-02-08 02:39:11";"2025-12-10 02:16:50";20;0
"user_1210";16;16;"2025-02-08 16:10:05";"2025-10-08 10:56:40";98.3125;816.125;1;16;"2025-02-08 16:10:05";"2025-10-08 10:56:40";83;1
"user_1211";40;39;"2025-01-18 02:34:40";"2025-12-19 15:51:06";90.85;739.975;1;40;"2025-01-18 02:34:40";"2025-12-19 15:51:06";11;0
"user_1212";42;40;"2025-01-26 12:06:45";"2025-12-28 19:31:07";89.5238;710.4286;1;42;"2025-01-26 12:06:45";"2025-12-28 19:31:07";2;0
"user_1213";90;79;"2025-02-04 11:26:31";"2025-10-23 23:03:04";85.5667;689.8556;2;90;"2025-02-04 11:26:31";"2025-10-23 23:03:04";68;1
"user_1214";29;26;"2025-02-28 10:16:56";"2025-12-23 11:19:05";94.8966;790.6552;2;29;"2025-02-28 10:16:56";"2025-12-23 11:19:05";7;0
"user_1215";39;36;"2025-02-23 14:22:50";"2025-12-25 01:42:47";94.2821;762.7436;2;39;"2025-02-23 14:22:50";"2025-12-25 01:42:47";5;0
"user_1216";80;64;"2025-02-14 02:39:26";"2025-09-22 22:56:31";91.825;739.6;1;80;"2025-02-14 02:39:26";"2025-09-22 22:56:31";99;1
"user_1217";64;53;"2025-01-28 06:40:05";"2025-07-15 19:41:29";91.3281;734.9375;1;64;"2025-01-28 06:40:05";"2025-07-15 19:41:29";168;1
"user_1218";29;27;"2025-01-31 18:38:21";"2025-12-25 19:35:45";91.5172;718.5172;2;29;"2025-01-31 18:38:21";"2025-12-25 19:35:45";5;0
"user_1219";29;28;"2025-01-12 20:22:13";"2025-12-22 07:43:37";95.1379;774.3103;2;29;"2025-01-12 20:22:13";"2025-12-22 07:43:37";8;0
"user_122";18;16;"2025-03-15 04:33:28";"2025-11-12 23:11:30";84.9444;656.3889;2;18;"2025-03-15 04:33:28";"2025-11-12 23:11:30";48;1
"user_1220";76;65;"2025-01-31 11:09:15";"2025-09-08 20:35:51";91.3026;751.8816;1;76;"2025-01-31 11:09:15";"2025-09-08 20:35:51";113;1
"user_1221";17;16;"2025-02-11 18:47:29";"2025-12-16 01:55:20";92.2353;755.5882;2;17;"2025-02-11 18:47:29";"2025-12-16 01:55:20";14;0
"user_1222";64;54;"2025-01-09 19:09:47";"2025-07-29 05:43:51";86.9531;678.3906;2;64;"2025-01-09 19:09:47";"2025-07-29 05:43:51";154;1
"user_1223";52;47;"2025-02-24 14:40:18";"2025-12-28 23:07:42";86.8462;686.6154;2;52;"2025-02-24 14:40:18";"2025-12-28 23:07:42";2;0
"user_1224";15;15;"2025-01-12 10:39:50";"2025-12-26 10:59:47";88.2667;703.2;2;15;"2025-01-12 10:39:50";"2025-12-26 10:59:47";4;0
"user_1225";41;36;"2025-02-12 06:20:09";"2025-12-27 07:00:34";91.1707;727.4146;2;41;"2025-02-12 06:20:09";"2025-12-27 07:00:34";3;0
"user_1226";61;58;"2025-02-22 02:07:05";"2025-12-25 13:23:15";85.8361;690.4754;2;61;"2025-02-22 02:07:05";"2025-12-25 13:23:15";5;0
"user_1227";44;40;"2025-02-16 07:35:11";"2025-12-28 03:41:06";92.5455;706.4545;2;44;"2025-02-16 07:35:11";"2025-12-28 03:41:06";2;0
"user_1228";105;87;"2025-01-29 17:06:21";"2025-10-26 07:13:41";90.5238;718.2571;1;105;"2025-01-29 17:06:21";"2025-10-26 07:13:41";65;1
"user_1229";17;17;"2025-03-25 10:31:31";"2025-12-29 01:56:41";91.2941;800.4706;1;17;"2025-03-25 10:31:31";"2025-12-29 01:56:41";1;0
"user_123";44;41;"2025-02-12 18:09:05";"2025-12-19 18:10:29";90.8409;751.3864;2;44;"2025-02-12 18:09:05";"2025-12-19 18:10:29";11;0
"user_1230";30;30;"2025-02-17 07:30:37";"2025-12-20 03:32:16";90.8667;742.5333;1;30;"2025-02-17 07:30:37";"2025-12-20 03:32:16";10;0
"user_1231";10;10;"2025-02-03 01:21:49";"2025-12-25 04:56:58";96.1;758.3;1;10;"2025-02-03 01:21:49";"2025-12-25 04:56:58";5;0
"user_1232";88;74;"2025-01-25 18:45:50";"2025-12-22 08:50:07";86.6477;716.3295;1;88;"2025-01-25 18:45:50";"2025-12-22 08:50:07";8;0
"user_1233";126;105;"2025-01-11 22:09:48";"2025-12-30 01:21:37";89.1111;730.4206;2;126;"2025-01-11 22:09:48";"2025-12-30 01:21:37";0;0
"user_1234";65;58;"2025-02-22 08:35:12";"2025-09-25 03:32:57";89.7846;725.4308;2;65;"2025-02-22 08:35:12";"2025-09-25 03:32:57";96;1
"user_1235";26;26;"2025-02-18 17:01:16";"2025-12-18 12:00:41";94.0769;739.8462;2;26;"2025-02-18 17:01:16";"2025-12-18 12:00:41";12;0
"user_1236";50;49;"2025-01-08 05:01:25";"2025-12-24 00:33:10";92.82;732.24;1;50;"2025-01-08 05:01:25";"2025-12-24 00:33:10";6;0
"user_1237";19;19;"2025-01-24 20:32:26";"2025-11-04 08:15:49";93.3158;749.6842;1;19;"2025-01-24 20:32:26";"2025-11-04 08:15:49";56;1
"user_1238";66;60;"2025-01-10 16:35:59";"2025-12-29 10:29:12";89.7273;721.2424;2;66;"2025-01-10 16:35:59";"2025-12-29 10:29:12";1;0
"user_1239";17;17;"2025-02-23 01:51:34";"2025-12-27 15:49:52";103.3529;856.6471;1;17;"2025-02-23 01:51:34";"2025-12-27 15:49:52";3;0
"user_124";68;57;"2025-03-01 00:05:18";"2025-09-10 03:03:20";88.0735;708.2206;2;68;"2025-03-01 00:05:18";"2025-09-10 03:03:20";111;1
"user_1240";90;80;"2025-02-21 17:58:34";"2025-11-19 12:21:19";90.6111;722.6444;1;90;"2025-02-21 17:58:34";"2025-11-19 12:21:19";41;1
"user_1241";20;20;"2025-03-02 22:21:04";"2025-12-29 23:44:18";91.2;722.7;2;20;"2025-03-02 22:21:04";"2025-12-29 23:44:18";1;0
"user_1242";17;16;"2025-03-12 01:50:27";"2025-12-28 06:56:45";83.4706;669.1765;1;17;"2025-03-12 01:50:27";"2025-12-28 06:56:45";2;0
"user_1243";30;30;"2025-01-18 21:17:22";"2025-12-19 18:17:28";86.2667;702.2;2;30;"2025-01-18 21:17:22";"2025-12-19 18:17:28";11;0
"user_1244";25;24;"2025-01-14 14:19:49";"2025-12-25 09:44:22";93.2;796.56;2;25;"2025-01-14 14:19:49";"2025-12-25 09:44:22";5;0
"user_1245";21;20;"2025-03-09 03:04:23";"2025-11-20 06:21:40";90.2381;736.2381;1;21;"2025-03-09 03:04:23";"2025-11-20 06:21:40";40;1
"user_1246";50;47;"2025-01-07 13:56:03";"2025-12-22 13:35:51";91.34;730.24;1;50;"2025-01-07 13:56:03";"2025-12-22 13:35:51";8;0
"user_1247";62;54;"2025-02-22 02:30:31";"2025-08-30 11:46:33";89.4677;731.6613;1;62;"2025-02-22 02:30:31";"2025-08-30 11:46:33";122;1
"user_1248";62;51;"2025-01-03 00:08:34";"2025-07-19 14:34:32";89.6129;725.6129;2;62;"2025-01-03 00:08:34";"2025-07-19 14:34:32";164;1
"user_1249";10;10;"2025-04-02 04:52:44";"2025-09-18 09:06:29";83.8;735.0;2;10;"2025-04-02 04:52:44";"2025-09-18 09:06:29";103;1
"user_125";65;54;"2025-02-16 23:34:21";"2025-08-25 10:36:32";91.9077;723.8154;2;65;"2025-02-16 23:34:21";"2025-08-25 10:36:32";127;1
"user_1250";38;32;"2025-03-03 02:51:46";"2025-12-30 13:49:21";86.6053;690.0;2;38;"2025-03-03 02:51:46";"2025-12-30 13:49:21";0;0
"user_1251";22;22;"2025-01-18 05:31:34";"2025-11-29 22:47:18";86.6364;680.4091;2;22;"2025-01-18 05:31:34";"2025-11-29 22:47:18";31;1
"user_1252";59;51;"2025-01-24 14:50:04";"2025-12-23 12:49:26";92.339;756.4576;2;59;"2025-01-24 14:50:04";"2025-12-23 12:49:26";7;0
"user_1253";115;96;"2025-01-07 13:56:32";"2025-12-21 07:31:49";90.6348;744.287;1;115;"2025-01-07 13:56:32";"2025-12-21 07:31:49";9;0
"user_1254";66;52;"2025-01-14 01:36:27";"2025-07-01 04:49:11";86.9242;702.2424;1;66;"2025-01-14 01:36:27";"2025-07-01 04:49:11";182;1
"user_1255";35;33;"2025-01-24 03:49:58";"2025-12-26 20:51:10";91.1143;712.4571;1;35;"2025-01-24 03:49:58";"2025-12-26 20:51:10";4;0
"user_1256";39;37;"2025-02-26 15:48:25";"2025-12-19 10:58:38";85.6923;678.2564;1;39;"2025-02-26 15:48:25";"2025-12-19 10:58:38";11;0
"user_1257";66;52;"2025-01-26 13:22:28";"2025-07-04 05:03:44";92.3939;758.9091;1;66;"2025-01-26 13:22:28";"2025-07-04 05:03:44";179;1
"user_1258";41;39;"2025-02-14 15:59:25";"2025-12-28 19:47:37";95.0732;759.122;1;41;"2025-02-14 15:59:25";"2025-12-28 19:47:37";2;0
"user_1259";67;60;"2025-01-25 09:41:30";"2025-08-04 02:18:49";89.0896;727.6567;1;67;"2025-01-25 09:41:30";"2025-08-04 02:18:49";148;1
"user_126";49;46;"2025-01-22 16:15:16";"2025-12-30 23:04:08";91.5306;761.8367;1;49;"2025-01-22 16:15:16";"2025-12-30 23:04:08";0;0
"user_1260";44;40;"2025-02-19 09:17:01";"2025-12-29 16:51:22";88.8864;719.5909;2;44;"2025-02-19 09:17:01";"2025-12-29 16:51:22";1;0
"user_1261";71;64;"2025-01-27 02:19:39";"2025-08-28 05:50:33";87.7042;714.7746;2;71;"2025-01-27 02:19:39";"2025-08-28 05:50:33";124;1
"user_1262";25;25;"2025-01-21 16:58:05";"2025-12-23 21:49:07";87.16;720.64;1;25;"2025-01-21 16:58:05";"2025-12-23 21:49:07";7;0
"user_1263";50;47;"2025-01-20 14:58:47";"2025-12-26 08:15:12";87.78;690.5;1;50;"2025-01-20 14:58:47";"2025-12-26 08:15:12";4;0
"user_1264";50;46;"2025-01-27 05:02:23";"2025-12-22 04:49:01";82.6;651.5;2;50;"2025-01-27 05:02:23";"2025-12-22 04:49:01";8;0
"user_1265";86;75;"2025-03-02 07:19:06";"2025-12-02 20:41:27";88.814;703.1977;2;86;"2025-03-02 07:19:06";"2025-12-02 20:41:27";28;1
"user_1266";75;63;"2025-01-03 22:51:42";"2025-08-31 12:18:42";90.0533;718.4;2;75;"2025-01-03 22:51:42";"2025-08-31 12:18:42";121;1
"user_1267";51;44;"2025-02-22 05:51:07";"2025-12-27 13:57:38";88.8627;729.7451;2;51;"2025-02-22 05:51:07";"2025-12-27 13:57:38";3;0
"user_1268";41;41;"2025-02-23 07:30:48";"2025-12-20 11:35:51";85.9268;708.9268;1;41;"2025-02-23 07:30:48";"2025-12-20 11:35:51";10;0
"user_1269";43;42;"2025-02-20 17:01:16";"2025-12-22 23:13:29";95.2093;755.4651;1;43;"2025-02-20 17:01:16";"2025-12-22 23:13:29";8;0
"user_127";29;28;"2025-02-27 09:37:37";"2025-12-24 09:12:35";92.2069;740.1724;1;29;"2025-02-27 09:37:37";"2025-12-24 09:12:35";6;0
"user_1270";87;74;"2025-01-31 14:08:31";"2025-11-11 00:25:25";85.8161;689.7241;1;87;"2025-01-31 14:08:31";"2025-11-11 00:25:25";49;1
"user_1271";20;20;"2025-02-12 11:05:19";"2025-12-23 08:40:37";87.65;703.95;1;20;"2025-02-12 11:05:19";"2025-12-23 08:40:37";7;0
"user_1272";13;13;"2025-03-06 19:51:08";"2025-12-07 02:56:02";95.0769;768.5385;1;13;"2025-03-06 19:51:08";"2025-12-07 02:56:02";23;1
"user_1273";27;26;"2025-01-12 14:45:18";"2025-12-05 07:49:21";88.0741;730.7037;1;27;"2025-01-12 14:45:18";"2025-12-05 07:49:21";25;1
"user_1274";66;58;"2025-02-24 00:02:50";"2025-09-02 15:39:37";89.3182;716.1818;2;66;"2025-02-24 00:02:50";"2025-09-02 15:39:37";119;1
"user_1275";46;45;"2025-02-27 12:58:57";"2025-12-27 09:41:13";89.9348;738.6304;2;46;"2025-02-27 12:58:57";"2025-12-27 09:41:13";3;0
"user_1276";105;86;"2025-01-15 18:53:49";"2025-10-10 06:20:01";88.1429;698.8857;2;105;"2025-01-15 18:53:49";"2025-10-10 06:20:01";81;1
"user_1277";92;78;"2025-01-25 15:08:01";"2025-09-22 19:02:40";87.0109;686.7391;2;92;"2025-01-25 15:08:01";"2025-09-22 19:02:40";99;1
"user_1278";17;16;"2025-02-06 02:31:22";"2025-12-21 20:55:47";84.5882;741.0588;1;17;"2025-02-06 02:31:22";"2025-12-21 20:55:47";9;0
"user_1279";60;50;"2025-02-18 01:20:17";"2025-09-06 22:27:17";92.0;727.45;1;60;"2025-02-18 01:20:17";"2025-09-06 22:27:17";115;1
"user_128";33;32;"2025-01-16 22:35:42";"2025-12-27 06:03:39";86.9091;685.2121;1;33;"2025-01-16 22:35:42";"2025-12-27 06:03:39";3;0
"user_1280";48;45;"2025-02-15 02:44:04";"2025-12-19 04:24:24";92.9792;741.5;2;48;"2025-02-15 02:44:04";"2025-12-19 04:24:24";11;0
"user_1281";56;52;"2025-01-26 05:19:47";"2025-12-30 12:25:39";85.9286;689.6429;1;56;"2025-01-26 05:19:47";"2025-12-30 12:25:39";0;0
"user_1282";24;22;"2025-02-13 02:11:09";"2025-12-09 01:21:25";90.5417;747.9167;1;24;"2025-02-13 02:11:09";"2025-12-09 01:21:25";21;0
"user_1283";51;47;"2025-01-08 06:32:16";"2025-12-22 14:24:25";91.5294;756.0588;2;51;"2025-01-08 06:32:16";"2025-12-22 14:24:25";8;0
"user_1284";68;56;"2025-01-27 06:51:07";"2025-06-17 22:16:32";87.6912;706.8235;1;68;"2025-01-27 06:51:07";"2025-06-17 22:16:32";196;1
"user_1285";58;54;"2025-01-16 07:50:57";"2025-12-24 01:12:23";85.8276;688.1552;1;58;"2025-01-16 07:50:57";"2025-12-24 01:12:23";6;0
"user_1286";48;40;"2025-02-11 02:19:45";"2025-12-26 10:27:43";88.125;699.7708;1;48;"2025-02-11 02:19:45";"2025-12-26 10:27:43";4;0
"user_1287";73;62;"2025-01-25 20:20:30";"2025-09-25 09:44:56";93.9041;754.5205;1;73;"2025-01-25 20:20:30";"2025-09-25 09:44:56";96;1
"user_1288";47;44;"2025-02-11 02:42:18";"2025-12-27 04:44:51";90.7234;723.4468;1;47;"2025-02-11 02:42:18";"2025-12-27 04:44:51";3;0
"user_1289";101;90;"2025-02-09 15:21:01";"2025-12-30 05:59:45";88.6436;721.5545;1;101;"2025-02-09 15:21:01";"2025-12-30 05:59:45";0;0
"user_129";80;71;"2025-03-04 02:22:46";"2025-12-26 05:32:15";90.8875;732.725;2;80;"2025-03-04 02:22:46";"2025-12-26 05:32:15";4;0
"user_1290";91;74;"2025-01-18 07:44:07";"2025-09-02 06:31:04";90.1648;714.978;2;91;"2025-01-18 07:44:07";"2025-09-02 06:31:04";119;1
"user_1291";61;55;"2025-02-19 04:04:30";"2025-12-26 07:58:27";89.1639;708.9508;2;61;"2025-02-19 04:04:30";"2025-12-26 07:58:27";4;0
"user_1292";67;53;"2025-01-18 19:04:35";"2025-08-21 07:11:17";87.9254;690.209;1;67;"2025-01-18 19:04:35";"2025-08-21 07:11:17";131;1
"user_1293";53;46;"2025-03-05 01:35:36";"2025-12-20 02:54:48";91.7736;765.8679;1;53;"2025-03-05 01:35:36";"2025-12-20 02:54:48";10;0
"user_1294";29;28;"2025-01-17 18:22:22";"2025-11-25 01:21:09";92.1034;743.1724;1;29;"2025-01-17 18:22:22";"2025-11-25 01:21:09";35;1
"user_1295";21;20;"2025-03-03 05:15:28";"2025-11-26 09:37:21";85.9524;688.7619;2;21;"2025-03-03 05:15:28";"2025-11-26 09:37:21";34;1
"user_1296";96;75;"2025-02-24 19:35:26";"2025-12-20 14:03:26";87.0313;711.7292;2;96;"2025-02-24 19:35:26";"2025-12-20 14:03:26";10;0
"user_1297";62;55;"2025-01-24 14:02:08";"2025-08-10 01:20:12";89.5161;719.7419;1;62;"2025-01-24 14:02:08";"2025-08-10 01:20:12";142;1
"user_1298";95;82;"2025-01-22 12:13:05";"2025-10-22 07:33:16";90.2316;728.0632;1;95;"2025-01-22 12:13:05";"2025-10-22 07:33:16";69;1
"user_1299";61;58;"2025-01-15 00:25:49";"2025-12-24 00:17:47";86.3443;707.6885;2;61;"2025-01-15 00:25:49";"2025-12-24 00:17:47";6;0
"user_13";18;17;"2025-02-26 10:10:26";"2025-12-30 14:03:10";86.3889;688.4444;2;18;"2025-02-26 10:10:26";"2025-12-30 14:03:10";0;0
"user_130";43;37;"2025-03-04 22:09:29";"2025-11-25 01:24:52";83.7674;661.1628;2;43;"2025-03-04 22:09:29";"2025-11-25 01:24:52";35;1
"user_1300";16;16;"2025-04-05 03:27:13";"2025-12-17 23:19:46";91.125;733.6875;1;16;"2025-04-05 03:27:13";"2025-12-17 23:19:46";13;0
"user_1301";71;66;"2025-02-09 06:28:32";"2025-10-06 12:56:09";86.7042;686.2394;2;71;"2025-02-09 06:28:32";"2025-10-06 12:56:09";85;1
"user_1302";13;13;"2025-01-21 07:53:26";"2025-12-02 22:11:54";87.1538;713.5385;2;13;"2025-01-21 07:53:26";"2025-12-02 22:11:54";28;1
"user_1303";64;59;"2025-01-02 10:54:57";"2025-07-18 02:23:09";91.1406;723.9531;1;64;"2025-01-02 10:54:57";"2025-07-18 02:23:09";165;1
"user_1304";56;52;"2025-01-20 05:36:30";"2025-12-25 12:36:42";87.9107;708.5179;2;56;"2025-01-20 05:36:30";"2025-12-25 12:36:42";5;0
"user_1305";24;22;"2025-02-04 03:38:35";"2025-12-13 03:33:57";88.2083;707.2083;2;24;"2025-02-04 03:38:35";"2025-12-13 03:33:57";17;0
"user_1306";14;14;"2025-03-26 15:25:28";"2025-12-28 20:32:49";89.0;719.5714;2;14;"2025-03-26 15:25:28";"2025-12-28 20:32:49";2;0
"user_1307";34;32;"2025-01-04 12:30:20";"2025-12-20 05:13:24";86.7647;686.5588;2;34;"2025-01-04 12:30:20";"2025-12-20 05:13:24";10;0
"user_1308";21;21;"2025-03-17 00:29:35";"2025-12-23 22:37:43";82.0;672.7143;2;21;"2025-03-17 00:29:35";"2025-12-23 22:37:43";7;0
"user_1309";48;44;"2025-01-10 11:30:50";"2025-12-30 20:24:30";87.9375;700.6458;2;48;"2025-01-10 11:30:50";"2025-12-30 20:24:30";0;0
"user_131";52;48;"2025-01-11 07:29:48";"2025-12-16 19:58:22";89.7308;735.75;2;52;"2025-01-11 07:29:48";"2025-12-16 19:58:22";14;0
"user_1310";25;25;"2025-02-27 12:02:15";"2025-12-22 14:23:53";90.2;735.44;2;25;"2025-02-27 12:02:15";"2025-12-22 14:23:53";8;0
"user_1311";64;54;"2025-01-15 07:16:43";"2025-07-27 14:02:40";88.1406;709.6094;2;64;"2025-01-15 07:16:43";"2025-07-27 14:02:40";156;1
"user_1312";14;14;"2025-01-25 20:38:03";"2025-12-14 22:44:36";87.7143;722.7857;2;14;"2025-01-25 20:38:03";"2025-12-14 22:44:36";16;0
"user_1313";54;53;"2025-01-29 09:16:25";"2025-12-25 00:57:44";87.2407;706.0926;2;54;"2025-01-29 09:16:25";"2025-12-25 00:57:44";5;0
"user_1314";25;25;"2025-02-12 21:19:17";"2025-12-12 20:37:00";90.92;756.76;1;25;"2025-02-12 21:19:17";"2025-12-12 20:37:00";18;0
"user_1315";54;51;"2025-02-08 10:39:46";"2025-12-26 10:10:10";87.2407;720.3704;1;54;"2025-02-08 10:39:46";"2025-12-26 10:10:10";4;0
"user_1316";46;40;"2025-02-09 01:24:25";"2025-11-26 03:23:48";90.3043;716.6087;2;46;"2025-02-09 01:24:25";"2025-11-26 03:23:48";34;1
"user_1317";46;42;"2025-02-13 11:45:40";"2025-12-19 19:58:40";89.6739;749.7826;2;46;"2025-02-13 11:45:40";"2025-12-19 19:58:40";11;0
"user_1318";25;23;"2025-02-28 15:18:29";"2025-12-29 14:57:02";92.12;687.0;2;25;"2025-02-28 15:18:29";"2025-12-29 14:57:02";1;0
"user_1319";61;50;"2025-02-22 09:56:20";"2025-09-01 13:29:20";85.8197;699.4426;1;61;"2025-02-22 09:56:20";"2025-09-01 13:29:20";120;1
"user_132";69;60;"2025-01-22 10:57:10";"2025-07-31 06:01:12";89.6087;744.2899;1;69;"2025-01-22 10:57:10";"2025-07-31 06:01:12";152;1
"user_1320";84;68;"2025-01-25 06:23:50";"2025-10-09 02:13:43";89.3571;709.5952;2;84;"2025-01-25 06:23:50";"2025-10-09 02:13:43";82;1
"user_1321";121;106;"2025-01-18 03:14:37";"2025-12-18 22:54:31";92.7521;756.9339;2;121;"2025-01-18 03:14:37";"2025-12-18 22:54:31";12;0
"user_1322";75;63;"2025-03-04 13:39:25";"2025-10-11 17:19:44";90.0;714.1067;2;75;"2025-03-04 13:39:25";"2025-10-11 17:19:44";80;1
"user_1323";17;17;"2025-02-26 05:31:07";"2025-12-28 13:56:50";83.1176;679.6471;1;17;"2025-02-26 05:31:07";"2025-12-28 13:56:50";2;0
"user_1324";71;61;"2025-01-05 01:21:50";"2025-08-01 06:18:29";84.8451;683.4507;2;71;"2025-01-05 01:21:50";"2025-08-01 06:18:29";151;1
"user_1325";6;6;"2025-03-28 22:06:43";"2025-11-22 03:26:44";100.6667;869.0;1;6;"2025-03-28 22:06:43";"2025-11-22 03:26:44";38;1
"user_1326";54;50;"2025-01-08 07:46:32";"2025-12-27 15:48:41";85.7037;689.6667;2;54;"2025-01-08 07:46:32";"2025-12-27 15:48:41";3;0
"user_1327";68;59;"2025-02-20 20:53:36";"2025-09-16 09:53:20";92.3824;738.4412;1;68;"2025-02-20 20:53:36";"2025-09-16 09:53:20";105;1
"user_1328";25;25;"2025-02-02 00:27:27";"2025-12-27 04:43:10";85.64;687.4;1;25;"2025-02-02 00:27:27";"2025-12-27 04:43:10";3;0
"user_1329";26;24;"2025-02-09 09:38:36";"2025-12-29 12:38:53";94.8462;787.4615;1;26;"2025-02-09 09:38:36";"2025-12-29 12:38:53";1;0
"user_133";69;58;"2025-02-21 23:07:01";"2025-07-29 17:03:10";92.7391;727.8841;1;69;"2025-02-21 23:07:01";"2025-07-29 17:03:10";154;1
"user_1330";41;37;"2025-03-03 15:26:13";"2025-12-29 08:49:02";88.0;717.6098;1;41;"2025-03-03 15:26:13";"2025-12-29 08:49:02";1;0
"user_1331";44;42;"2025-02-20 01:30:19";"2025-12-13 19:35:33";89.4773;727.6136;1;44;"2025-02-20 01:30:19";"2025-12-13 19:35:33";17;0
"user_1332";32;31;"2025-01-21 04:55:40";"2025-12-25 01:32:39";87.5313;703.2813;2;32;"2025-01-21 04:55:40";"2025-12-25 01:32:39";5;0
"user_1333";92;80;"2025-01-02 23:45:12";"2025-11-12 08:50:59";92.7174;750.5109;2;92;"2025-01-02 23:45:12";"2025-11-12 08:50:59";48;1
"user_1334";19;19;"2025-02-15 12:15:47";"2025-12-06 16:58:10";90.3684;744.8421;2;19;"2025-02-15 12:15:47";"2025-12-06 16:58:10";24;1
"user_1335";15;15;"2025-02-10 02:27:49";"2025-12-16 14:22:11";91.7333;718.8667;2;15;"2025-02-10 02:27:49";"2025-12-16 14:22:11";14;0
"user_1336";19;19;"2025-03-21 09:32:42";"2025-11-28 01:33:33";83.6316;650.2632;2;19;"2025-03-21 09:32:42";"2025-11-28 01:33:33";32;1
"user_1337";61;49;"2025-01-07 17:45:07";"2025-06-26 16:00:44";94.4262;771.4098;2;61;"2025-01-07 17:45:07";"2025-06-26 16:00:44";187;1
"user_1338";19;18;"2025-03-03 10:14:39";"2025-12-14 08:19:50";92.9474;767.8947;1;19;"2025-03-03 10:14:39";"2025-12-14 08:19:50";16;0
"user_1339";86;75;"2025-03-03 08:25:20";"2025-11-09 17:42:03";93.4535;746.4651;1;86;"2025-03-03 08:25:20";"2025-11-09 17:42:03";51;1
"user_134";58;52;"2025-02-24 17:43:30";"2025-12-18 18:35:19";90.0172;733.5172;1;58;"2025-02-24 17:43:30";"2025-12-18 18:35:19";12;0
"user_1340";67;60;"2025-02-22 23:56:05";"2025-09-18 23:24:36";88.7463;700.6567;2;67;"2025-02-22 23:56:05";"2025-09-18 23:24:36";103;1
"user_1341";77;64;"2025-02-07 11:01:17";"2025-10-02 23:50:02";89.6104;717.2208;1;77;"2025-02-07 11:01:17";"2025-10-02 23:50:02";89;1
"user_1342";56;54;"2025-02-08 07:05:25";"2025-12-20 09:41:52";87.7857;709.3036;2;56;"2025-02-08 07:05:25";"2025-12-20 09:41:52";10;0
"user_1343";26;26;"2025-02-22 17:17:19";"2025-11-22 06:50:42";91.8846;747.2692;1;26;"2025-02-22 17:17:19";"2025-11-22 06:50:42";38;1
"user_1344";40;38;"2025-01-14 02:07:36";"2025-12-29 02:57:21";89.675;703.85;2;40;"2025-01-14 02:07:36";"2025-12-29 02:57:21";1;0
"user_1345";31;29;"2025-01-03 02:53:11";"2025-12-19 01:20:21";86.6452;708.9677;1;31;"2025-01-03 02:53:11";"2025-12-19 01:20:21";11;0
"user_1346";37;35;"2025-03-14 09:02:47";"2025-12-29 18:44:06";93.8108;759.6757;2;37;"2025-03-14 09:02:47";"2025-12-29 18:44:06";1;0
"user_1347";53;48;"2025-02-28 12:25:50";"2025-12-09 21:51:09";87.0943;712.8302;1;53;"2025-02-28 12:25:50";"2025-12-09 21:51:09";21;0
"user_1348";45;40;"2025-02-08 00:56:55";"2025-12-19 07:45:16";87.6444;710.7111;2;45;"2025-02-08 00:56:55";"2025-12-19 07:45:16";11;0
"user_1349";17;16;"2025-02-28 13:30:29";"2025-12-22 14:48:08";86.3529;682.8235;1;17;"2025-02-28 13:30:29";"2025-12-22 14:48:08";8;0
"user_135";14;13;"2025-03-19 03:31:08";"2025-11-20 08:34:37";96.7143;812.7857;1;14;"2025-03-19 03:31:08";"2025-11-20 08:34:37";40;1
"user_1350";81;73;"2025-02-01 22:55:56";"2025-10-17 20:45:17";88.9753;715.679;1;81;"2025-02-01 22:55:56";"2025-10-17 20:45:17";74;1
"user_1351";26;24;"2025-02-25 12:30:13";"2025-12-27 21:06:52";97.8077;804.4231;1;26;"2025-02-25 12:30:13";"2025-12-27 21:06:52";3;0
"user_1352";43;41;"2025-02-19 07:39:24";"2025-12-19 16:25:33";93.6977;749.7209;2;43;"2025-02-19 07:39:24";"2025-12-19 16:25:33";11;0
"user_1353";30;28;"2025-03-05 04:50:26";"2025-12-27 05:23:59";85.0667;694.5333;2;30;"2025-03-05 04:50:26";"2025-12-27 05:23:59";3;0
"user_1354";24;23;"2025-02-26 04:28:27";"2025-12-12 03:46:47";95.9583;777.5;2;24;"2025-02-26 04:28:27";"2025-12-12 03:46:47";18;0
"user_1355";48;44;"2025-02-06 10:47:32";"2025-12-25 11:04:00";93.9375;758.8542;1;48;"2025-02-06 10:47:32";"2025-12-25 11:04:00";5;0
"user_1356";16;16;"2025-01-16 02:13:53";"2025-12-10 08:20:08";86.875;671.0;2;16;"2025-01-16 02:13:53";"2025-12-10 08:20:08";20;0
"user_1357";12;12;"2025-03-21 15:34:06";"2025-11-29 21:35:02";92.5833;724.0;2;12;"2025-03-21 15:34:06";"2025-11-29 21:35:02";31;1
"user_1358";46;44;"2025-01-22 06:44:34";"2025-12-25 01:00:13";82.6522;662.587;1;46;"2025-01-22 06:44:34";"2025-12-25 01:00:13";5;0
"user_1359";66;54;"2025-01-02 20:07:53";"2025-07-23 16:04:16";88.6061;715.1818;2;66;"2025-01-02 20:07:53";"2025-07-23 16:04:16";160;1
"user_136";47;44;"2025-01-29 02:17:40";"2025-12-25 20:48:28";87.0213;696.8298;2;47;"2025-01-29 02:17:40";"2025-12-25 20:48:28";5;0
"user_1360";42;39;"2025-01-29 20:51:10";"2025-12-21 21:28:35";89.8333;714.4762;2;42;"2025-01-29 20:51:10";"2025-12-21 21:28:35";9;0
"user_1361";17;17;"2025-03-09 03:15:17";"2025-12-30 06:26:16";101.2941;808.9412;1;17;"2025-03-09 03:15:17";"2025-12-30 06:26:16";0;0
"user_1362";88;74;"2025-01-24 19:22:02";"2025-11-10 09:35:04";87.3864;695.9318;2;88;"2025-01-24 19:22:02";"2025-11-10 09:35:04";50;1
"user_1363";44;42;"2025-01-24 12:10:55";"2025-12-29 12:29:54";91.7273;740.7727;2;44;"2025-01-24 12:10:55";"2025-12-29 12:29:54";1;0
"user_1364";48;43;"2025-02-14 17:47:05";"2025-12-30 03:29:23";90.6458;697.4167;1;48;"2025-02-14 17:47:05";"2025-12-30 03:29:23";0;0
"user_1365";30;29;"2025-02-22 11:51:34";"2025-12-24 23:35:07";82.3667;678.8667;1;30;"2025-02-22 11:51:34";"2025-12-24 23:35:07";6;0
"user_1366";68;54;"2025-02-21 22:50:40";"2025-09-05 15:28:34";92.0;733.2794;2;68;"2025-02-21 22:50:40";"2025-09-05 15:28:34";116;1
"user_1367";21;19;"2025-02-10 11:52:03";"2025-12-14 23:15:01";97.7143;829.619;1;21;"2025-02-10 11:52:03";"2025-12-14 23:15:01";16;0
"user_1368";19;19;"2025-03-26 16:59:42";"2025-12-09 09:20:16";88.3158;702.6316;1;19;"2025-03-26 16:59:42";"2025-12-09 09:20:16";21;0
"user_1369";60;51;"2025-02-05 00:11:18";"2025-07-11 23:11:23";90.2333;734.4;1;60;"2025-02-05 00:11:18";"2025-07-11 23:11:23";172;1
"user_137";37;34;"2025-03-07 03:04:03";"2025-12-22 08:20:59";92.8649;737.7838;1;37;"2025-03-07 03:04:03";"2025-12-22 08:20:59";8;0
"user_1370";79;64;"2025-02-08 05:05:33";"2025-09-01 15:37:15";88.6709;715.0886;1;79;"2025-02-08 05:05:33";"2025-09-01 15:37:15";120;1
"user_1371";21;19;"2025-03-09 22:14:28";"2025-12-18 18:55:17";85.0952;694.1429;2;21;"2025-03-09 22:14:28";"2025-12-18 18:55:17";12;0
"user_1372";63;55;"2025-02-05 21:06:19";"2025-07-29 15:07:34";92.1111;745.6349;1;63;"2025-02-05 21:06:19";"2025-07-29 15:07:34";154;1
"user_1373";26;25;"2025-02-28 16:51:32";"2025-12-28 20:27:45";83.8077;644.7308;1;26;"2025-02-28 16:51:32";"2025-12-28 20:27:45";2;0
"user_1374";36;33;"2025-03-14 04:46:50";"2025-12-30 11:54:47";85.3333;689.7222;2;36;"2025-03-14 04:46:50";"2025-12-30 11:54:47";0;0
"user_1375";68;60;"2025-01-23 00:02:59";"2025-07-19 23:08:38";92.0588;716.8235;1;68;"2025-01-23 00:02:59";"2025-07-19 23:08:38";164;1
"user_1376";15;15;"2025-03-05 12:18:23";"2025-12-08 13:49:50";90.8;716.3333;1;15;"2025-03-05 12:18:23";"2025-12-08 13:49:50";22;1
"user_1377";42;41;"2025-02-09 21:32:08";"2025-12-11 09:40:02";91.9286;749.9524;2;42;"2025-02-09 21:32:08";"2025-12-11 09:40:02";19;0
"user_1378";47;44;"2025-02-12 02:24:38";"2025-12-26 17:06:42";86.5106;692.6809;1;47;"2025-02-12 02:24:38";"2025-12-26 17:06:42";4;0
"user_1379";46;37;"2025-01-24 00:52:51";"2025-12-28 04:48:30";90.8913;719.2826;1;46;"2025-01-24 00:52:51";"2025-12-28 04:48:30";2;0
"user_138";27;26;"2025-01-28 19:42:54";"2025-12-25 03:25:11";89.4444;721.3333;1;27;"2025-01-28 19:42:54";"2025-12-25 03:25:11";5;0
"user_1380";51;47;"2025-02-03 17:45:39";"2025-12-07 17:24:10";89.9412;715.451;1;51;"2025-02-03 17:45:39";"2025-12-07 17:24:10";23;1
"user_1381";69;56;"2025-01-03 03:04:01";"2025-07-06 13:53:37";92.4638;729.5942;1;69;"2025-01-03 03:04:01";"2025-07-06 13:53:37";177;1
"user_1382";51;49;"2025-01-23 23:01:28";"2025-12-22 02:16:18";86.2353;701.6275;2;51;"2025-01-23 23:01:28";"2025-12-22 02:16:18";8;0
"user_1383";14;14;"2025-02-05 10:22:57";"2025-12-30 23:48:24";81.2143;663.6429;1;14;"2025-02-05 10:22:57";"2025-12-30 23:48:24";0;0
"user_1384";87;72;"2025-02-27 17:27:03";"2025-12-07 16:51:20";89.0805;705.3448;1;87;"2025-02-27 17:27:03";"2025-12-07 16:51:20";23;1
"user_1385";24;23;"2025-02-12 19:26:23";"2025-12-15 08:09:33";81.0417;675.25;1;24;"2025-02-12 19:26:23";"2025-12-15 08:09:33";15;0
"user_1386";47;44;"2025-03-07 12:22:51";"2025-12-20 23:30:18";86.0;706.4043;2;47;"2025-03-07 12:22:51";"2025-12-20 23:30:18";10;0
"user_1387";33;33;"2025-03-02 01:20:06";"2025-12-29 03:56:50";86.4848;670.3636;1;33;"2025-03-02 01:20:06";"2025-12-29 03:56:50";1;0
"user_1388";99;92;"2025-01-29 05:18:13";"2025-11-18 09:21:53";84.1414;658.1212;1;99;"2025-01-29 05:18:13";"2025-11-18 09:21:53";42;1
"user_1389";17;17;"2025-02-23 00:00:16";"2025-12-29 15:26:43";97.5882;772.4118;2;17;"2025-02-23 00:00:16";"2025-12-29 15:26:43";1;0
"user_139";45;43;"2025-03-10 00:09:43";"2025-12-22 22:04:44";89.6;717.9333;2;45;"2025-03-10 00:09:43";"2025-12-22 22:04:44";8;0
"user_1390";45;42;"2025-01-29 18:40:07";"2025-12-28 13:47:10";85.9333;709.7333;2;45;"2025-01-29 18:40:07";"2025-12-28 13:47:10";2;0
"user_1391";70;57;"2025-01-21 02:27:01";"2025-08-05 20:34:24";86.8;700.4;2;70;"2025-01-21 02:27:01";"2025-08-05 20:34:24";147;1
"user_1392";106;92;"2025-01-17 10:14:54";"2025-12-29 19:30:50";89.4434;721.7075;1;106;"2025-01-17 10:14:54";"2025-12-29 19:30:50";1;0
"user_1393";67;56;"2025-01-20 01:13:25";"2025-08-25 23:52:43";89.2388;714.0;1;67;"2025-01-20 01:13:25";"2025-08-25 23:52:43";127;1
"user_1394";47;44;"2025-03-02 12:52:03";"2025-12-29 20:14:18";88.617;702.4894;2;47;"2025-03-02 12:52:03";"2025-12-29 20:14:18";1;0
"user_1395";47;41;"2025-02-11 14:16:06";"2025-12-26 19:47:33";90.8936;717.8723;1;47;"2025-02-11 14:16:06";"2025-12-26 19:47:33";4;0
"user_1396";17;17;"2025-02-21 13:59:21";"2025-12-28 16:20:53";82.4706;684.1176;2;17;"2025-02-21 13:59:21";"2025-12-28 16:20:53";2;0
"user_1397";54;46;"2025-01-17 09:01:41";"2025-12-22 22:41:17";90.3333;712.5185;1;54;"2025-01-17 09:01:41";"2025-12-22 22:41:17";8;0
"user_1398";70;60;"2025-02-03 19:17:06";"2025-09-16 00:21:50";91.5429;731.3429;2;70;"2025-02-03 19:17:06";"2025-09-16 00:21:50";105;1
"user_1399";54;52;"2025-01-16 13:28:10";"2025-12-25 06:49:27";91.8519;729.9444;2;54;"2025-01-16 13:28:10";"2025-12-25 06:49:27";5;0
"user_14";106;89;"2025-01-07 17:05:21";"2025-11-27 15:45:08";88.2264;718.7453;2;106;"2025-01-07 17:05:21";"2025-11-27 15:45:08";33;1
"user_140";18;17;"2025-01-08 14:25:13";"2025-12-30 08:02:10";83.7222;656.2778;1;18;"2025-01-08 14:25:13";"2025-12-30 08:02:10";0;0
"user_1400";20;20;"2025-03-21 01:00:02";"2025-12-19 13:52:08";98.5;764.05;2;20;"2025-03-21 01:00:02";"2025-12-19 13:52:08";11;0
"user_1401";113;94;"2025-02-06 09:03:04";"2025-12-27 14:11:45";93.2389;747.4071;1;113;"2025-02-06 09:03:04";"2025-12-27 14:11:45";3;0
"user_1402";66;62;"2025-01-04 02:42:38";"2025-09-28 11:19:49";87.2424;696.8333;2;66;"2025-01-04 02:42:38";"2025-09-28 11:19:49";93;1
"user_1403";61;46;"2025-03-02 20:31:57";"2025-08-10 14:31:10";92.918;734.4098;2;61;"2025-03-02 20:31:57";"2025-08-10 14:31:10";142;1
"user_1404";16;15;"2025-02-18 05:18:34";"2025-12-28 12:06:11";90.3125;742.125;1;16;"2025-02-18 05:18:34";"2025-12-28 12:06:11";2;0
"user_1405";21;20;"2025-02-25 16:51:34";"2025-12-18 20:12:08";87.0476;718.0;2;21;"2025-02-25 16:51:34";"2025-12-18 20:12:08";12;0
"user_1406";46;42;"2025-01-14 00:13:10";"2025-12-29 18:05:19";90.6957;737.9348;2;46;"2025-01-14 00:13:10";"2025-12-29 18:05:19";1;0
"user_1407";30;29;"2025-03-06 07:16:38";"2025-12-26 11:59:42";93.8;762.9667;2;30;"2025-03-06 07:16:38";"2025-12-26 11:59:42";4;0
"user_1408";37;35;"2025-02-10 02:34:57";"2025-12-20 09:30:25";89.1351;720.2432;1;37;"2025-02-10 02:34:57";"2025-12-20 09:30:25";10;0
"user_1409";50;47;"2025-02-13 17:52:51";"2025-12-27 14:59:12";88.34;693.34;1;50;"2025-02-13 17:52:51";"2025-12-27 14:59:12";3;0
"user_141";12;12;"2025-01-21 14:37:52";"2025-12-07 06:11:21";91.4167;729.75;1;12;"2025-01-21 14:37:52";"2025-12-07 06:11:21";23;1
"user_1410";14;14;"2025-03-22 11:07:41";"2025-12-13 22:39:34";89.6429;683.2143;1;14;"2025-03-22 11:07:41";"2025-12-13 22:39:34";17;0
"user_1411";61;52;"2025-02-09 09:03:37";"2025-08-03 17:54:46";89.541;695.4754;1;61;"2025-02-09 09:03:37";"2025-08-03 17:54:46";149;1
"user_1412";60;53;"2025-02-27 17:38:16";"2025-09-16 07:30:56";93.0333;732.3333;2;60;"2025-02-27 17:38:16";"2025-09-16 07:30:56";105;1
"user_1413";94;73;"2025-02-17 18:27:22";"2025-12-27 20:23:07";86.3404;699.4681;1;94;"2025-02-17 18:27:22";"2025-12-27 20:23:07";3;0
"user_1414";62;50;"2025-02-20 10:57:45";"2025-07-21 12:46:19";90.2258;739.8387;2;62;"2025-02-20 10:57:45";"2025-07-21 12:46:19";162;1
"user_1415";42;40;"2025-01-31 15:19:29";"2025-12-27 16:28:29";89.381;707.7619;1;42;"2025-01-31 15:19:29";"2025-12-27 16:28:29";3;0
"user_1416";19;18;"2025-01-16 16:34:25";"2025-12-20 14:21:19";88.5263;715.7368;2;19;"2025-01-16 16:34:25";"2025-12-20 14:21:19";10;0
"user_1417";71;63;"2025-02-21 17:43:23";"2025-08-24 22:06:39";92.8451;754.9014;2;71;"2025-02-21 17:43:23";"2025-08-24 22:06:39";128;1
"user_1418";78;68;"2025-02-10 00:57:34";"2025-09-29 12:55:08";82.2821;665.0769;1;78;"2025-02-10 00:57:34";"2025-09-29 12:55:08";92;1
"user_1419";50;47;"2025-01-24 17:32:37";"2025-12-27 13:07:15";90.56;745.18;1;50;"2025-01-24 17:32:37";"2025-12-27 13:07:15";3;0
"user_142";88;73;"2025-03-07 20:49:34";"2025-10-31 11:12:57";84.6023;688.9091;2;88;"2025-03-07 20:49:34";"2025-10-31 11:12:57";60;1
"user_1420";16;16;"2025-03-03 20:30:43";"2025-12-02 21:44:40";83.875;666.9375;1;16;"2025-03-03 20:30:43";"2025-12-02 21:44:40";28;1
"user_1421";52;44;"2025-02-09 17:12:48";"2025-12-23 23:47:05";90.2308;729.0769;2;52;"2025-02-09 17:12:48";"2025-12-23 23:47:05";7;0
"user_1422";36;35;"2025-02-05 23:56:55";"2025-12-17 08:10:23";84.4722;661.7778;1;36;"2025-02-05 23:56:55";"2025-12-17 08:10:23";13;0
"user_1423";60;52;"2025-01-17 05:15:58";"2025-07-27 22:28:14";87.6167;714.0;2;60;"2025-01-17 05:15:58";"2025-07-27 22:28:14";156;1
"user_1424";97;79;"2025-01-06 05:45:05";"2025-09-22 04:53:45";87.4021;703.2577;1;97;"2025-01-06 05:45:05";"2025-09-22 04:53:45";99;1
"user_1425";22;22;"2025-02-08 19:41:01";"2025-12-16 07:46:54";93.6364;745.7727;1;22;"2025-02-08 19:41:01";"2025-12-16 07:46:54";14;0
"user_1426";14;13;"2025-03-14 03:27:24";"2025-10-29 05:04:00";88.8571;689.8571;2;14;"2025-03-14 03:27:24";"2025-10-29 05:04:00";62;1
"user_1427";77;66;"2025-01-09 18:43:56";"2025-09-29 23:16:13";90.3377;733.8312;2;77;"2025-01-09 18:43:56";"2025-09-29 23:16:13";92;1
"user_1428";17;16;"2025-01-20 18:05:42";"2025-12-30 12:22:40";87.1765;684.8824;2;17;"2025-01-20 18:05:42";"2025-12-30 12:22:40";0;0
"user_1429";45;40;"2025-03-05 07:32:39";"2025-12-20 18:00:19";84.3111;677.5556;1;45;"2025-03-05 07:32:39";"2025-12-20 18:00:19";10;0
"user_143";50;44;"2025-01-11 23:25:50";"2025-12-25 15:26:38";92.04;770.18;1;50;"2025-01-11 23:25:50";"2025-12-25 15:26:38";5;0
"user_1430";11;11;"2025-01-30 05:06:20";"2025-12-07 21:46:56";73.6364;590.7273;1;11;"2025-01-30 05:06:20";"2025-12-07 21:46:56";23;1
"user_1431";43;42;"2025-02-10 13:07:43";"2025-12-26 08:14:06";90.3023;747.9535;1;43;"2025-02-10 13:07:43";"2025-12-26 08:14:06";4;0
"user_1432";48;47;"2025-01-16 20:23:02";"2025-12-22 13:54:33";87.1042;700.7917;1;48;"2025-01-16 20:23:02";"2025-12-22 13:54:33";8;0
"user_1433";56;50;"2025-01-25 18:09:22";"2025-12-27 10:35:27";87.125;713.4107;2;56;"2025-01-25 18:09:22";"2025-12-27 10:35:27";3;0
"user_1434";17;17;"2025-02-28 23:55:22";"2025-11-11 02:43:48";83.4706;630.4706;1;17;"2025-02-28 23:55:22";"2025-11-11 02:43:48";49;1
"user_1435";68;57;"2025-02-22 09:08:02";"2025-09-12 15:08:31";88.7647;726.5735;2;68;"2025-02-22 09:08:02";"2025-09-12 15:08:31";109;1
"user_1436";63;56;"2025-02-08 03:41:10";"2025-08-24 05:46:29";93.8571;758.254;1;63;"2025-02-08 03:41:10";"2025-08-24 05:46:29";128;1
"user_1437";60;57;"2025-02-01 11:48:51";"2025-12-28 11:53:31";93.2;713.3667;1;60;"2025-02-01 11:48:51";"2025-12-28 11:53:31";2;0
"user_1438";20;20;"2025-02-15 16:03:09";"2025-11-29 07:24:49";91.2;719.65;1;20;"2025-02-15 16:03:09";"2025-11-29 07:24:49";31;1
"user_1439";60;56;"2025-01-17 06:00:01";"2025-08-01 21:20:13";86.1667;717.65;1;60;"2025-01-17 06:00:01";"2025-08-01 21:20:13";151;1
"user_144";55;52;"2025-01-24 11:35:07";"2025-12-30 00:17:50";87.8182;709.5091;2;55;"2025-01-24 11:35:07";"2025-12-30 00:17:50";0;0
"user_1440";24;23;"2025-02-14 13:19:53";"2025-12-20 02:44:26";90.8333;705.375;2;24;"2025-02-14 13:19:53";"2025-12-20 02:44:26";10;0
"user_1441";24;24;"2025-02-18 01:28:41";"2025-12-18 04:04:16";87.1667;697.2083;2;24;"2025-02-18 01:28:41";"2025-12-18 04:04:16";12;0
"user_1442";78;70;"2025-02-18 16:35:08";"2025-11-24 21:01:53";92.4359;750.9744;1;78;"2025-02-18 16:35:08";"2025-11-24 21:01:53";36;1
"user_1443";29;27;"2025-01-10 08:44:15";"2025-12-28 03:51:52";96.069;779.3103;2;29;"2025-01-10 08:44:15";"2025-12-28 03:51:52";2;0
"user_1444";49;47;"2025-03-07 12:21:55";"2025-12-14 22:29:29";88.6122;711.9592;2;49;"2025-03-07 12:21:55";"2025-12-14 22:29:29";16;0
"user_1445";10;10;"2025-02-07 18:30:50";"2025-12-26 00:37:22";86.2;634.1;1;10;"2025-02-07 18:30:50";"2025-12-26 00:37:22";4;0
"user_1446";74;62;"2025-02-05 23:40:46";"2025-08-30 12:37:11";89.2027;724.1757;1;74;"2025-02-05 23:40:46";"2025-08-30 12:37:11";122;1
"user_1447";26;25;"2025-02-05 01:44:00";"2025-12-10 14:06:42";93.7308;756.1538;1;26;"2025-02-05 01:44:00";"2025-12-10 14:06:42";20;0
"user_1448";16;15;"2025-01-23 01:04:38";"2025-12-27 06:19:01";85.875;691.1875;2;16;"2025-01-23 01:04:38";"2025-12-27 06:19:01";3;0
"user_1449";20;17;"2025-01-09 07:20:42";"2025-12-18 09:35:39";83.3;680.35;2;20;"2025-01-09 07:20:42";"2025-12-18 09:35:39";12;0
"user_145";70;60;"2025-02-26 01:52:00";"2025-11-10 19:32:00";92.5286;738.9;2;70;"2025-02-26 01:52:00";"2025-11-10 19:32:00";50;1
"user_1450";23;23;"2025-03-17 00:54:01";"2025-11-12 15:57:39";96.6957;744.7826;1;23;"2025-03-17 00:54:01";"2025-11-12 15:57:39";48;1
"user_1451";44;39;"2025-02-09 03:07:42";"2025-12-28 22:59:05";93.8409;764.3636;1;44;"2025-02-09 03:07:42";"2025-12-28 22:59:05";2;0
"user_1452";45;40;"2025-03-05 05:17:08";"2025-12-30 20:10:27";85.7333;661.7778;2;45;"2025-03-05 05:17:08";"2025-12-30 20:10:27";0;0
"user_1453";18;18;"2025-03-19 14:45:27";"2025-12-21 02:29:38";88.9444;731.7778;1;18;"2025-03-19 14:45:27";"2025-12-21 02:29:38";9;0
"user_1454";55;54;"2025-02-03 01:52:19";"2025-12-27 06:45:21";92.8727;749.2;2;55;"2025-02-03 01:52:19";"2025-12-27 06:45:21";3;0
"user_1455";64;51;"2025-01-16 04:20:29";"2025-08-29 23:59:50";80.1719;656.6563;2;64;"2025-01-16 04:20:29";"2025-08-29 23:59:50";123;1
"user_1456";15;15;"2025-01-25 00:43:26";"2025-10-20 01:39:55";92.7333;782.6667;1;15;"2025-01-25 00:43:26";"2025-10-20 01:39:55";71;1
"user_1457";26;24;"2025-02-25 00:05:13";"2025-12-22 10:21:44";89.2692;732.2308;2;26;"2025-02-25 00:05:13";"2025-12-22 10:21:44";8;0
"user_1458";20;19;"2025-02-27 12:20:00";"2025-12-25 02:53:31";85.65;689.7;1;20;"2025-02-27 12:20:00";"2025-12-25 02:53:31";5;0
"user_1459";88;76;"2025-01-29 12:36:14";"2025-09-27 07:45:59";88.2727;707.6591;1;88;"2025-01-29 12:36:14";"2025-09-27 07:45:59";94;1
"user_146";71;65;"2025-02-08 11:29:47";"2025-09-04 06:01:07";87.493;707.8592;1;71;"2025-02-08 11:29:47";"2025-09-04 06:01:07";117;1
"user_1460";35;32;"2025-01-23 14:09:39";"2025-12-28 05:49:52";89.0;716.0;1;35;"2025-01-23 14:09:39";"2025-12-28 05:49:52";2;0
"user_1461";45;43;"2025-02-07 11:32:40";"2025-12-16 21:49:42";93.5556;747.0444;2;45;"2025-02-07 11:32:40";"2025-12-16 21:49:42";14;0
"user_1462";26;25;"2025-01-05 13:24:09";"2025-12-23 21:59:19";86.9231;708.7308;1;26;"2025-01-05 13:24:09";"2025-12-23 21:59:19";7;0
"user_1463";62;51;"2025-01-21 14:22:22";"2025-05-27 04:55:48";90.5484;723.0806;2;62;"2025-01-21 14:22:22";"2025-05-27 04:55:48";217;1
"user_1464";20;20;"2025-02-27 13:01:34";"2025-12-09 04:45:02";88.4;702.95;2;20;"2025-02-27 13:01:34";"2025-12-09 04:45:02";21;0
"user_1465";24;23;"2025-03-12 21:05:36";"2025-12-27 13:08:22";98.0;797.0833;1;24;"2025-03-12 21:05:36";"2025-12-27 13:08:22";3;0
"user_1466";77;66;"2025-02-25 06:22:10";"2025-10-03 12:38:03";89.9351;720.8831;1;77;"2025-02-25 06:22:10";"2025-10-03 12:38:03";88;1
"user_1467";13;13;"2025-02-23 04:12:13";"2025-10-29 22:13:01";97.2308;769.6923;1;13;"2025-02-23 04:12:13";"2025-10-29 22:13:01";62;1
"user_1468";43;37;"2025-02-09 00:54:40";"2025-12-01 20:18:34";90.5581;729.0698;2;43;"2025-02-09 00:54:40";"2025-12-01 20:18:34";29;1
"user_1469";22;22;"2025-01-31 18:34:05";"2025-11-29 10:56:53";96.0455;746.0455;2;22;"2025-01-31 18:34:05";"2025-11-29 10:56:53";31;1
"user_147";55;50;"2025-01-25 10:04:31";"2025-12-28 22:23:30";89.5091;722.6909;1;55;"2025-01-25 10:04:31";"2025-12-28 22:23:30";2;0
"user_1470";25;23;"2025-02-06 14:59:17";"2025-12-23 13:03:17";93.04;741.64;2;25;"2025-02-06 14:59:17";"2025-12-23 13:03:17";7;0
"user_1471";44;42;"2025-01-14 00:36:49";"2025-12-29 09:51:13";86.5909;694.5227;2;44;"2025-01-14 00:36:49";"2025-12-29 09:51:13";1;0
"user_1472";18;17;"2025-01-16 21:44:59";"2025-12-19 22:34:24";93.1111;774.3333;1;18;"2025-01-16 21:44:59";"2025-12-19 22:34:24";11;0
"user_1473";21;20;"2025-02-28 02:27:26";"2025-12-21 08:48:34";80.4286;679.5238;2;21;"2025-02-28 02:27:26";"2025-12-21 08:48:34";9;0
"user_1474";46;44;"2025-02-22 06:50:52";"2025-12-23 00:26:09";88.913;723.3478;1;46;"2025-02-22 06:50:52";"2025-12-23 00:26:09";7;0
"user_1475";28;24;"2025-02-19 18:42:10";"2025-11-18 15:33:34";89.5357;725.0714;1;28;"2025-02-19 18:42:10";"2025-11-18 15:33:34";42;1
"user_1476";23;23;"2025-03-03 16:56:55";"2025-12-28 05:17:16";92.7826;797.0;1;23;"2025-03-03 16:56:55";"2025-12-28 05:17:16";2;0
"user_1477";23;23;"2025-02-16 18:13:40";"2025-12-29 12:33:18";87.8696;700.6522;1;23;"2025-02-16 18:13:40";"2025-12-29 12:33:18";1;0
"user_1478";27;26;"2025-02-22 07:47:31";"2025-12-23 15:19:08";89.4444;685.1481;2;27;"2025-02-22 07:47:31";"2025-12-23 15:19:08";7;0
"user_1479";26;26;"2025-02-03 15:07:25";"2025-12-25 17:18:15";83.5385;680.6538;1;26;"2025-02-03 15:07:25";"2025-12-25 17:18:15";5;0
"user_148";33;33;"2025-02-02 06:01:06";"2025-12-30 22:25:18";86.2424;684.2727;1;33;"2025-02-02 06:01:06";"2025-12-30 22:25:18";0;0
"user_1480";34;34;"2025-03-05 06:50:16";"2025-12-30 03:16:58";91.6765;686.5294;2;34;"2025-03-05 06:50:16";"2025-12-30 03:16:58";0;0
"user_1481";14;14;"2025-01-29 23:26:54";"2025-12-26 21:27:07";89.4286;752.7143;1;14;"2025-01-29 23:26:54";"2025-12-26 21:27:07";4;0
"user_1482";84;69;"2025-02-27 06:43:58";"2025-10-23 03:23:09";89.7619;705.8929;2;84;"2025-02-27 06:43:58";"2025-10-23 03:23:09";68;1
"user_1483";47;43;"2025-02-25 09:02:09";"2025-12-29 05:32:21";85.9574;697.2553;1;47;"2025-02-25 09:02:09";"2025-12-29 05:32:21";1;0
"user_1484";83;70;"2025-01-26 17:55:01";"2025-11-09 00:23:42";85.8193;681.8193;1;83;"2025-01-26 17:55:01";"2025-11-09 00:23:42";51;1
"user_1485";40;36;"2025-03-13 02:18:50";"2025-12-28 22:57:31";88.75;702.85;2;40;"2025-03-13 02:18:50";"2025-12-28 22:57:31";2;0
"user_1486";48;43;"2025-02-14 03:20:56";"2025-12-29 07:10:04";91.3333;723.9792;1;48;"2025-02-14 03:20:56";"2025-12-29 07:10:04";1;0
"user_1487";50;48;"2025-01-14 22:53:35";"2025-12-19 18:08:27";82.8;674.28;2;50;"2025-01-14 22:53:35";"2025-12-19 18:08:27";11;0
"user_1488";24;24;"2025-01-06 08:28:22";"2025-12-18 23:09:21";91.25;695.1667;1;24;"2025-01-06 08:28:22";"2025-12-18 23:09:21";12;0
"user_1489";49;44;"2025-02-24 08:03:18";"2025-12-21 22:42:20";90.3878;699.3265;2;49;"2025-02-24 08:03:18";"2025-12-21 22:42:20";9;0
"user_149";90;79;"2025-03-02 07:12:38";"2025-11-11 08:24:45";89.9444;717.7111;1;90;"2025-03-02 07:12:38";"2025-11-11 08:24:45";49;1
"user_1490";50;45;"2025-01-29 07:50:10";"2025-12-28 20:43:27";90.5;755.7;2;50;"2025-01-29 07:50:10";"2025-12-28 20:43:27";2;0
"user_1491";66;55;"2025-02-04 07:49:48";"2025-08-05 07:06:15";93.3485;751.5758;2;66;"2025-02-04 07:49:48";"2025-08-05 07:06:15";147;1
"user_1492";42;40;"2025-02-10 01:20:51";"2025-12-27 06:14:03";88.2143;689.3571;2;42;"2025-02-10 01:20:51";"2025-12-27 06:14:03";3;0
"user_1493";89;74;"2025-02-21 10:32:46";"2025-10-02 06:42:16";90.1011;709.809;2;89;"2025-02-21 10:32:46";"2025-10-02 06:42:16";89;1
"user_1494";64;55;"2025-02-09 06:54:30";"2025-09-10 07:29:49";85.9844;692.4688;1;64;"2025-02-09 06:54:30";"2025-09-10 07:29:49";111;1
"user_1495";44;42;"2025-01-15 04:52:52";"2025-12-14 07:32:34";89.3409;710.0909;2;44;"2025-01-15 04:52:52";"2025-12-14 07:32:34";16;0
"user_1496";24;23;"2025-03-01 19:07:15";"2025-12-29 12:46:06";87.5833;696.4583;2;24;"2025-03-01 19:07:15";"2025-12-29 12:46:06";1;0
"user_1497";58;55;"2025-02-04 23:17:51";"2025-12-27 14:51:49";91.0517;729.3448;2;58;"2025-02-04 23:17:51";"2025-12-27 14:51:49";3;0
"user_1498";44;43;"2025-02-13 15:59:52";"2025-12-30 21:30:37";91.8636;737.3864;1;44;"2025-02-13 15:59:52";"2025-12-30 21:30:37";0;0
"user_1499";61;57;"2025-01-16 15:58:31";"2025-12-30 07:42:05";95.8361;765.0;1;61;"2025-01-16 15:58:31";"2025-12-30 07:42:05";0;0
"user_15";110;91;"2025-03-01 09:04:25";"2025-12-28 18:27:04";89.0455;714.7909;2;110;"2025-03-01 09:04:25";"2025-12-28 18:27:04";2;0
"user_150";110;87;"2025-01-23 08:15:24";"2025-12-29 07:57:20";90.2;734.5364;1;110;"2025-01-23 08:15:24";"2025-12-29 07:57:20";1;0
"user_1500";11;11;"2025-04-08 16:04:56";"2025-11-29 11:10:34";90.8182;778.8182;2;11;"2025-04-08 16:04:56";"2025-11-29 11:10:34";31;1
"user_1501";64;62;"2025-01-09 06:54:59";"2025-12-27 10:31:39";92.0625;743.3281;2;64;"2025-01-09 06:54:59";"2025-12-27 10:31:39";3;0
"user_1502";38;36;"2025-02-01 07:31:28";"2025-12-02 02:47:21";91.0;757.0526;2;38;"2025-02-01 07:31:28";"2025-12-02 02:47:21";28;1
"user_1503";98;86;"2025-02-14 07:39:23";"2025-11-05 04:15:21";92.6633;743.1837;1;98;"2025-02-14 07:39:23";"2025-11-05 04:15:21";55;1
"user_1504";63;59;"2025-01-11 01:33:55";"2025-12-12 22:14:22";90.7302;736.0794;1;63;"2025-01-11 01:33:55";"2025-12-12 22:14:22";18;0
"user_1505";48;44;"2025-02-19 07:11:09";"2025-12-22 10:24:22";92.75;738.6042;1;48;"2025-02-19 07:11:09";"2025-12-22 10:24:22";8;0
"user_1506";51;48;"2025-02-01 05:17:11";"2025-12-30 06:38:24";87.2157;668.4314;2;51;"2025-02-01 05:17:11";"2025-12-30 06:38:24";0;0
"user_1507";51;49;"2025-02-05 00:57:32";"2025-12-29 16:25:27";89.7451;694.3922;2;51;"2025-02-05 00:57:32";"2025-12-29 16:25:27";1;0
"user_1508";46;39;"2025-01-05 12:01:15";"2025-12-15 16:01:30";94.0;784.0217;2;46;"2025-01-05 12:01:15";"2025-12-15 16:01:30";15;0
"user_1509";55;53;"2025-02-06 23:35:25";"2025-12-18 15:15:18";89.1455;706.3636;1;55;"2025-02-06 23:35:25";"2025-12-18 15:15:18";12;0
"user_151";16;16;"2025-02-28 18:46:03";"2025-12-28 20:35:34";84.125;697.0;1;16;"2025-02-28 18:46:03";"2025-12-28 20:35:34";2;0
"user_1510";22;20;"2025-02-28 08:02:05";"2025-12-08 12:21:47";85.7273;666.2273;2;22;"2025-02-28 08:02:05";"2025-12-08 12:21:47";22;1
"user_1511";29;27;"2025-01-16 12:01:40";"2025-12-30 14:51:56";86.3103;694.7931;2;29;"2025-01-16 12:01:40";"2025-12-30 14:51:56";0;0
"user_1512";21;21;"2025-01-31 07:01:04";"2025-12-03 08:21:04";93.8095;799.5714;1;21;"2025-01-31 07:01:04";"2025-12-03 08:21:04";27;1
"user_1513";16;16;"2025-01-08 14:50:49";"2025-12-17 08:07:52";97.125;791.8125;1;16;"2025-01-08 14:50:49";"2025-12-17 08:07:52";13;0
"user_1514";100;87;"2025-01-26 01:40:38";"2025-12-30 22:15:03";89.0;716.9;1;100;"2025-01-26 01:40:38";"2025-12-30 22:15:03";0;0
"user_1515";72;62;"2025-02-26 06:17:46";"2025-10-13 10:08:36";90.1806;741.2778;2;72;"2025-02-26 06:17:46";"2025-10-13 10:08:36";78;1
"user_1516";74;64;"2025-01-31 08:04:29";"2025-08-28 07:14:57";91.1081;726.4189;1;74;"2025-01-31 08:04:29";"2025-08-28 07:14:57";124;1
"user_1517";57;54;"2025-01-13 14:54:44";"2025-12-25 22:47:01";85.7719;706.5965;1;57;"2025-01-13 14:54:44";"2025-12-25 22:47:01";5;0
"user_1518";16;16;"2025-02-24 16:57:48";"2025-12-24 03:28:28";83.625;720.1875;2;16;"2025-02-24 16:57:48";"2025-12-24 03:28:28";6;0
"user_1519";105;89;"2025-01-02 12:46:16";"2025-10-15 20:42:45";92.2381;741.7905;1;105;"2025-01-02 12:46:16";"2025-10-15 20:42:45";76;1
"user_152";67;56;"2025-02-01 20:37:05";"2025-09-03 03:20:27";92.0746;742.597;2;67;"2025-02-01 20:37:05";"2025-09-03 03:20:27";118;1
"user_1520";19;19;"2025-01-09 17:23:32";"2025-12-16 02:35:35";86.6316;693.0;2;19;"2025-01-09 17:23:32";"2025-12-16 02:35:35";14;0
"user_1521";63;56;"2025-02-16 02:11:27";"2025-09-05 00:31:03";86.7143;716.9841;2;63;"2025-02-16 02:11:27";"2025-09-05 00:31:03";116;1
"user_1522";26;24;"2025-01-27 16:13:48";"2025-11-27 11:23:29";93.9615;784.8846;1;26;"2025-01-27 16:13:48";"2025-11-27 11:23:29";33;1
"user_1523";46;45;"2025-01-25 13:51:53";"2025-12-24 00:56:31";92.8913;750.3696;1;46;"2025-01-25 13:51:53";"2025-12-24 00:56:31";6;0
"user_1524";62;56;"2025-02-20 04:46:12";"2025-10-15 15:06:32";90.4516;715.0806;1;62;"2025-02-20 04:46:12";"2025-10-15 15:06:32";76;1
"user_1525";41;40;"2025-01-17 08:27:45";"2025-12-25 15:45:01";90.9024;711.6585;2;41;"2025-01-17 08:27:45";"2025-12-25 15:45:01";5;0
"user_1526";86;70;"2025-02-08 09:53:42";"2025-08-23 21:44:48";85.2674;680.0;1;86;"2025-02-08 09:53:42";"2025-08-23 21:44:48";129;1
"user_1527";66;57;"2025-02-16 23:31:38";"2025-07-10 20:15:36";81.8182;651.1515;2;66;"2025-02-16 23:31:38";"2025-07-10 20:15:36";173;1
"user_1528";34;32;"2025-02-04 18:17:56";"2025-12-10 15:09:24";92.8235;768.8235;1;34;"2025-02-04 18:17:56";"2025-12-10 15:09:24";20;0
"user_1529";27;26;"2025-03-06 10:49:07";"2025-12-28 07:24:46";89.963;690.1481;2;27;"2025-03-06 10:49:07";"2025-12-28 07:24:46";2;0
"user_153";81;67;"2025-02-27 02:23:30";"2025-11-04 13:25:44";90.4198;733.6914;2;81;"2025-02-27 02:23:30";"2025-11-04 13:25:44";56;1
"user_1530";43;41;"2025-01-23 04:00:17";"2025-12-23 06:53:38";89.7209;725.2558;2;43;"2025-01-23 04:00:17";"2025-12-23 06:53:38";7;0
"user_1531";55;54;"2025-01-11 00:18:49";"2025-12-14 13:23:02";91.6182;751.6545;1;55;"2025-01-11 00:18:49";"2025-12-14 13:23:02";16;0
"user_1532";61;57;"2025-01-04 18:47:30";"2025-12-29 12:49:52";92.5246;725.8852;1;61;"2025-01-04 18:47:30";"2025-12-29 12:49:52";1;0
"user_1533";39;36;"2025-02-26 04:06:45";"2025-12-07 22:23:28";88.0769;732.5385;2;39;"2025-02-26 04:06:45";"2025-12-07 22:23:28";23;1
"user_1534";82;72;"2025-02-18 07:26:27";"2025-10-17 03:24:53";89.7561;732.2073;1;82;"2025-02-18 07:26:27";"2025-10-17 03:24:53";74;1
"user_1535";49;46;"2025-02-16 17:18:14";"2025-12-19 04:53:47";90.1429;705.5918;2;49;"2025-02-16 17:18:14";"2025-12-19 04:53:47";11;0
"user_1536";72;60;"2025-01-31 10:08:56";"2025-07-13 07:23:57";84.4583;681.3056;1;72;"2025-01-31 10:08:56";"2025-07-13 07:23:57";170;1
"user_1537";72;61;"2025-02-16 16:20:01";"2025-09-07 01:50:05";89.6389;731.5694;2;72;"2025-02-16 16:20:01";"2025-09-07 01:50:05";114;1
"user_1538";20;20;"2025-02-17 00:41:23";"2025-12-30 05:52:35";82.55;687.4;1;20;"2025-02-17 00:41:23";"2025-12-30 05:52:35";0;0
"user_1539";60;53;"2025-01-02 23:04:40";"2025-06-22 22:52:42";86.9667;701.8;2;60;"2025-01-02 23:04:40";"2025-06-22 22:52:42";191;1
"user_154";49;47;"2025-02-21 09:34:12";"2025-12-24 00:26:18";89.4898;700.3265;2;49;"2025-02-21 09:34:12";"2025-12-24 00:26:18";6;0
"user_1540";42;37;"2025-02-10 13:51:38";"2025-12-25 07:07:22";93.3571;773.0714;2;42;"2025-02-10 13:51:38";"2025-12-25 07:07:22";5;0
"user_1541";27;27;"2025-02-06 21:25:22";"2025-12-30 23:18:22";95.2593;771.8519;2;27;"2025-02-06 21:25:22";"2025-12-30 23:18:22";0;0
"user_1542";60;55;"2025-01-13 23:17:56";"2025-08-15 18:03:44";90.5167;727.6667;2;60;"2025-01-13 23:17:56";"2025-08-15 18:03:44";137;1
"user_1543";39;38;"2025-02-26 01:31:27";"2025-12-27 19:16:58";87.4615;685.8462;1;39;"2025-02-26 01:31:27";"2025-12-27 19:16:58";3;0
"user_1544";69;55;"2025-01-05 22:10:55";"2025-07-06 23:15:13";90.0435;715.4058;1;69;"2025-01-05 22:10:55";"2025-07-06 23:15:13";177;1
"user_1545";12;12;"2025-03-10 16:25:29";"2025-10-07 00:32:53";83.25;704.1667;1;12;"2025-03-10 16:25:29";"2025-10-07 00:32:53";84;1
"user_1546";46;41;"2025-02-11 11:55:55";"2025-12-29 04:06:40";87.7174;687.3261;2;46;"2025-02-11 11:55:55";"2025-12-29 04:06:40";1;0
"user_1547";16;16;"2025-03-01 18:03:39";"2025-11-26 11:31:05";92.625;772.75;2;16;"2025-03-01 18:03:39";"2025-11-26 11:31:05";34;1
"user_1548";45;42;"2025-01-12 20:29:00";"2025-12-30 14:22:01";90.5778;719.6;2;45;"2025-01-12 20:29:00";"2025-12-30 14:22:01";0;0
"user_1549";100;91;"2025-03-04 18:22:23";"2025-12-28 21:10:10";87.6;700.13;2;100;"2025-03-04 18:22:23";"2025-12-28 21:10:10";2;0
"user_155";19;19;"2025-02-12 15:39:27";"2025-09-26 21:26:29";94.1579;766.8947;2;19;"2025-02-12 15:39:27";"2025-09-26 21:26:29";95;1
"user_1550";47;43;"2025-02-20 20:09:28";"2025-12-24 16:34:28";91.1915;733.3404;1;47;"2025-02-20 20:09:28";"2025-12-24 16:34:28";6;0
"user_1551";18;18;"2025-02-05 06:10:28";"2025-12-26 15:11:44";95.6667;745.6111;2;18;"2025-02-05 06:10:28";"2025-12-26 15:11:44";4;0
"user_1552";43;41;"2025-02-05 23:08:20";"2025-12-30 05:56:23";86.8605;664.8372;1;43;"2025-02-05 23:08:20";"2025-12-30 05:56:23";0;0
"user_1553";35;34;"2025-02-07 00:28:53";"2025-12-24 19:27:27";90.8857;729.7714;1;35;"2025-02-07 00:28:53";"2025-12-24 19:27:27";6;0
"user_1554";14;14;"2025-02-14 12:29:05";"2025-12-16 04:45:32";87.9286;733.2857;1;14;"2025-02-14 12:29:05";"2025-12-16 04:45:32";14;0
"user_1555";63;56;"2025-01-12 15:18:22";"2025-06-21 16:17:28";89.8254;715.0476;2;63;"2025-01-12 15:18:22";"2025-06-21 16:17:28";192;1
"user_1556";103;84;"2025-01-07 11:19:34";"2025-12-26 16:43:01";89.6505;733.2427;1;103;"2025-01-07 11:19:34";"2025-12-26 16:43:01";4;0
"user_1557";59;52;"2025-03-01 16:13:10";"2025-12-28 05:18:35";94.9322;770.0169;2;59;"2025-03-01 16:13:10";"2025-12-28 05:18:35";2;0
"user_1558";45;44;"2025-03-14 06:29:29";"2025-12-10 22:59:26";89.4889;703.4444;2;45;"2025-03-14 06:29:29";"2025-12-10 22:59:26";20;0
"user_1559";31;31;"2025-01-20 04:35:23";"2025-12-23 15:21:23";93.3871;719.2258;1;31;"2025-01-20 04:35:23";"2025-12-23 15:21:23";7;0
"user_156";93;79;"2025-01-14 18:53:07";"2025-09-14 00:05:20";87.1828;703.1828;2;93;"2025-01-14 18:53:07";"2025-09-14 00:05:20";107;1
"user_1560";21;18;"2025-01-18 11:42:26";"2025-12-29 07:21:14";86.2381;700.5714;2;21;"2025-01-18 11:42:26";"2025-12-29 07:21:14";1;0
"user_1561";47;47;"2025-01-07 07:46:33";"2025-12-09 11:20:09";85.5957;700.383;2;47;"2025-01-07 07:46:33";"2025-12-09 11:20:09";21;0
"user_1562";64;58;"2025-01-29 02:38:52";"2025-09-19 04:10:35";91.5313;732.4844;2;64;"2025-01-29 02:38:52";"2025-09-19 04:10:35";102;1
"user_1563";18;16;"2025-03-01 01:40:11";"2025-12-12 01:22:37";87.8889;692.2778;1;18;"2025-03-01 01:40:11";"2025-12-12 01:22:37";18;0
"user_1564";93;83;"2025-01-31 07:58:46";"2025-10-20 22:25:21";90.1935;712.8172;2;93;"2025-01-31 07:58:46";"2025-10-20 22:25:21";71;1
"user_1565";21;21;"2025-03-03 11:19:01";"2025-12-29 14:47:12";85.8571;738.3333;2;21;"2025-03-03 11:19:01";"2025-12-29 14:47:12";1;0
"user_1566";29;24;"2025-01-12 05:29:47";"2025-12-24 13:18:36";91.5172;747.1034;1;29;"2025-01-12 05:29:47";"2025-12-24 13:18:36";6;0
"user_1567";22;21;"2025-02-12 18:42:15";"2025-12-24 21:36:57";87.5455;684.0;2;22;"2025-02-12 18:42:15";"2025-12-24 21:36:57";6;0
"user_1568";96;82;"2025-03-01 01:16:52";"2025-12-26 00:28:06";88.4063;706.5938;1;96;"2025-03-01 01:16:52";"2025-12-26 00:28:06";4;0
"user_1569";43;41;"2025-02-28 03:26:40";"2025-12-30 16:27:24";90.3488;738.5814;1;43;"2025-02-28 03:26:40";"2025-12-30 16:27:24";0;0
"user_157";29;28;"2025-03-01 05:23:30";"2025-12-23 17:41:14";93.0345;732.5517;2;29;"2025-03-01 05:23:30";"2025-12-23 17:41:14";7;0
"user_1570";48;46;"2025-02-20 18:14:33";"2025-12-30 20:59:33";91.7917;717.4583;1;48;"2025-02-20 18:14:33";"2025-12-30 20:59:33";0;0
"user_1571";49;45;"2025-02-11 00:09:00";"2025-12-30 07:44:52";86.0408;677.2653;2;49;"2025-02-11 00:09:00";"2025-12-30 07:44:52";0;0
"user_1572";68;56;"2025-01-13 22:40:03";"2025-08-07 15:57:15";90.4853;717.8235;1;68;"2025-01-13 22:40:03";"2025-08-07 15:57:15";145;1
"user_1573";28;27;"2025-02-26 22:20:48";"2025-12-29 21:35:24";87.6429;674.3214;2;28;"2025-02-26 22:20:48";"2025-12-29 21:35:24";1;0
"user_1574";9;8;"2025-05-07 00:00:37";"2025-10-22 00:44:27";92.6667;743.1111;1;9;"2025-05-07 00:00:37";"2025-10-22 00:44:27";69;1
"user_1575";63;56;"2025-01-04 04:50:15";"2025-06-30 10:40:50";89.2063;741.6032;2;63;"2025-01-04 04:50:15";"2025-06-30 10:40:50";183;1
"user_1576";68;61;"2025-01-12 09:55:21";"2025-07-21 11:13:40";87.1765;706.0294;1;68;"2025-01-12 09:55:21";"2025-07-21 11:13:40";162;1
"user_1577";65;57;"2025-02-09 02:13:40";"2025-08-18 23:27:19";92.3692;737.0615;2;65;"2025-02-09 02:13:40";"2025-08-18 23:27:19";134;1
"user_1578";53;48;"2025-02-09 10:58:08";"2025-12-18 07:19:21";92.2075;741.5472;2;53;"2025-02-09 10:58:08";"2025-12-18 07:19:21";12;0
"user_1579";45;43;"2025-01-27 08:43:43";"2025-12-21 08:02:16";90.6667;734.7111;1;45;"2025-01-27 08:43:43";"2025-12-21 08:02:16";9;0
"user_158";30;29;"2025-02-16 12:39:31";"2025-12-24 22:19:08";86.4333;728.2;1;30;"2025-02-16 12:39:31";"2025-12-24 22:19:08";6;0
"user_1580";50;47;"2025-01-23 21:15:00";"2025-12-26 19:04:55";89.46;704.26;2;50;"2025-01-23 21:15:00";"2025-12-26 19:04:55";4;0
"user_1581";62;56;"2025-01-25 21:09:44";"2025-08-15 17:05:44";92.9194;762.1129;2;62;"2025-01-25 21:09:44";"2025-08-15 17:05:44";137;1
"user_1582";49;46;"2025-02-10 04:05:53";"2025-12-23 17:12:00";86.0408;684.0816;2;49;"2025-02-10 04:05:53";"2025-12-23 17:12:00";7;0
"user_1583";50;50;"2025-02-13 04:39:36";"2025-12-24 22:55:04";89.98;701.38;2;50;"2025-02-13 04:39:36";"2025-12-24 22:55:04";6;0
"user_1584";37;34;"2025-03-15 22:20:28";"2025-12-30 22:44:51";94.4595;743.2162;2;37;"2025-03-15 22:20:28";"2025-12-30 22:44:51";0;0
"user_1585";12;12;"2025-02-22 17:04:53";"2025-11-21 20:04:41";88.3333;753.0833;2;12;"2025-02-22 17:04:53";"2025-11-21 20:04:41";39;1
"user_1586";60;55;"2025-02-13 05:17:21";"2025-08-06 13:33:05";88.6833;708.3167;1;60;"2025-02-13 05:17:21";"2025-08-06 13:33:05";146;1
"user_1587";24;24;"2025-02-07 03:28:08";"2025-12-24 21:01:42";90.4583;719.6667;2;24;"2025-02-07 03:28:08";"2025-12-24 21:01:42";6;0
"user_1588";51;48;"2025-02-24 00:19:26";"2025-12-10 22:52:56";93.6471;763.7059;2;51;"2025-02-24 00:19:26";"2025-12-10 22:52:56";20;0
"user_1589";48;44;"2025-03-20 01:47:21";"2025-12-27 05:11:08";90.1875;733.7917;1;48;"2025-03-20 01:47:21";"2025-12-27 05:11:08";3;0
"user_159";72;61;"2025-02-02 09:01:44";"2025-09-06 12:32:09";89.6667;729.0833;2;72;"2025-02-02 09:01:44";"2025-09-06 12:32:09";115;1
"user_1590";21;19;"2025-04-03 16:31:25";"2025-12-23 05:57:15";90.0476;719.0;2;21;"2025-04-03 16:31:25";"2025-12-23 05:57:15";7;0
"user_1591";21;20;"2025-02-23 03:48:22";"2025-12-28 16:40:09";94.0;762.381;2;21;"2025-02-23 03:48:22";"2025-12-28 16:40:09";2;0
"user_1592";9;9;"2025-02-18 11:41:10";"2025-12-12 19:14:54";84.4444;719.1111;2;9;"2025-02-18 11:41:10";"2025-12-12 19:14:54";18;0
"user_1593";72;60;"2025-03-16 01:27:22";"2025-10-04 22:03:19";84.7778;684.8472;1;72;"2025-03-16 01:27:22";"2025-10-04 22:03:19";87;1
"user_1594";72;57;"2025-01-30 04:40:10";"2025-09-12 03:02:07";92.4444;742.3194;1;72;"2025-01-30 04:40:10";"2025-09-12 03:02:07";109;1
"user_1595";27;26;"2025-03-04 23:31:31";"2025-12-05 20:30:09";87.4074;682.5185;2;27;"2025-03-04 23:31:31";"2025-12-05 20:30:09";25;1
"user_1596";53;51;"2025-02-14 19:08:13";"2025-12-20 07:40:02";87.8302;689.6604;1;53;"2025-02-14 19:08:13";"2025-12-20 07:40:02";10;0
"user_1597";76;64;"2025-02-27 03:16:29";"2025-08-23 04:11:50";89.6053;732.0;1;76;"2025-02-27 03:16:29";"2025-08-23 04:11:50";129;1
"user_1598";62;51;"2025-02-20 16:07:33";"2025-07-18 16:23:18";89.9032;742.8548;1;62;"2025-02-20 16:07:33";"2025-07-18 16:23:18";165;1
"user_1599";78;70;"2025-01-14 01:51:13";"2025-08-12 06:57:16";87.4872;725.9615;1;78;"2025-01-14 01:51:13";"2025-08-12 06:57:16";140;1
"user_16";84;73;"2025-01-08 08:06:31";"2025-07-30 22:35:29";89.381;716.369;1;84;"2025-01-08 08:06:31";"2025-07-30 22:35:29";153;1
"user_160";22;21;"2025-01-18 14:48:17";"2025-12-30 02:42:21";88.7727;739.5909;1;22;"2025-01-18 14:48:17";"2025-12-30 02:42:21";0;0
"user_1600";14;14;"2025-04-28 21:36:45";"2025-11-24 07:57:02";87.8571;732.2143;1;14;"2025-04-28 21:36:45";"2025-11-24 07:57:02";36;1
"user_1601";125;97;"2025-01-23 13:05:41";"2025-12-30 13:42:38";88.912;696.912;1;125;"2025-01-23 13:05:41";"2025-12-30 13:42:38";0;0
"user_1602";35;33;"2025-02-23 02:51:06";"2025-12-26 17:13:51";92.5143;729.0571;1;35;"2025-02-23 02:51:06";"2025-12-26 17:13:51";4;0
"user_1603";83;70;"2025-01-28 04:43:42";"2025-10-19 01:25:43";87.2892;723.506;2;83;"2025-01-28 04:43:42";"2025-10-19 01:25:43";72;1
"user_1604";58;53;"2025-01-26 05:49:58";"2025-12-20 09:31:58";87.8103;710.8103;2;58;"2025-01-26 05:49:58";"2025-12-20 09:31:58";10;0
"user_1605";74;62;"2025-01-07 12:50:00";"2025-08-29 17:17:33";85.7973;706.1216;1;74;"2025-01-07 12:50:00";"2025-08-29 17:17:33";123;1
"user_1606";52;49;"2025-02-05 15:37:46";"2025-12-28 12:20:46";89.5;730.0577;1;52;"2025-02-05 15:37:46";"2025-12-28 12:20:46";2;0
"user_1607";61;55;"2025-01-16 03:00:05";"2025-07-01 11:18:19";89.6557;713.8525;2;61;"2025-01-16 03:00:05";"2025-07-01 11:18:19";182;1
"user_1608";30;29;"2025-01-19 18:40:16";"2025-12-29 15:27:51";95.2333;753.8667;2;30;"2025-01-19 18:40:16";"2025-12-29 15:27:51";1;0
"user_1609";96;88;"2025-01-19 18:00:35";"2025-11-16 20:33:09";88.2188;702.7813;1;96;"2025-01-19 18:00:35";"2025-11-16 20:33:09";44;1
"user_161";49;46;"2025-02-20 00:31:46";"2025-12-25 02:38:44";87.0408;703.4898;1;49;"2025-02-20 00:31:46";"2025-12-25 02:38:44";5;0
"user_1610";55;50;"2025-01-25 01:28:35";"2025-12-28 06:41:43";92.3455;733.2182;2;55;"2025-01-25 01:28:35";"2025-12-28 06:41:43";2;0
"user_1611";16;16;"2025-01-27 07:51:45";"2025-11-08 05:39:01";92.6875;761.4375;2;16;"2025-01-27 07:51:45";"2025-11-08 05:39:01";52;1
"user_1612";22;21;"2025-02-12 23:00:45";"2025-12-21 22:24:02";93.3636;737.9091;1;22;"2025-02-12 23:00:45";"2025-12-21 22:24:02";9;0
"user_1613";53;51;"2025-02-04 00:02:32";"2025-12-28 09:07:18";87.0189;713.9434;2;53;"2025-02-04 00:02:32";"2025-12-28 09:07:18";2;0
"user_1614";53;49;"2025-01-26 06:17:17";"2025-12-21 14:43:30";89.9245;709.4151;2;53;"2025-01-26 06:17:17";"2025-12-21 14:43:30";9;0
"user_1615";43;43;"2025-01-31 02:40:23";"2025-12-25 05:16:57";96.0233;790.6744;2;43;"2025-01-31 02:40:23";"2025-12-25 05:16:57";5;0
"user_1616";26;26;"2025-01-20 01:56:45";"2025-12-12 21:54:24";92.2692;749.8846;1;26;"2025-01-20 01:56:45";"2025-12-12 21:54:24";18;0
"user_1617";19;19;"2025-04-14 01:20:44";"2025-12-20 08:20:27";85.1053;641.0526;2;19;"2025-04-14 01:20:44";"2025-12-20 08:20:27";10;0
"user_1618";32;31;"2025-02-14 14:05:13";"2025-12-28 06:21:19";87.7813;671.2813;1;32;"2025-02-14 14:05:13";"2025-12-28 06:21:19";2;0
"user_1619";42;39;"2025-01-29 06:35:21";"2025-12-28 03:12:50";89.0476;710.4524;2;42;"2025-01-29 06:35:21";"2025-12-28 03:12:50";2;0
"user_162";42;40;"2025-02-27 03:08:08";"2025-12-20 04:23:48";89.5952;714.2381;1;42;"2025-02-27 03:08:08";"2025-12-20 04:23:48";10;0
"user_1620";21;20;"2025-03-13 22:38:39";"2025-12-30 03:23:22";87.4286;694.6667;1;21;"2025-03-13 22:38:39";"2025-12-30 03:23:22";0;0
"user_1621";44;40;"2025-03-12 22:37:45";"2025-12-30 23:27:53";88.2045;733.2273;1;44;"2025-03-12 22:37:45";"2025-12-30 23:27:53";0;0
"user_1622";74;63;"2025-02-10 01:55:02";"2025-09-13 23:28:05";87.5405;687.7297;2;74;"2025-02-10 01:55:02";"2025-09-13 23:28:05";108;1
"user_1623";45;40;"2025-02-04 10:38:13";"2025-12-29 00:10:02";91.1556;744.7333;2;45;"2025-02-04 10:38:13";"2025-12-29 00:10:02";1;0
"user_1624";13;13;"2025-01-24 03:27:35";"2025-12-26 20:22:15";89.4615;667.1538;1;13;"2025-01-24 03:27:35";"2025-12-26 20:22:15";4;0
"user_1625";62;56;"2025-02-09 09:39:07";"2025-09-29 18:41:08";92.2258;713.6129;1;62;"2025-02-09 09:39:07";"2025-09-29 18:41:08";92;1
"user_1626";27;26;"2025-03-01 12:07:19";"2025-12-18 06:50:37";89.2963;723.5185;1;27;"2025-03-01 12:07:19";"2025-12-18 06:50:37";12;0
"user_1627";75;65;"2025-02-05 10:00:45";"2025-09-18 03:43:56";89.3067;724.08;1;75;"2025-02-05 10:00:45";"2025-09-18 03:43:56";103;1
"user_1628";44;42;"2025-02-16 13:23:16";"2025-12-29 04:43:16";89.75;719.3636;2;44;"2025-02-16 13:23:16";"2025-12-29 04:43:16";1;0
"user_1629";60;49;"2025-01-19 09:23:38";"2025-07-30 05:28:24";91.4167;717.2333;2;60;"2025-01-19 09:23:38";"2025-07-30 05:28:24";153;1
"user_163";55;51;"2025-03-07 02:02:10";"2025-12-29 11:20:13";89.8545;709.5636;1;55;"2025-03-07 02:02:10";"2025-12-29 11:20:13";1;0
"user_1630";61;53;"2025-02-04 13:35:00";"2025-12-26 09:17:47";91.8033;742.1311;1;61;"2025-02-04 13:35:00";"2025-12-26 09:17:47";4;0
"user_1631";24;22;"2025-01-13 23:12:35";"2025-12-27 10:58:39";95.9583;737.7083;1;24;"2025-01-13 23:12:35";"2025-12-27 10:58:39";3;0
"user_1632";47;45;"2025-01-28 23:07:05";"2025-12-23 22:55:22";86.8723;661.2553;2;47;"2025-01-28 23:07:05";"2025-12-23 22:55:22";7;0
"user_1633";11;10;"2025-02-08 17:38:14";"2025-11-02 23:52:24";89.0909;732.4545;2;11;"2025-02-08 17:38:14";"2025-11-02 23:52:24";58;1
"user_1634";26;24;"2025-01-16 14:29:03";"2025-11-18 12:18:57";96.7692;783.2308;1;26;"2025-01-16 14:29:03";"2025-11-18 12:18:57";42;1
"user_1635";19;19;"2025-04-05 10:57:48";"2025-12-18 03:38:47";94.4737;748.7895;2;19;"2025-04-05 10:57:48";"2025-12-18 03:38:47";12;0
"user_1636";63;57;"2025-01-08 12:43:33";"2025-08-31 09:15:57";93.4921;736.9048;2;63;"2025-01-08 12:43:33";"2025-08-31 09:15:57";121;1
"user_1637";48;47;"2025-02-17 16:49:17";"2025-12-25 03:57:31";85.4583;687.8125;1;48;"2025-02-17 16:49:17";"2025-12-25 03:57:31";5;0
"user_1638";68;56;"2025-02-01 13:41:44";"2025-07-24 07:51:33";88.7353;738.7647;1;68;"2025-02-01 13:41:44";"2025-07-24 07:51:33";159;1
"user_1639";24;23;"2025-03-13 23:07:01";"2025-11-27 04:40:40";88.1667;722.3333;1;24;"2025-03-13 23:07:01";"2025-11-27 04:40:40";33;1
"user_164";48;47;"2025-02-11 01:22:42";"2025-12-27 05:00:27";82.6458;666.3333;1;48;"2025-02-11 01:22:42";"2025-12-27 05:00:27";3;0
"user_1640";27;26;"2025-01-15 09:10:41";"2025-12-26 11:38:28";95.5926;751.8889;1;27;"2025-01-15 09:10:41";"2025-12-26 11:38:28";4;0
"user_1641";45;42;"2025-02-23 12:16:26";"2025-12-30 20:56:01";87.1333;701.9556;1;45;"2025-02-23 12:16:26";"2025-12-30 20:56:01";0;0
"user_1642";26;26;"2025-01-31 04:46:44";"2025-12-18 08:50:31";89.0769;721.3846;2;26;"2025-01-31 04:46:44";"2025-12-18 08:50:31";12;0
"user_1643";52;50;"2025-01-06 12:19:03";"2025-12-23 13:28:15";93.5577;750.1346;2;52;"2025-01-06 12:19:03";"2025-12-23 13:28:15";7;0
"user_1644";53;51;"2025-01-23 19:46:52";"2025-12-22 07:39:50";92.434;753.7736;2;53;"2025-01-23 19:46:52";"2025-12-22 07:39:50";8;0
"user_1645";67;61;"2025-01-15 00:01:59";"2025-08-10 01:10:53";92.1045;715.6567;2;67;"2025-01-15 00:01:59";"2025-08-10 01:10:53";142;1
"user_1646";33;30;"2025-01-20 23:17:35";"2025-12-28 22:43:01";90.8485;733.8182;1;33;"2025-01-20 23:17:35";"2025-12-28 22:43:01";2;0
"user_1647";72;60;"2025-01-28 07:32:25";"2025-09-12 09:04:36";91.6389;756.8194;2;72;"2025-01-28 07:32:25";"2025-09-12 09:04:36";109;1
"user_1648";25;23;"2025-02-12 21:31:05";"2025-12-23 22:26:48";89.36;696.2;2;25;"2025-02-12 21:31:05";"2025-12-23 22:26:48";7;0
"user_1649";17;16;"2025-03-31 03:37:05";"2025-12-24 09:06:12";83.4118;622.6471;2;17;"2025-03-31 03:37:05";"2025-12-24 09:06:12";6;0
"user_165";87;73;"2025-02-02 11:17:01";"2025-11-18 02:46:37";92.4138;731.3103;2;87;"2025-02-02 11:17:01";"2025-11-18 02:46:37";42;1
"user_1650";19;19;"2025-02-02 06:18:46";"2025-11-11 08:45:27";85.3684;665.2632;2;19;"2025-02-02 06:18:46";"2025-11-11 08:45:27";49;1
"user_1651";98;88;"2025-02-13 16:03:46";"2025-12-30 08:48:54";89.9184;718.2653;1;98;"2025-02-13 16:03:46";"2025-12-30 08:48:54";0;0
"user_1652";37;35;"2025-02-14 04:19:41";"2025-12-29 12:14:27";90.027;718.2703;1;37;"2025-02-14 04:19:41";"2025-12-29 12:14:27";1;0
"user_1653";63;53;"2025-01-19 22:32:59";"2025-06-25 17:38:09";90.2698;726.0476;1;63;"2025-01-19 22:32:59";"2025-06-25 17:38:09";188;1
"user_1654";51;48;"2025-02-24 16:04:43";"2025-12-26 04:04:05";94.5098;755.1961;1;51;"2025-02-24 16:04:43";"2025-12-26 04:04:05";4;0
"user_1655";63;55;"2025-02-22 05:12:22";"2025-09-09 03:52:09";84.127;680.8889;2;63;"2025-02-22 05:12:22";"2025-09-09 03:52:09";112;1
"user_1656";26;26;"2025-03-04 13:13:45";"2025-12-27 16:16:06";84.0;677.9231;2;26;"2025-03-04 13:13:45";"2025-12-27 16:16:06";3;0
"user_1657";49;44;"2025-01-28 14:20:14";"2025-12-21 09:38:04";87.0204;710.3265;2;49;"2025-01-28 14:20:14";"2025-12-21 09:38:04";9;0
"user_1658";49;46;"2025-01-16 19:49:27";"2025-12-29 02:54:46";83.0612;668.7959;2;49;"2025-01-16 19:49:27";"2025-12-29 02:54:46";1;0
"user_1659";52;49;"2025-01-18 22:04:57";"2025-12-21 05:14:03";86.1154;679.6346;1;52;"2025-01-18 22:04:57";"2025-12-21 05:14:03";9;0
"user_166";25;24;"2025-02-11 10:56:12";"2025-11-03 02:39:27";92.32;757.68;2;25;"2025-02-11 10:56:12";"2025-11-03 02:39:27";57;1
"user_1660";52;47;"2025-02-15 07:05:55";"2025-12-25 12:53:53";88.3654;695.8846;2;52;"2025-02-15 07:05:55";"2025-12-25 12:53:53";5;0
"user_1661";46;41;"2025-02-09 12:49:39";"2025-12-22 23:37:09";91.4565;740.3913;2;46;"2025-02-09 12:49:39";"2025-12-22 23:37:09";8;0
"user_1662";52;46;"2025-01-31 04:41:31";"2025-12-29 06:13:43";86.6731;694.1538;2;52;"2025-01-31 04:41:31";"2025-12-29 06:13:43";1;0
"user_1663";20;20;"2025-03-14 19:38:55";"2025-12-13 01:00:41";87.65;721.75;2;20;"2025-03-14 19:38:55";"2025-12-13 01:00:41";17;0
"user_1664";52;44;"2025-02-01 01:45:08";"2025-12-30 20:49:41";90.7115;696.5577;2;52;"2025-02-01 01:45:08";"2025-12-30 20:49:41";0;0
"user_1665";16;16;"2025-03-04 06:12:33";"2025-11-20 08:46:50";82.75;650.9375;1;16;"2025-03-04 06:12:33";"2025-11-20 08:46:50";40;1
"user_1666";18;17;"2025-02-19 07:37:35";"2025-12-17 13:20:51";82.3889;653.4444;1;18;"2025-02-19 07:37:35";"2025-12-17 13:20:51";13;0
"user_1667";72;59;"2025-01-04 17:32:47";"2025-06-20 20:08:33";91.5556;720.0556;1;72;"2025-01-04 17:32:47";"2025-06-20 20:08:33";193;1
"user_1668";13;9;"2025-03-01 19:22:05";"2025-12-19 21:09:51";91.4615;738.9231;2;13;"2025-03-01 19:22:05";"2025-12-19 21:09:51";11;0
"user_1669";88;63;"2025-01-06 04:40:30";"2025-08-05 20:59:13";89.0;698.7841;1;88;"2025-01-06 04:40:30";"2025-08-05 20:59:13";147;1
"user_167";49;49;"2025-01-28 01:02:53";"2025-12-27 14:53:58";88.9592;717.7959;1;49;"2025-01-28 01:02:53";"2025-12-27 14:53:58";3;0
"user_1670";34;32;"2025-03-07 18:18:38";"2025-12-12 08:56:39";86.1471;685.5;1;34;"2025-03-07 18:18:38";"2025-12-12 08:56:39";18;0
"user_1671";40;39;"2025-02-22 23:27:16";"2025-12-14 00:25:50";85.525;701.95;2;40;"2025-02-22 23:27:16";"2025-12-14 00:25:50";16;0
"user_1672";11;10;"2025-04-20 14:25:59";"2025-12-15 00:34:57";87.4545;727.5455;2;11;"2025-04-20 14:25:59";"2025-12-15 00:34:57";15;0
"user_1673";14;13;"2025-02-20 21:25:33";"2025-12-21 04:22:18";86.8571;667.6429;2;14;"2025-02-20 21:25:33";"2025-12-21 04:22:18";9;0
"user_1674";17;17;"2025-01-27 05:53:07";"2025-12-19 02:50:16";99.7059;763.7647;2;17;"2025-01-27 05:53:07";"2025-12-19 02:50:16";11;0
"user_1675";21;19;"2025-01-20 15:19:48";"2025-12-27 12:51:17";91.0952;727.9048;2;21;"2025-01-20 15:19:48";"2025-12-27 12:51:17";3;0
"user_1676";53;49;"2025-02-03 03:51:27";"2025-12-25 16:36:37";94.283;758.1321;1;53;"2025-02-03 03:51:27";"2025-12-25 16:36:37";5;0
"user_1677";71;61;"2025-02-10 14:19:17";"2025-08-06 07:31:58";89.1831;720.7887;2;71;"2025-02-10 14:19:17";"2025-08-06 07:31:58";146;1
"user_1678";48;42;"2025-01-31 00:20:09";"2025-12-23 15:03:32";88.1042;742.875;2;48;"2025-01-31 00:20:09";"2025-12-23 15:03:32";7;0
"user_1679";83;74;"2025-02-01 05:13:58";"2025-09-18 06:29:18";90.9277;726.241;1;83;"2025-02-01 05:13:58";"2025-09-18 06:29:18";103;1
"user_168";65;55;"2025-01-28 02:40:03";"2025-08-11 23:50:15";91.6615;733.6154;2;65;"2025-01-28 02:40:03";"2025-08-11 23:50:15";141;1
"user_1680";20;19;"2025-02-17 02:10:22";"2025-11-26 04:04:01";93.35;727.15;2;20;"2025-02-17 02:10:22";"2025-11-26 04:04:01";34;1
"user_1681";65;56;"2025-01-18 08:19:33";"2025-11-26 03:19:48";86.5846;691.9385;2;65;"2025-01-18 08:19:33";"2025-11-26 03:19:48";34;1
"user_1682";10;10;"2025-03-21 12:56:54";"2025-11-14 08:41:03";91.2;728.4;1;10;"2025-03-21 12:56:54";"2025-11-14 08:41:03";46;1
"user_1683";46;40;"2025-02-19 06:29:06";"2025-12-27 22:41:53";92.1522;725.8478;2;46;"2025-02-19 06:29:06";"2025-12-27 22:41:53";3;0
"user_1684";29;29;"2025-03-19 16:25:09";"2025-12-25 06:56:52";88.5517;702.0345;1;29;"2025-03-19 16:25:09";"2025-12-25 06:56:52";5;0
"user_1685";61;58;"2025-01-13 23:39:03";"2025-08-11 04:14:02";91.8852;728.7377;2;61;"2025-01-13 23:39:03";"2025-08-11 04:14:02";141;1
"user_1686";16;16;"2025-01-17 12:35:14";"2025-12-20 17:26:40";98.5625;804.1875;1;16;"2025-01-17 12:35:14";"2025-12-20 17:26:40";10;0
"user_1687";15;15;"2025-04-07 15:42:14";"2025-12-04 00:33:20";86.5333;675.0;1;15;"2025-04-07 15:42:14";"2025-12-04 00:33:20";26;1
"user_1688";52;47;"2025-02-23 10:14:13";"2025-12-24 15:06:56";85.6154;700.1154;1;52;"2025-02-23 10:14:13";"2025-12-24 15:06:56";6;0
"user_1689";54;49;"2025-01-18 13:49:22";"2025-12-25 10:47:57";90.2778;710.963;1;54;"2025-01-18 13:49:22";"2025-12-25 10:47:57";5;0
"user_169";71;63;"2025-01-20 08:14:04";"2025-08-20 17:05:34";89.9577;723.9437;2;71;"2025-01-20 08:14:04";"2025-08-20 17:05:34";132;1
"user_1690";27;26;"2025-01-29 08:54:43";"2025-12-30 06:28:43";89.8519;735.5926;1;27;"2025-01-29 08:54:43";"2025-12-30 06:28:43";0;0
"user_1691";64;57;"2025-02-08 17:10:05";"2025-09-02 07:03:41";86.0;707.2031;2;64;"2025-02-08 17:10:05";"2025-09-02 07:03:41";119;1
"user_1692";51;47;"2025-02-01 02:18:18";"2025-12-28 21:13:27";91.0;738.5686;1;51;"2025-02-01 02:18:18";"2025-12-28 21:13:27";2;0
"user_1693";57;53;"2025-02-05 19:02:30";"2025-12-25 21:09:50";91.386;719.1579;2;57;"2025-02-05 19:02:30";"2025-12-25 21:09:50";5;0
"user_1694";67;60;"2025-01-15 21:03:17";"2025-08-17 15:42:47";89.4179;694.8806;2;67;"2025-01-15 21:03:17";"2025-08-17 15:42:47";135;1
"user_1695";58;53;"2025-01-22 06:38:38";"2025-12-21 23:50:10";89.5862;735.6379;2;58;"2025-01-22 06:38:38";"2025-12-21 23:50:10";9;0
"user_1696";62;49;"2025-02-22 07:56:42";"2025-07-19 01:13:28";91.0484;729.2419;1;62;"2025-02-22 07:56:42";"2025-07-19 01:13:28";164;1
"user_1697";77;66;"2025-01-28 23:16:13";"2025-08-18 07:58:11";86.6753;696.6234;2;77;"2025-01-28 23:16:13";"2025-08-18 07:58:11";134;1
"user_1698";82;73;"2025-02-17 01:34:14";"2025-10-20 01:52:31";90.0;700.1341;2;82;"2025-02-17 01:34:14";"2025-10-20 01:52:31";71;1
"user_1699";20;20;"2025-01-14 12:14:14";"2025-12-25 14:44:54";83.6;672.45;1;20;"2025-01-14 12:14:14";"2025-12-25 14:44:54";5;0
"user_17";50;47;"2025-01-11 21:21:42";"2025-12-17 13:19:42";90.78;736.54;1;50;"2025-01-11 21:21:42";"2025-12-17 13:19:42";13;0
"user_170";43;41;"2025-02-05 03:16:33";"2025-12-25 22:53:33";89.814;715.0698;1;43;"2025-02-05 03:16:33";"2025-12-25 22:53:33";5;0
"user_1700";36;36;"2025-03-04 21:59:47";"2025-12-22 15:09:17";95.4444;800.9444;2;36;"2025-03-04 21:59:47";"2025-12-22 15:09:17";8;0
"user_1701";9;9;"2025-03-01 17:43:00";"2025-11-12 06:30:37";92.6667;713.2222;2;9;"2025-03-01 17:43:00";"2025-11-12 06:30:37";48;1
"user_1702";50;48;"2025-01-27 22:14:06";"2025-12-23 17:45:01";84.86;692.06;1;50;"2025-01-27 22:14:06";"2025-12-23 17:45:01";7;0
"user_1703";45;39;"2025-01-27 04:19:34";"2025-12-29 09:41:09";94.9778;775.6222;2;45;"2025-01-27 04:19:34";"2025-12-29 09:41:09";1;0
"user_1704";43;42;"2025-01-28 17:44:28";"2025-12-27 17:41:43";88.0233;702.4186;1;43;"2025-01-28 17:44:28";"2025-12-27 17:41:43";3;0
"user_1705";57;51;"2025-02-10 02:48:23";"2025-12-20 12:20:33";89.5789;706.3158;2;57;"2025-02-10 02:48:23";"2025-12-20 12:20:33";10;0
"user_1706";83;68;"2025-01-16 02:15:10";"2025-09-06 21:47:10";88.8795;730.0241;2;83;"2025-01-16 02:15:10";"2025-09-06 21:47:10";115;1
"user_1707";36;35;"2025-02-23 19:03:16";"2025-12-28 22:50:22";95.3056;773.2222;2;36;"2025-02-23 19:03:16";"2025-12-28 22:50:22";2;0
"user_1708";99;85;"2025-02-25 10:35:02";"2025-12-30 00:53:46";89.2323;746.101;1;99;"2025-02-25 10:35:02";"2025-12-30 00:53:46";0;0
"user_1709";41;36;"2025-03-02 14:53:16";"2025-12-25 20:50:17";88.3902;715.1463;1;41;"2025-03-02 14:53:16";"2025-12-25 20:50:17";5;0
"user_171";26;25;"2025-02-08 00:33:47";"2025-12-16 11:35:31";86.4615;675.6923;1;26;"2025-02-08 00:33:47";"2025-12-16 11:35:31";14;0
"user_1710";26;25;"2025-01-11 02:37:01";"2025-12-25 01:37:40";88.7692;726.8846;2;26;"2025-01-11 02:37:01";"2025-12-25 01:37:40";5;0
"user_1711";93;87;"2025-01-15 10:48:18";"2025-09-15 01:58:09";91.2043;712.7527;1;93;"2025-01-15 10:48:18";"2025-09-15 01:58:09";106;1
"user_1712";87;74;"2025-03-01 14:32:25";"2025-12-27 06:45:25";90.1494;706.3908;1;87;"2025-03-01 14:32:25";"2025-12-27 06:45:25";3;0
"user_1713";26;25;"2025-01-18 14:06:55";"2025-12-30 07:35:22";85.5769;684.1923;2;26;"2025-01-18 14:06:55";"2025-12-30 07:35:22";0;0
"user_1714";50;48;"2025-01-29 03:54:09";"2025-12-16 10:52:43";88.8;715.68;2;50;"2025-01-29 03:54:09";"2025-12-16 10:52:43";14;0
"user_1715";72;56;"2025-01-14 11:27:09";"2025-09-15 15:58:50";90.0;749.3472;1;72;"2025-01-14 11:27:09";"2025-09-15 15:58:50";106;1
"user_1716";12;12;"2025-02-17 01:32:37";"2025-11-30 09:21:38";91.9167;794.0;1;12;"2025-02-17 01:32:37";"2025-11-30 09:21:38";30;1
"user_1717";60;49;"2025-02-20 18:14:25";"2025-09-16 12:31:42";86.9333;707.0833;1;60;"2025-02-20 18:14:25";"2025-09-16 12:31:42";105;1
"user_1718";31;31;"2025-03-09 05:20:18";"2025-12-29 01:38:50";89.3871;751.1613;2;31;"2025-03-09 05:20:18";"2025-12-29 01:38:50";1;0
"user_1719";18;17;"2025-02-17 06:10:43";"2025-12-19 06:15:01";97.2778;760.4444;2;18;"2025-02-17 06:10:43";"2025-12-19 06:15:01";11;0
"user_172";60;47;"2025-02-26 16:42:05";"2025-09-02 09:39:42";87.5167;726.5167;2;60;"2025-02-26 16:42:05";"2025-09-02 09:39:42";119;1
"user_1720";71;64;"2025-02-12 09:41:57";"2025-08-24 05:50:07";95.3521;741.2676;2;71;"2025-02-12 09:41:57";"2025-08-24 05:50:07";128;1
"user_1721";71;60;"2025-02-07 20:50:49";"2025-08-25 19:29:34";90.8169;717.7042;1;71;"2025-02-07 20:50:49";"2025-08-25 19:29:34";127;1
"user_1722";69;59;"2025-01-11 18:40:57";"2025-08-11 07:31:29";90.8696;738.0145;1;69;"2025-01-11 18:40:57";"2025-08-11 07:31:29";141;1
"user_1723";40;36;"2025-02-17 10:17:09";"2025-12-15 08:34:05";87.975;703.65;1;40;"2025-02-17 10:17:09";"2025-12-15 08:34:05";15;0
"user_1724";68;52;"2025-02-26 02:26:27";"2025-08-19 03:37:53";93.9118;770.2647;1;68;"2025-02-26 02:26:27";"2025-08-19 03:37:53";133;1
"user_1725";21;21;"2025-03-03 22:46:45";"2025-12-26 11:52:01";85.2857;684.5714;2;21;"2025-03-03 22:46:45";"2025-12-26 11:52:01";4;0
"user_1726";60;51;"2025-01-07 22:04:14";"2025-07-19 00:15:04";89.4333;718.4333;2;60;"2025-01-07 22:04:14";"2025-07-19 00:15:04";164;1
"user_1727";36;34;"2025-03-05 17:30:46";"2025-12-24 17:58:15";86.8611;684.9444;2;36;"2025-03-05 17:30:46";"2025-12-24 17:58:15";6;0
"user_1728";13;13;"2025-02-26 15:49:32";"2025-12-21 07:00:58";90.9231;708.2308;1;13;"2025-02-26 15:49:32";"2025-12-21 07:00:58";9;0
"user_1729";20;20;"2025-02-24 05:39:49";"2025-12-22 19:23:13";84.45;682.7;2;20;"2025-02-24 05:39:49";"2025-12-22 19:23:13";8;0
"user_173";54;50;"2025-02-22 12:13:53";"2025-12-26 17:57:55";84.9259;684.8704;1;54;"2025-02-22 12:13:53";"2025-12-26 17:57:55";4;0
"user_1730";46;45;"2025-02-08 08:47:07";"2025-12-17 18:15:15";89.413;725.0435;2;46;"2025-02-08 08:47:07";"2025-12-17 18:15:15";13;0
"user_1731";63;59;"2025-01-04 02:31:23";"2025-12-26 11:21:10";89.127;715.619;1;63;"2025-01-04 02:31:23";"2025-12-26 11:21:10";4;0
"user_1732";57;53;"2025-01-20 15:39:44";"2025-12-26 07:22:04";89.4211;699.2807;2;57;"2025-01-20 15:39:44";"2025-12-26 07:22:04";4;0
"user_1733";49;46;"2025-02-11 12:36:08";"2025-12-15 01:26:11";81.7755;655.1224;2;49;"2025-02-11 12:36:08";"2025-12-15 01:26:11";15;0
"user_1734";57;54;"2025-01-12 18:32:48";"2025-12-16 05:57:57";92.5614;736.7018;2;57;"2025-01-12 18:32:48";"2025-12-16 05:57:57";14;0
"user_1735";62;50;"2025-02-23 17:23:51";"2025-09-03 10:05:44";89.2258;721.2742;1;62;"2025-02-23 17:23:51";"2025-09-03 10:05:44";118;1
"user_1736";10;10;"2025-02-02 18:53:39";"2025-12-16 04:07:01";94.2;755.3;2;10;"2025-02-02 18:53:39";"2025-12-16 04:07:01";14;0
"user_1737";61;55;"2025-01-15 04:04:26";"2025-12-30 18:07:10";86.9508;712.0492;2;61;"2025-01-15 04:04:26";"2025-12-30 18:07:10";0;0
"user_1738";72;57;"2025-01-09 21:17:19";"2025-08-04 19:44:28";93.0972;754.4167;2;72;"2025-01-09 21:17:19";"2025-08-04 19:44:28";148;1
"user_1739";43;40;"2025-02-10 23:16:35";"2025-12-25 04:02:10";89.3256;729.0;2;43;"2025-02-10 23:16:35";"2025-12-25 04:02:10";5;0
"user_174";89;72;"2025-02-09 22:58:50";"2025-10-18 23:11:04";89.1011;708.1573;2;89;"2025-02-09 22:58:50";"2025-10-18 23:11:04";73;1
"user_1740";40;39;"2025-03-12 03:46:04";"2025-12-17 23:39:57";82.9;690.85;1;40;"2025-03-12 03:46:04";"2025-12-17 23:39:57";13;0
"user_1741";21;21;"2025-02-13 07:28:23";"2025-12-13 20:37:32";86.1905;659.4762;1;21;"2025-02-13 07:28:23";"2025-12-13 20:37:32";17;0
"user_1742";30;29;"2025-01-11 12:51:18";"2025-12-30 12:32:20";83.2333;691.9667;1;30;"2025-01-11 12:51:18";"2025-12-30 12:32:20";0;0
"user_1743";26;26;"2025-01-13 11:04:21";"2025-12-21 03:49:38";85.8077;703.3462;1;26;"2025-01-13 11:04:21";"2025-12-21 03:49:38";9;0
"user_1744";94;82;"2025-01-05 15:18:34";"2025-10-24 23:53:00";92.1915;731.8404;2;94;"2025-01-05 15:18:34";"2025-10-24 23:53:00";67;1
"user_1745";66;59;"2025-01-27 16:18:44";"2025-12-29 00:35:42";88.1667;720.6364;2;66;"2025-01-27 16:18:44";"2025-12-29 00:35:42";1;0
"user_1746";65;60;"2025-01-29 09:08:17";"2025-12-27 18:58:27";91.4769;727.4923;2;65;"2025-01-29 09:08:17";"2025-12-27 18:58:27";3;0
"user_1747";106;94;"2025-02-05 14:24:04";"2025-11-16 23:26:36";92.8019;723.8491;2;106;"2025-02-05 14:24:04";"2025-11-16 23:26:36";44;1
"user_1748";60;54;"2025-01-20 04:59:43";"2025-07-27 12:16:30";84.75;669.1833;2;60;"2025-01-20 04:59:43";"2025-07-27 12:16:30";156;1
"user_1749";17;17;"2025-01-18 03:30:23";"2025-12-28 11:27:09";83.8235;696.7647;2;17;"2025-01-18 03:30:23";"2025-12-28 11:27:09";2;0
"user_175";41;38;"2025-02-04 17:03:17";"2025-12-26 07:55:59";87.6585;716.3659;2;41;"2025-02-04 17:03:17";"2025-12-26 07:55:59";4;0
"user_1750";127;98;"2025-01-16 11:59:18";"2025-12-30 15:39:59";92.4488;731.9843;2;127;"2025-01-16 11:59:18";"2025-12-30 15:39:59";0;0
"user_1751";37;35;"2025-02-10 08:11:03";"2025-12-25 10:11:54";90.5676;725.0541;2;37;"2025-02-10 08:11:03";"2025-12-25 10:11:54";5;0
"user_1752";69;59;"2025-01-03 13:42:40";"2025-07-07 11:59:08";91.058;736.2174;2;69;"2025-01-03 13:42:40";"2025-07-07 11:59:08";176;1
"user_1753";78;69;"2025-02-07 17:02:25";"2025-10-05 20:06:42";89.3462;720.8077;2;78;"2025-02-07 17:02:25";"2025-10-05 20:06:42";86;1
"user_1754";93;73;"2025-02-18 14:07:19";"2025-10-22 05:31:14";86.043;686.7097;1;93;"2025-02-18 14:07:19";"2025-10-22 05:31:14";69;1
"user_1755";12;12;"2025-01-20 17:17:01";"2025-12-23 13:33:21";88.6667;737.3333;1;12;"2025-01-20 17:17:01";"2025-12-23 13:33:21";7;0
"user_1756";22;22;"2025-03-07 15:11:00";"2025-12-15 10:34:51";88.0909;717.8182;2;22;"2025-03-07 15:11:00";"2025-12-15 10:34:51";15;0
"user_1757";12;12;"2025-02-04 14:58:23";"2025-12-16 14:44:25";95.25;744.25;2;12;"2025-02-04 14:58:23";"2025-12-16 14:44:25";14;0
"user_1758";34;33;"2025-02-08 16:51:11";"2025-12-30 18:36:51";91.2647;746.8235;1;34;"2025-02-08 16:51:11";"2025-12-30 18:36:51";0;0
"user_1759";97;87;"2025-01-23 10:31:37";"2025-12-24 09:12:10";89.6392;723.6701;2;97;"2025-01-23 10:31:37";"2025-12-24 09:12:10";6;0
"user_176";65;56;"2025-02-01 19:08:57";"2025-07-25 03:44:15";94.1231;748.2769;1;65;"2025-02-01 19:08:57";"2025-07-25 03:44:15";158;1
"user_1760";41;40;"2025-02-13 17:09:19";"2025-12-29 04:16:44";89.6585;743.3415;1;41;"2025-02-13 17:09:19";"2025-12-29 04:16:44";1;0
"user_1761";56;54;"2025-01-11 07:50:13";"2025-12-29 14:16:00";89.6429;725.2321;2;56;"2025-01-11 07:50:13";"2025-12-29 14:16:00";1;0
"user_1762";21;21;"2025-03-08 16:56:03";"2025-11-14 14:57:12";92.5714;718.3333;2;21;"2025-03-08 16:56:03";"2025-11-14 14:57:12";46;1
"user_1763";60;50;"2025-03-02 14:22:10";"2025-09-21 23:14:26";88.9333;723.1;2;60;"2025-03-02 14:22:10";"2025-09-21 23:14:26";100;1
"user_1764";55;51;"2025-02-28 21:11:19";"2025-12-21 16:02:34";90.5636;736.3636;2;55;"2025-02-28 21:11:19";"2025-12-21 16:02:34";9;0
"user_1765";88;75;"2025-01-31 22:25:05";"2025-10-31 19:18:15";90.2273;728.8636;1;88;"2025-01-31 22:25:05";"2025-10-31 19:18:15";60;1
"user_1766";44;42;"2025-02-16 11:38:23";"2025-12-30 23:29:28";86.2045;676.7955;2;44;"2025-02-16 11:38:23";"2025-12-30 23:29:28";0;0
"user_1767";17;16;"2025-02-27 18:35:59";"2025-12-18 06:02:41";90.8235;725.0588;2;17;"2025-02-27 18:35:59";"2025-12-18 06:02:41";12;0
"user_1768";54;53;"2025-03-05 15:02:27";"2025-12-28 08:17:48";84.5;667.3333;2;54;"2025-03-05 15:02:27";"2025-12-28 08:17:48";2;0
"user_1769";56;51;"2025-01-19 02:30:10";"2025-12-28 09:08:04";88.1786;696.3393;2;56;"2025-01-19 02:30:10";"2025-12-28 09:08:04";2;0
"user_177";26;23;"2025-02-08 21:23:16";"2025-12-05 06:08:54";93.4231;778.1154;1;26;"2025-02-08 21:23:16";"2025-12-05 06:08:54";25;1
"user_1770";43;41;"2025-03-03 18:28:47";"2025-12-30 00:43:13";90.6744;733.8605;2;43;"2025-03-03 18:28:47";"2025-12-30 00:43:13";0;0
"user_1771";42;40;"2025-02-06 18:59:47";"2025-12-24 15:37:37";91.3333;750.0952;1;42;"2025-02-06 18:59:47";"2025-12-24 15:37:37";6;0
"user_1772";31;31;"2025-02-16 23:03:36";"2025-12-26 05:28:34";86.6452;709.5161;1;31;"2025-02-16 23:03:36";"2025-12-26 05:28:34";4;0
"user_1773";15;15;"2025-02-13 00:54:14";"2025-12-24 14:52:40";100.2;811.8;1;15;"2025-02-13 00:54:14";"2025-12-24 14:52:40";6;0
"user_1774";13;13;"2025-03-14 02:25:46";"2025-12-01 18:39:56";85.3846;658.3846;2;13;"2025-03-14 02:25:46";"2025-12-01 18:39:56";29;1
"user_1775";23;23;"2025-01-29 02:56:03";"2025-12-21 20:07:34";92.2174;753.9565;1;23;"2025-01-29 02:56:03";"2025-12-21 20:07:34";9;0
"user_1776";67;60;"2025-01-11 05:35:01";"2025-12-23 18:24:48";88.0448;712.7015;1;67;"2025-01-11 05:35:01";"2025-12-23 18:24:48";7;0
"user_1777";23;22;"2025-03-14 11:44:00";"2025-12-23 17:56:22";92.6522;710.0;1;23;"2025-03-14 11:44:00";"2025-12-23 17:56:22";7;0
"user_1778";47;46;"2025-02-07 04:57:44";"2025-12-24 05:54:09";86.5745;688.2979;2;47;"2025-02-07 04:57:44";"2025-12-24 05:54:09";6;0
"user_1779";67;59;"2025-02-20 13:15:12";"2025-09-27 18:36:24";91.209;731.0597;1;67;"2025-02-20 13:15:12";"2025-09-27 18:36:24";94;1
"user_178";45;43;"2025-01-09 16:47:57";"2025-12-14 12:14:15";91.4222;759.3778;1;45;"2025-01-09 16:47:57";"2025-12-14 12:14:15";16;0
"user_1780";20;20;"2025-01-12 13:01:25";"2025-12-24 06:19:14";92.95;715.7;2;20;"2025-01-12 13:01:25";"2025-12-24 06:19:14";6;0
"user_1781";79;71;"2025-01-24 10:51:35";"2025-10-15 15:55:18";91.7848;727.5823;1;79;"2025-01-24 10:51:35";"2025-10-15 15:55:18";76;1
"user_1782";13;13;"2025-02-18 11:37:01";"2025-12-02 19:28:18";95.9231;738.1538;1;13;"2025-02-18 11:37:01";"2025-12-02 19:28:18";28;1
"user_1783";55;49;"2025-01-14 15:05:56";"2025-12-09 00:54:19";95.1455;772.4545;1;55;"2025-01-14 15:05:56";"2025-12-09 00:54:19";21;0
"user_1784";44;44;"2025-02-11 04:27:47";"2025-12-26 19:12:16";93.0455;730.6364;1;44;"2025-02-11 04:27:47";"2025-12-26 19:12:16";4;0
"user_1785";15;15;"2025-02-15 19:52:28";"2025-11-16 06:05:59";89.3333;756.8;2;15;"2025-02-15 19:52:28";"2025-11-16 06:05:59";44;1
"user_1786";16;16;"2025-02-21 11:58:54";"2025-12-26 13:16:06";96.0;742.625;2;16;"2025-02-21 11:58:54";"2025-12-26 13:16:06";4;0
"user_1787";48;47;"2025-02-11 23:59:26";"2025-12-22 16:47:35";91.9375;744.8542;1;48;"2025-02-11 23:59:26";"2025-12-22 16:47:35";8;0
"user_1788";40;35;"2025-02-08 17:42:54";"2025-12-27 20:31:57";86.8;715.825;1;40;"2025-02-08 17:42:54";"2025-12-27 20:31:57";3;0
"user_1789";70;60;"2025-02-07 18:51:05";"2025-09-11 11:31:17";85.6857;679.1429;1;70;"2025-02-07 18:51:05";"2025-09-11 11:31:17";110;1
"user_179";10;10;"2025-02-12 04:47:38";"2025-11-03 09:13:29";90.5;759.3;2;10;"2025-02-12 04:47:38";"2025-11-03 09:13:29";57;1
"user_1790";51;50;"2025-01-04 08:11:33";"2025-12-27 03:36:46";90.7059;744.6078;2;51;"2025-01-04 08:11:33";"2025-12-27 03:36:46";3;0
"user_1791";87;77;"2025-03-01 01:44:44";"2025-12-30 13:30:40";91.3103;738.3333;2;87;"2025-03-01 01:44:44";"2025-12-30 13:30:40";0;0
"user_1792";18;18;"2025-03-15 00:48:25";"2025-11-13 12:02:49";91.9444;779.0;2;18;"2025-03-15 00:48:25";"2025-11-13 12:02:49";47;1
"user_1793";44;44;"2025-02-04 20:49:40";"2025-12-18 16:09:51";90.4545;729.1591;1;44;"2025-02-04 20:49:40";"2025-12-18 16:09:51";12;0
"user_1794";22;21;"2025-02-22 06:24:49";"2025-12-17 20:57:17";81.5;690.8636;2;22;"2025-02-22 06:24:49";"2025-12-17 20:57:17";13;0
"user_1795";96;83;"2025-01-04 15:36:47";"2025-11-02 12:28:07";90.3125;711.7188;1;96;"2025-01-04 15:36:47";"2025-11-02 12:28:07";58;1
"user_1796";94;79;"2025-02-22 22:03:16";"2025-12-29 02:49:19";89.8191;715.4468;2;94;"2025-02-22 22:03:16";"2025-12-29 02:49:19";1;0
"user_1797";19;19;"2025-01-20 02:40:50";"2025-11-20 12:02:29";92.5789;748.7368;1;19;"2025-01-20 02:40:50";"2025-11-20 12:02:29";40;1
"user_1798";99;83;"2025-03-01 18:13:39";"2025-12-09 21:36:46";86.4242;690.3939;2;99;"2025-03-01 18:13:39";"2025-12-09 21:36:46";21;0
"user_1799";66;51;"2025-01-31 02:04:34";"2025-06-22 02:12:25";91.803;741.1667;1;66;"2025-01-31 02:04:34";"2025-06-22 02:12:25";191;1
"user_18";40;38;"2025-01-17 14:27:40";"2025-12-29 15:04:44";86.425;714.325;2;40;"2025-01-17 14:27:40";"2025-12-29 15:04:44";1;0
"user_180";60;46;"2025-02-10 00:36:38";"2025-07-02 01:50:47";87.9667;720.7833;1;60;"2025-02-10 00:36:38";"2025-07-02 01:50:47";181;1
"user_1800";79;65;"2025-01-19 05:15:15";"2025-08-01 09:48:43";91.0633;737.7848;2;79;"2025-01-19 05:15:15";"2025-08-01 09:48:43";151;1
"user_1801";11;11;"2025-01-10 21:19:49";"2025-10-13 05:56:51";104.1818;803.8182;1;11;"2025-01-10 21:19:49";"2025-10-13 05:56:51";78;1
"user_1802";23;23;"2025-02-16 02:12:41";"2025-12-08 00:07:42";91.5217;737.1739;1;23;"2025-02-16 02:12:41";"2025-12-08 00:07:42";22;1
"user_1803";52;49;"2025-02-08 07:27:07";"2025-12-24 06:51:04";89.8654;737.75;2;52;"2025-02-08 07:27:07";"2025-12-24 06:51:04";6;0
"user_1804";69;54;"2025-01-21 10:32:39";"2025-08-14 09:33:01";89.2464;710.3478;1;69;"2025-01-21 10:32:39";"2025-08-14 09:33:01";138;1
"user_1805";51;49;"2025-02-26 03:54:35";"2025-12-06 03:00:18";92.4902;742.0392;2;51;"2025-02-26 03:54:35";"2025-12-06 03:00:18";24;1
"user_1806";25;22;"2025-01-15 19:32:04";"2025-12-24 17:28:14";82.04;644.6;1;25;"2025-01-15 19:32:04";"2025-12-24 17:28:14";6;0
"user_1807";33;31;"2025-01-21 12:33:17";"2025-12-18 21:32:27";88.0909;726.5152;1;33;"2025-01-21 12:33:17";"2025-12-18 21:32:27";12;0
"user_1808";99;88;"2025-01-27 13:44:12";"2025-11-01 10:55:50";86.2121;686.7172;2;99;"2025-01-27 13:44:12";"2025-11-01 10:55:50";59;1
"user_1809";65;56;"2025-02-11 20:53:51";"2025-09-17 21:26:39";88.5846;731.1385;1;65;"2025-02-11 20:53:51";"2025-09-17 21:26:39";104;1
"user_181";60;56;"2025-01-21 19:54:00";"2025-12-21 02:53:02";92.3333;729.4;2;60;"2025-01-21 19:54:00";"2025-12-21 02:53:02";9;0
"user_1810";98;85;"2025-03-07 13:31:51";"2025-12-28 16:26:44";90.7551;713.2041;1;98;"2025-03-07 13:31:51";"2025-12-28 16:26:44";2;0
"user_1811";24;23;"2025-01-09 04:30:04";"2025-12-25 15:21:01";103.8333;812.7083;1;24;"2025-01-09 04:30:04";"2025-12-25 15:21:01";5;0
"user_1812";16;16;"2025-02-25 00:02:36";"2025-12-20 01:57:02";86.25;654.875;2;16;"2025-02-25 00:02:36";"2025-12-20 01:57:02";10;0
"user_1813";67;59;"2025-02-14 20:50:27";"2025-09-01 06:51:26";86.597;699.9701;2;67;"2025-02-14 20:50:27";"2025-09-01 06:51:26";120;1
"user_1814";74;60;"2025-02-05 05:54:22";"2025-09-07 06:11:16";88.9865;728.5135;2;74;"2025-02-05 05:54:22";"2025-09-07 06:11:16";114;1
"user_1815";62;51;"2025-02-02 11:13:19";"2025-06-26 19:16:01";90.9194;752.9839;2;62;"2025-02-02 11:13:19";"2025-06-26 19:16:01";187;1
"user_1816";11;11;"2025-03-07 02:22:10";"2025-12-28 20:44:39";88.7273;675.4545;1;11;"2025-03-07 02:22:10";"2025-12-28 20:44:39";2;0
"user_1817";124;103;"2025-01-18 13:57:48";"2025-12-30 07:10:18";90.5;727.5887;2;124;"2025-01-18 13:57:48";"2025-12-30 07:10:18";0;0
"user_1818";20;20;"2025-03-13 23:23:56";"2025-12-22 16:14:33";92.25;714.75;1;20;"2025-03-13 23:23:56";"2025-12-22 16:14:33";8;0
"user_1819";60;54;"2025-02-14 12:05:51";"2025-12-17 19:47:10";89.9667;736.7;1;60;"2025-02-14 12:05:51";"2025-12-17 19:47:10";13;0
"user_182";101;81;"2025-01-03 10:02:19";"2025-11-04 04:43:38";88.2574;710.1485;2;101;"2025-01-03 10:02:19";"2025-11-04 04:43:38";56;1
"user_1820";41;38;"2025-03-03 20:57:53";"2025-12-30 19:15:59";88.4878;722.2439;1;41;"2025-03-03 20:57:53";"2025-12-30 19:15:59";0;0
"user_1821";62;58;"2025-02-22 10:05:44";"2025-08-31 07:23:53";89.5323;706.4032;2;62;"2025-02-22 10:05:44";"2025-08-31 07:23:53";121;1
"user_1822";74;64;"2025-01-03 14:10:01";"2025-08-02 11:29:48";91.7162;753.6081;1;74;"2025-01-03 14:10:01";"2025-08-02 11:29:48";150;1
"user_1823";53;49;"2025-01-21 08:35:49";"2025-12-29 22:08:24";90.3019;726.6604;1;53;"2025-01-21 08:35:49";"2025-12-29 22:08:24";1;0
"user_1824";24;24;"2025-02-23 22:43:45";"2025-12-20 08:29:28";97.375;803.125;1;24;"2025-02-23 22:43:45";"2025-12-20 08:29:28";10;0
"user_1825";38;34;"2025-01-20 21:50:35";"2025-12-27 02:02:59";89.6842;719.2895;1;38;"2025-01-20 21:50:35";"2025-12-27 02:02:59";3;0
"user_1826";54;50;"2025-01-03 09:18:57";"2025-12-28 21:42:12";90.4259;734.4259;2;54;"2025-01-03 09:18:57";"2025-12-28 21:42:12";2;0
"user_1827";84;69;"2025-02-27 10:56:38";"2025-10-13 11:47:12";87.5238;717.6786;2;84;"2025-02-27 10:56:38";"2025-10-13 11:47:12";78;1
"user_1828";17;17;"2025-02-17 15:28:31";"2025-11-15 14:49:52";91.9412;763.1176;1;17;"2025-02-17 15:28:31";"2025-11-15 14:49:52";45;1
"user_1829";16;16;"2025-02-06 08:18:13";"2025-12-22 23:47:51";84.4375;649.9375;2;16;"2025-02-06 08:18:13";"2025-12-22 23:47:51";8;0
"user_183";14;14;"2025-01-20 12:26:38";"2025-09-17 22:28:47";81.4286;657.3571;1;14;"2025-01-20 12:26:38";"2025-09-17 22:28:47";104;1
"user_1830";64;54;"2025-01-27 06:39:33";"2025-09-03 14:57:22";89.0781;723.9219;1;64;"2025-01-27 06:39:33";"2025-09-03 14:57:22";118;1
"user_1831";13;12;"2025-02-22 08:48:36";"2025-12-02 23:51:38";93.1538;747.0769;2;13;"2025-02-22 08:48:36";"2025-12-02 23:51:38";28;1
"user_1832";54;51;"2025-01-10 05:35:43";"2025-12-27 04:30:40";91.0185;720.7037;1;54;"2025-01-10 05:35:43";"2025-12-27 04:30:40";3;0
"user_1833";45;44;"2025-01-26 09:50:36";"2025-12-29 08:08:59";94.2;761.8222;2;45;"2025-01-26 09:50:36";"2025-12-29 08:08:59";1;0
"user_1834";22;22;"2025-01-25 00:14:32";"2025-12-16 19:41:45";90.7727;749.9091;1;22;"2025-01-25 00:14:32";"2025-12-16 19:41:45";14;0
"user_1835";27;27;"2025-02-05 19:48:24";"2025-12-26 17:10:43";82.7407;672.3704;2;27;"2025-02-05 19:48:24";"2025-12-26 17:10:43";4;0
"user_1836";29;27;"2025-01-06 04:15:56";"2025-12-13 19:17:28";88.7586;733.3793;2;29;"2025-01-06 04:15:56";"2025-12-13 19:17:28";17;0
"user_1837";94;78;"2025-02-05 15:16:28";"2025-09-21 10:52:12";91.234;737.7872;1;94;"2025-02-05 15:16:28";"2025-09-21 10:52:12";100;1
"user_1838";60;54;"2025-02-09 01:57:56";"2025-12-30 06:20:21";88.0;692.9;1;60;"2025-02-09 01:57:56";"2025-12-30 06:20:21";0;0
"user_1839";21;19;"2025-03-12 03:23:39";"2025-12-24 00:59:44";86.9524;718.4762;2;21;"2025-03-12 03:23:39";"2025-12-24 00:59:44";6;0
"user_184";15;15;"2025-02-18 13:39:28";"2025-11-18 18:39:12";100.4;857.6;2;15;"2025-02-18 13:39:28";"2025-11-18 18:39:12";42;1
"user_1840";100;86;"2025-01-02 12:55:30";"2025-11-07 00:20:26";90.83;709.74;2;100;"2025-01-02 12:55:30";"2025-11-07 00:20:26";53;1
"user_1841";55;51;"2025-01-25 08:39:51";"2025-12-26 16:19:51";90.0182;725.7273;1;55;"2025-01-25 08:39:51";"2025-12-26 16:19:51";4;0
"user_1842";52;45;"2025-02-19 08:13:37";"2025-12-24 02:10:11";94.6923;771.0192;1;52;"2025-02-19 08:13:37";"2025-12-24 02:10:11";6;0
"user_1843";52;47;"2025-02-04 17:35:51";"2025-12-18 04:33:06";92.5962;756.0385;2;52;"2025-02-04 17:35:51";"2025-12-18 04:33:06";12;0
"user_1844";56;54;"2025-02-10 03:23:04";"2025-12-25 11:51:02";88.1964;708.2143;1;56;"2025-02-10 03:23:04";"2025-12-25 11:51:02";5;0
"user_1845";19;19;"2025-02-13 12:17:47";"2025-11-27 02:00:16";100.0526;828.2632;2;19;"2025-02-13 12:17:47";"2025-11-27 02:00:16";33;1
"user_1846";62;50;"2025-02-18 20:33:18";"2025-08-29 16:16:24";88.4194;709.6129;1;62;"2025-02-18 20:33:18";"2025-08-29 16:16:24";123;1
"user_1847";81;71;"2025-02-15 23:25:29";"2025-11-16 15:51:13";92.7778;752.8395;2;81;"2025-02-15 23:25:29";"2025-11-16 15:51:13";44;1
"user_1848";91;82;"2025-02-21 05:23:02";"2025-12-29 19:18:38";87.0;710.4725;1;91;"2025-02-21 05:23:02";"2025-12-29 19:18:38";1;0
"user_1849";15;14;"2025-02-02 15:59:35";"2025-12-19 16:29:07";85.6;704.3333;2;15;"2025-02-02 15:59:35";"2025-12-19 16:29:07";11;0
"user_185";62;56;"2025-02-05 02:34:47";"2025-08-04 09:40:43";88.7258;683.8871;2;62;"2025-02-05 02:34:47";"2025-08-04 09:40:43";148;1
"user_1850";60;52;"2025-03-05 17:44:10";"2025-12-27 08:54:06";84.6;679.2167;1;60;"2025-03-05 17:44:10";"2025-12-27 08:54:06";3;0
"user_1851";74;64;"2025-02-01 22:43:15";"2025-07-23 02:33:09";87.9459;712.3378;1;74;"2025-02-01 22:43:15";"2025-07-23 02:33:09";160;1
"user_1852";28;27;"2025-01-18 04:53:24";"2025-12-30 00:57:30";87.0;690.3571;2;28;"2025-01-18 04:53:24";"2025-12-30 00:57:30";0;0
"user_1853";18;18;"2025-01-31 19:43:48";"2025-12-29 23:00:28";91.3333;722.3333;1;18;"2025-01-31 19:43:48";"2025-12-29 23:00:28";1;0
"user_1854";23;20;"2025-03-02 01:17:19";"2025-11-27 20:17:48";90.8261;727.6087;2;23;"2025-03-02 01:17:19";"2025-11-27 20:17:48";33;1
"user_1855";9;9;"2025-01-11 08:53:53";"2025-10-03 18:28:48";81.7778;670.6667;2;9;"2025-01-11 08:53:53";"2025-10-03 18:28:48";88;1
"user_1856";73;62;"2025-02-13 13:55:45";"2025-09-06 11:11:55";93.863;750.0274;2;73;"2025-02-13 13:55:45";"2025-09-06 11:11:55";115;1
"user_1857";21;21;"2025-02-25 02:33:03";"2025-12-13 04:36:34";82.0476;646.9524;2;21;"2025-02-25 02:33:03";"2025-12-13 04:36:34";17;0
"user_1858";46;42;"2025-01-27 21:15:44";"2025-12-22 06:44:45";86.587;709.2826;2;46;"2025-01-27 21:15:44";"2025-12-22 06:44:45";8;0
"user_1859";29;28;"2025-02-11 08:27:35";"2025-12-30 22:56:51";88.5862;726.931;1;29;"2025-02-11 08:27:35";"2025-12-30 22:56:51";0;0
"user_186";21;20;"2025-02-27 12:55:44";"2025-12-26 12:42:45";89.4286;719.9524;2;21;"2025-02-27 12:55:44";"2025-12-26 12:42:45";4;0
"user_1860";20;18;"2025-01-18 06:25:43";"2025-12-21 00:42:33";88.5;724.0;2;20;"2025-01-18 06:25:43";"2025-12-21 00:42:33";9;0
"user_1861";23;21;"2025-02-19 05:51:28";"2025-12-03 07:37:13";89.8696;738.6087;1;23;"2025-02-19 05:51:28";"2025-12-03 07:37:13";27;1
"user_1862";25;25;"2025-02-08 23:49:02";"2025-12-26 08:19:40";91.96;735.12;1;25;"2025-02-08 23:49:02";"2025-12-26 08:19:40";4;0
"user_1863";73;57;"2025-01-31 19:51:29";"2025-09-03 18:38:22";89.863;750.4521;2;73;"2025-01-31 19:51:29";"2025-09-03 18:38:22";118;1
"user_1864";49;47;"2025-02-28 07:43:30";"2025-12-30 01:21:04";92.4694;737.0612;1;49;"2025-02-28 07:43:30";"2025-12-30 01:21:04";0;0
"user_1865";13;13;"2025-01-30 05:55:37";"2025-12-20 02:10:29";89.0;751.6923;1;13;"2025-01-30 05:55:37";"2025-12-20 02:10:29";10;0
"user_1866";15;15;"2025-02-21 19:25:33";"2025-12-17 11:18:04";91.9333;780.4667;2;15;"2025-02-21 19:25:33";"2025-12-17 11:18:04";13;0
"user_1867";92;76;"2025-02-19 00:09:11";"2025-11-26 06:00:29";85.8478;683.7717;1;92;"2025-02-19 00:09:11";"2025-11-26 06:00:29";34;1
"user_1868";66;59;"2025-01-22 06:37:33";"2025-07-28 08:12:19";86.4545;716.9091;2;66;"2025-01-22 06:37:33";"2025-07-28 08:12:19";155;1
"user_1869";66;53;"2025-01-30 23:27:49";"2025-07-03 16:14:53";89.303;713.0303;1;66;"2025-01-30 23:27:49";"2025-07-03 16:14:53";180;1
"user_187";16;16;"2025-04-27 13:13:11";"2025-12-14 13:57:56";87.4375;707.5;2;16;"2025-04-27 13:13:11";"2025-12-14 13:57:56";16;0
"user_1870";23;22;"2025-02-17 10:58:38";"2025-12-27 22:59:59";84.2609;667.0435;2;23;"2025-02-17 10:58:38";"2025-12-27 22:59:59";3;0
"user_1871";27;27;"2025-02-08 01:29:46";"2025-12-20 14:23:41";83.6296;681.4444;2;27;"2025-02-08 01:29:46";"2025-12-20 14:23:41";10;0
"user_1872";78;67;"2025-01-22 11:38:43";"2025-09-23 17:33:01";89.2308;707.5;2;78;"2025-01-22 11:38:43";"2025-09-23 17:33:01";98;1
"user_1873";43;40;"2025-03-04 22:54:32";"2025-12-30 21:15:44";94.4884;762.3023;1;43;"2025-03-04 22:54:32";"2025-12-30 21:15:44";0;0
"user_1874";16;16;"2025-02-11 09:41:06";"2025-12-25 02:12:22";97.5;745.9375;1;16;"2025-02-11 09:41:06";"2025-12-25 02:12:22";5;0
"user_1875";28;27;"2025-01-12 03:08:57";"2025-12-20 22:34:39";83.4643;675.3571;2;28;"2025-01-12 03:08:57";"2025-12-20 22:34:39";10;0
"user_1876";43;41;"2025-02-27 20:21:15";"2025-12-29 16:45:19";90.1628;730.0698;1;43;"2025-02-27 20:21:15";"2025-12-29 16:45:19";1;0
"user_1877";55;49;"2025-02-03 17:12:24";"2025-12-27 16:19:12";88.0727;719.5636;1;55;"2025-02-03 17:12:24";"2025-12-27 16:19:12";3;0
"user_1878";42;38;"2025-01-28 19:09:03";"2025-12-22 17:34:46";88.7143;741.0;2;42;"2025-01-28 19:09:03";"2025-12-22 17:34:46";8;0
"user_1879";75;61;"2025-01-07 18:47:19";"2025-08-14 18:10:03";86.5333;705.4;2;75;"2025-01-07 18:47:19";"2025-08-14 18:10:03";138;1
"user_188";64;58;"2025-01-20 13:12:17";"2025-12-05 23:18:50";92.4844;765.3281;2;64;"2025-01-20 13:12:17";"2025-12-05 23:18:50";25;1
"user_1880";46;41;"2025-02-10 11:32:26";"2025-12-23 05:58:33";91.4348;746.5652;1;46;"2025-02-10 11:32:26";"2025-12-23 05:58:33";7;0
"user_1881";21;21;"2025-03-23 11:04:24";"2025-12-29 12:43:47";90.0952;734.4762;1;21;"2025-03-23 11:04:24";"2025-12-29 12:43:47";1;0
"user_1882";20;19;"2025-01-09 07:06:57";"2025-11-14 12:11:11";90.4;720.85;1;20;"2025-01-09 07:06:57";"2025-11-14 12:11:11";46;1
"user_1883";52;48;"2025-02-07 09:54:24";"2025-12-23 09:45:15";93.7308;726.8462;1;52;"2025-02-07 09:54:24";"2025-12-23 09:45:15";7;0
"user_1884";32;30;"2025-01-06 15:39:51";"2025-12-19 11:27:00";91.0313;737.5313;1;32;"2025-01-06 15:39:51";"2025-12-19 11:27:00";11;0
"user_1885";78;64;"2025-02-27 07:31:11";"2025-09-05 11:17:52";90.9487;723.6923;2;78;"2025-02-27 07:31:11";"2025-09-05 11:17:52";116;1
"user_1886";58;54;"2025-01-20 10:57:22";"2025-12-15 16:51:35";87.1379;708.7414;2;58;"2025-01-20 10:57:22";"2025-12-15 16:51:35";15;0
"user_1887";69;62;"2025-01-13 05:40:57";"2025-11-17 16:37:59";90.5652;739.0725;2;69;"2025-01-13 05:40:57";"2025-11-17 16:37:59";43;1
"user_1888";104;88;"2025-01-21 02:59:04";"2025-11-25 02:38:57";90.0577;723.3942;2;104;"2025-01-21 02:59:04";"2025-11-25 02:38:57";35;1
"user_1889";21;21;"2025-01-15 13:39:49";"2025-12-18 09:35:20";87.0952;704.8571;1;21;"2025-01-15 13:39:49";"2025-12-18 09:35:20";12;0
"user_189";41;40;"2025-02-04 08:10:45";"2025-12-16 09:49:44";91.4634;748.3902;2;41;"2025-02-04 08:10:45";"2025-12-16 09:49:44";14;0
"user_1890";10;10;"2025-02-18 17:31:12";"2025-11-28 07:02:04";84.2;644.8;1;10;"2025-02-18 17:31:12";"2025-11-28 07:02:04";32;1
"user_1891";110;91;"2025-01-25 12:30:03";"2025-12-09 09:03:06";91.8545;715.4545;2;110;"2025-01-25 12:30:03";"2025-12-09 09:03:06";21;0
"user_1892";53;49;"2025-03-13 22:07:42";"2025-12-29 04:43:48";89.7925;703.9057;1;53;"2025-03-13 22:07:42";"2025-12-29 04:43:48";1;0
"user_1893";25;25;"2025-02-24 09:17:02";"2025-12-24 21:05:03";85.8;708.2;1;25;"2025-02-24 09:17:02";"2025-12-24 21:05:03";6;0
"user_1894";64;57;"2025-02-06 15:06:13";"2025-08-16 21:44:30";92.6406;750.4375;2;64;"2025-02-06 15:06:13";"2025-08-16 21:44:30";136;1
"user_1895";41;39;"2025-01-12 17:21:15";"2025-12-30 19:53:56";86.3415;700.9512;2;41;"2025-01-12 17:21:15";"2025-12-30 19:53:56";0;0
"user_1896";23;22;"2025-02-22 21:04:05";"2025-12-17 04:59:06";88.3478;703.8696;2;23;"2025-02-22 21:04:05";"2025-12-17 04:59:06";13;0
"user_1897";54;49;"2025-01-08 05:34:29";"2025-12-05 18:51:37";93.9815;783.0926;1;54;"2025-01-08 05:34:29";"2025-12-05 18:51:37";25;1
"user_1898";73;55;"2025-02-03 21:44:21";"2025-10-01 03:39:58";90.137;715.8082;2;73;"2025-02-03 21:44:21";"2025-10-01 03:39:58";90;1
"user_1899";45;44;"2025-01-22 08:52:11";"2025-12-17 20:19:46";86.8889;708.1111;2;45;"2025-01-22 08:52:11";"2025-12-17 20:19:46";13;0
"user_19";47;45;"2025-01-18 11:25:56";"2025-12-22 06:33:38";90.9149;702.8511;2;47;"2025-01-18 11:25:56";"2025-12-22 06:33:38";8;0
"user_190";70;56;"2025-02-25 23:21:30";"2025-10-17 19:11:20";91.0714;745.4429;2;70;"2025-02-25 23:21:30";"2025-10-17 19:11:20";74;1
"user_1900";18;17;"2025-02-08 17:16:14";"2025-12-16 00:52:51";92.0556;750.6667;2;18;"2025-02-08 17:16:14";"2025-12-16 00:52:51";14;0
"user_1901";57;52;"2025-01-23 23:13:23";"2025-12-18 04:10:20";86.0877;695.4561;1;57;"2025-01-23 23:13:23";"2025-12-18 04:10:20";12;0
"user_1902";61;53;"2025-02-27 12:43:59";"2025-09-29 14:27:31";90.2623;742.8689;2;61;"2025-02-27 12:43:59";"2025-09-29 14:27:31";92;1
"user_1903";24;23;"2025-02-26 22:03:49";"2025-12-18 22:22:12";90.5;744.7083;2;24;"2025-02-26 22:03:49";"2025-12-18 22:22:12";12;0
"user_1904";81;66;"2025-02-23 10:59:42";"2025-10-06 19:32:49";90.4074;714.9753;1;81;"2025-02-23 10:59:42";"2025-10-06 19:32:49";85;1
"user_1905";26;24;"2025-02-10 02:14:44";"2025-12-26 05:58:40";93.0385;732.0769;1;26;"2025-02-10 02:14:44";"2025-12-26 05:58:40";4;0
"user_1906";60;50;"2025-03-01 01:21:09";"2025-08-12 20:45:45";92.8167;762.0167;1;60;"2025-03-01 01:21:09";"2025-08-12 20:45:45";140;1
"user_1907";15;15;"2025-02-28 13:18:31";"2025-12-29 05:35:34";87.6667;667.7333;1;15;"2025-02-28 13:18:31";"2025-12-29 05:35:34";1;0
"user_1908";52;49;"2025-02-10 18:12:40";"2025-12-30 23:22:58";93.9808;770.7692;2;52;"2025-02-10 18:12:40";"2025-12-30 23:22:58";0;0
"user_1909";57;55;"2025-02-01 08:03:47";"2025-12-30 03:46:30";83.0702;665.3333;2;57;"2025-02-01 08:03:47";"2025-12-30 03:46:30";0;0
"user_191";74;64;"2025-02-22 08:24:34";"2025-10-02 07:24:21";92.0405;738.5135;1;74;"2025-02-22 08:24:34";"2025-10-02 07:24:21";89;1
"user_1910";65;58;"2025-01-15 18:39:03";"2025-08-03 13:24:32";93.1538;768.8923;2;65;"2025-01-15 18:39:03";"2025-08-03 13:24:32";149;1
"user_1911";47;44;"2025-02-01 17:34:37";"2025-12-24 15:45:35";93.8936;754.5319;1;47;"2025-02-01 17:34:37";"2025-12-24 15:45:35";6;0
"user_1912";17;16;"2025-02-09 02:24:43";"2025-12-13 18:36:32";92.5882;772.3529;2;17;"2025-02-09 02:24:43";"2025-12-13 18:36:32";17;0
"user_1913";9;9;"2025-04-10 02:20:10";"2025-12-11 02:36:47";92.4444;730.6667;1;9;"2025-04-10 02:20:10";"2025-12-11 02:36:47";19;0
"user_1914";45;41;"2025-02-02 22:31:35";"2025-12-26 02:56:25";89.6222;707.4889;1;45;"2025-02-02 22:31:35";"2025-12-26 02:56:25";4;0
"user_1915";66;61;"2025-01-19 11:32:49";"2025-12-18 01:26:39";88.9091;697.0455;2;66;"2025-01-19 11:32:49";"2025-12-18 01:26:39";12;0
"user_1916";24;22;"2025-02-03 14:34:02";"2025-11-12 11:38:19";95.0;786.125;2;24;"2025-02-03 14:34:02";"2025-11-12 11:38:19";48;1
"user_1917";11;11;"2025-03-11 02:38:37";"2025-12-18 07:36:01";94.4545;754.5455;1;11;"2025-03-11 02:38:37";"2025-12-18 07:36:01";12;0
"user_1918";35;35;"2025-01-25 06:10:48";"2025-12-28 20:45:58";92.2571;759.7714;1;35;"2025-01-25 06:10:48";"2025-12-28 20:45:58";2;0
"user_1919";52;48;"2025-03-02 01:41:51";"2025-12-28 02:55:15";88.5769;729.4615;1;52;"2025-03-02 01:41:51";"2025-12-28 02:55:15";2;0
"user_192";13;13;"2025-03-13 00:02:42";"2025-12-02 07:13:59";85.6923;690.4615;2;13;"2025-03-13 00:02:42";"2025-12-02 07:13:59";28;1
"user_1920";42;41;"2025-01-22 04:49:08";"2025-12-18 18:48:03";94.9286;750.6429;1;42;"2025-01-22 04:49:08";"2025-12-18 18:48:03";12;0
"user_1921";25;25;"2025-02-21 02:56:33";"2025-12-19 15:42:35";96.0;757.28;1;25;"2025-02-21 02:56:33";"2025-12-19 15:42:35";11;0
"user_1922";60;52;"2025-02-24 11:52:02";"2025-08-20 15:59:55";87.5167;702.4333;2;60;"2025-02-24 11:52:02";"2025-08-20 15:59:55";132;1
"user_1923";51;49;"2025-01-22 18:43:51";"2025-12-16 18:53:57";89.902;718.549;2;51;"2025-01-22 18:43:51";"2025-12-16 18:53:57";14;0
"user_1924";57;52;"2025-01-13 21:59:41";"2025-12-21 00:26:31";89.7895;711.8421;1;57;"2025-01-13 21:59:41";"2025-12-21 00:26:31";9;0
"user_1925";23;23;"2025-02-15 23:17:30";"2025-12-07 09:31:40";87.5217;702.1739;1;23;"2025-02-15 23:17:30";"2025-12-07 09:31:40";23;1
"user_1926";106;91;"2025-02-13 16:38:09";"2025-12-26 03:24:46";85.2736;680.0377;1;106;"2025-02-13 16:38:09";"2025-12-26 03:24:46";4;0
"user_1927";38;33;"2025-02-11 04:38:41";"2025-12-28 15:26:26";88.7895;692.1842;2;38;"2025-02-11 04:38:41";"2025-12-28 15:26:26";2;0
"user_1928";48;46;"2025-02-15 16:25:37";"2025-12-23 07:10:43";89.25;703.6667;1;48;"2025-02-15 16:25:37";"2025-12-23 07:10:43";7;0
"user_1929";53;46;"2025-02-17 16:50:35";"2025-12-30 15:51:37";90.9623;736.1509;1;53;"2025-02-17 16:50:35";"2025-12-30 15:51:37";0;0
"user_193";17;17;"2025-01-18 23:03:08";"2025-12-16 23:24:47";86.4118;688.8235;2;17;"2025-01-18 23:03:08";"2025-12-16 23:24:47";14;0
"user_1930";103;88;"2025-02-08 07:00:19";"2025-12-27 12:20:13";88.7864;710.0777;1;103;"2025-02-08 07:00:19";"2025-12-27 12:20:13";3;0
"user_1931";45;41;"2025-01-28 04:36:11";"2025-12-23 06:32:52";88.7778;720.9556;2;45;"2025-01-28 04:36:11";"2025-12-23 06:32:52";7;0
"user_1932";44;42;"2025-03-01 22:44:05";"2025-12-29 00:13:38";83.0909;680.9773;2;44;"2025-03-01 22:44:05";"2025-12-29 00:13:38";1;0
"user_1933";41;39;"2025-03-06 13:26:25";"2025-12-21 11:22:15";87.2683;733.7561;2;41;"2025-03-06 13:26:25";"2025-12-21 11:22:15";9;0
"user_1934";48;46;"2025-02-15 19:37:08";"2025-12-30 21:07:16";86.7292;680.5;1;48;"2025-02-15 19:37:08";"2025-12-30 21:07:16";0;0
"user_1935";35;34;"2025-01-19 18:22:25";"2025-12-20 18:46:09";89.5714;748.3429;1;35;"2025-01-19 18:22:25";"2025-12-20 18:46:09";10;0
"user_1936";18;18;"2025-02-23 22:57:34";"2025-12-18 13:50:24";95.7222;750.2222;1;18;"2025-02-23 22:57:34";"2025-12-18 13:50:24";12;0
"user_1937";63;49;"2025-02-19 00:44:36";"2025-07-17 23:40:10";91.5079;745.619;1;63;"2025-02-19 00:44:36";"2025-07-17 23:40:10";166;1
"user_1938";23;23;"2025-01-28 11:01:10";"2025-11-27 00:23:52";87.7826;717.2174;2;23;"2025-01-28 11:01:10";"2025-11-27 00:23:52";33;1
"user_1939";53;51;"2025-02-24 15:09:22";"2025-12-12 02:12:00";88.2264;704.7547;2;53;"2025-02-24 15:09:22";"2025-12-12 02:12:00";18;0
"user_194";54;49;"2025-02-16 04:52:50";"2025-12-30 08:58:10";90.1667;710.7222;2;54;"2025-02-16 04:52:50";"2025-12-30 08:58:10";0;0
"user_1940";65;51;"2025-01-13 11:02:22";"2025-06-21 08:57:05";87.7538;715.1231;1;65;"2025-01-13 11:02:22";"2025-06-21 08:57:05";192;1
"user_1941";61;55;"2025-03-05 00:24:50";"2025-08-29 03:01:20";88.7869;723.6066;2;61;"2025-03-05 00:24:50";"2025-08-29 03:01:20";123;1
"user_1942";48;46;"2025-03-06 22:17:56";"2025-12-29 08:42:58";95.0833;736.9167;1;48;"2025-03-06 22:17:56";"2025-12-29 08:42:58";1;0
"user_1943";27;27;"2025-02-05 10:58:42";"2025-12-25 02:29:17";88.7037;709.1852;1;27;"2025-02-05 10:58:42";"2025-12-25 02:29:17";5;0
"user_1944";33;33;"2025-02-21 14:49:48";"2025-12-27 21:48:38";89.0;720.5455;1;33;"2025-02-21 14:49:48";"2025-12-27 21:48:38";3;0
"user_1945";20;20;"2025-01-28 14:54:23";"2025-12-22 21:05:11";89.5;700.8;2;20;"2025-01-28 14:54:23";"2025-12-22 21:05:11";8;0
"user_1946";50;48;"2025-02-06 23:48:05";"2025-12-13 03:06:46";90.62;740.16;1;50;"2025-02-06 23:48:05";"2025-12-13 03:06:46";17;0
"user_1947";52;47;"2025-02-23 04:40:04";"2025-12-30 04:19:53";87.4808;715.3462;2;52;"2025-02-23 04:40:04";"2025-12-30 04:19:53";0;0
"user_1948";60;48;"2025-01-07 04:17:28";"2025-07-11 02:51:36";87.8833;714.4;1;60;"2025-01-07 04:17:28";"2025-07-11 02:51:36";172;1
"user_1949";48;44;"2025-01-23 19:14:09";"2025-12-25 13:26:12";84.7917;685.7708;1;48;"2025-01-23 19:14:09";"2025-12-25 13:26:12";5;0
"user_195";49;48;"2025-01-25 10:44:14";"2025-12-30 02:33:24";85.7347;679.9388;1;49;"2025-01-25 10:44:14";"2025-12-30 02:33:24";0;0
"user_1950";41;38;"2025-01-16 07:44:37";"2025-12-24 02:49:46";89.4146;709.0488;1;41;"2025-01-16 07:44:37";"2025-12-24 02:49:46";6;0
"user_1951";105;92;"2025-02-14 23:46:19";"2025-12-30 09:35:17";87.1333;679.7429;2;105;"2025-02-14 23:46:19";"2025-12-30 09:35:17";0;0
"user_1952";84;75;"2025-01-16 04:45:39";"2025-10-04 02:27:37";94.7262;773.3571;1;84;"2025-01-16 04:45:39";"2025-10-04 02:27:37";87;1
"user_1953";51;47;"2025-01-31 01:52:26";"2025-12-24 19:42:55";90.7843;719.7255;2;51;"2025-01-31 01:52:26";"2025-12-24 19:42:55";6;0
"user_1954";22;22;"2025-02-11 09:04:51";"2025-12-19 07:24:31";90.1364;718.4545;1;22;"2025-02-11 09:04:51";"2025-12-19 07:24:31";11;0
"user_1955";11;10;"2025-02-22 19:47:47";"2025-12-06 11:26:56";96.0;731.1818;1;11;"2025-02-22 19:47:47";"2025-12-06 11:26:56";24;1
"user_1956";17;17;"2025-02-06 12:52:50";"2025-11-29 20:04:45";81.5882;675.8235;2;17;"2025-02-06 12:52:50";"2025-11-29 20:04:45";31;1
"user_1957";51;48;"2025-01-08 00:57:16";"2025-12-27 18:30:34";86.9216;707.6078;1;51;"2025-01-08 00:57:16";"2025-12-27 18:30:34";3;0
"user_1958";57;50;"2025-01-06 01:47:23";"2025-12-12 22:23:58";85.8772;702.9825;2;57;"2025-01-06 01:47:23";"2025-12-12 22:23:58";18;0
"user_1959";47;47;"2025-01-27 00:55:52";"2025-12-23 19:22:34";90.5532;721.6809;1;47;"2025-01-27 00:55:52";"2025-12-23 19:22:34";7;0
"user_196";53;48;"2025-01-11 00:20:04";"2025-12-28 19:30:34";85.3585;685.7925;2;53;"2025-01-11 00:20:04";"2025-12-28 19:30:34";2;0
"user_1960";19;19;"2025-01-07 11:11:36";"2025-12-26 07:24:35";84.5263;679.1053;2;19;"2025-01-07 11:11:36";"2025-12-26 07:24:35";4;0
"user_1961";84;73;"2025-03-01 18:52:54";"2025-10-03 05:14:34";89.619;697.5357;2;84;"2025-03-01 18:52:54";"2025-10-03 05:14:34";88;1
"user_1962";42;40;"2025-02-24 16:08:06";"2025-12-29 14:02:07";91.5952;741.0;1;42;"2025-02-24 16:08:06";"2025-12-29 14:02:07";1;0
"user_1963";32;31;"2025-01-26 00:54:49";"2025-12-29 13:24:41";92.3125;733.6563;2;32;"2025-01-26 00:54:49";"2025-12-29 13:24:41";1;0
"user_1964";57;50;"2025-02-10 03:35:47";"2025-12-29 03:33:03";92.7193;757.1053;1;57;"2025-02-10 03:35:47";"2025-12-29 03:33:03";1;0
"user_1965";56;49;"2025-02-04 16:57:23";"2025-12-28 12:42:17";85.7857;702.6786;2;56;"2025-02-04 16:57:23";"2025-12-28 12:42:17";2;0
"user_1966";45;42;"2025-01-21 10:25:06";"2025-12-28 09:01:57";91.4;695.2444;2;45;"2025-01-21 10:25:06";"2025-12-28 09:01:57";2;0
"user_1967";86;74;"2025-01-29 13:32:12";"2025-10-14 12:51:36";89.5581;722.686;1;86;"2025-01-29 13:32:12";"2025-10-14 12:51:36";77;1
"user_1968";50;50;"2025-01-25 03:15:14";"2025-11-14 07:36:09";90.74;721.08;1;50;"2025-01-25 03:15:14";"2025-11-14 07:36:09";46;1
"user_1969";35;32;"2025-02-26 11:29:41";"2025-12-26 17:26:50";97.2;792.5143;1;35;"2025-02-26 11:29:41";"2025-12-26 17:26:50";4;0
"user_197";23;23;"2025-02-02 02:50:26";"2025-12-12 05:50:05";94.6522;757.0435;2;23;"2025-02-02 02:50:26";"2025-12-12 05:50:05";18;0
"user_1970";105;87;"2025-01-20 10:05:01";"2025-10-23 01:56:13";88.2286;705.5429;1;105;"2025-01-20 10:05:01";"2025-10-23 01:56:13";68;1
"user_1971";63;55;"2025-01-17 13:38:38";"2025-07-13 17:34:50";89.0635;707.0476;2;63;"2025-01-17 13:38:38";"2025-07-13 17:34:50";170;1
"user_1972";23;23;"2025-02-21 04:08:39";"2025-12-24 15:41:12";81.6957;625.6957;2;23;"2025-02-21 04:08:39";"2025-12-24 15:41:12";6;0
"user_1973";67;56;"2025-02-12 02:26:22";"2025-07-27 18:21:55";89.7761;707.6269;2;67;"2025-02-12 02:26:22";"2025-07-27 18:21:55";156;1
"user_1974";37;34;"2025-01-25 07:37:40";"2025-12-25 18:17:49";83.7297;661.7568;2;37;"2025-01-25 07:37:40";"2025-12-25 18:17:49";5;0
"user_1975";65;55;"2025-01-21 20:14:10";"2025-08-12 15:45:44";84.8462;696.9231;2;65;"2025-01-21 20:14:10";"2025-08-12 15:45:44";140;1
"user_1976";13;13;"2025-02-12 19:06:57";"2025-11-30 21:51:42";88.7692;731.3077;1;13;"2025-02-12 19:06:57";"2025-11-30 21:51:42";30;1
"user_1977";74;63;"2025-01-28 14:40:02";"2025-09-13 00:39:19";91.3649;727.3108;2;74;"2025-01-28 14:40:02";"2025-09-13 00:39:19";108;1
"user_1978";44;43;"2025-02-27 23:42:09";"2025-12-29 08:35:13";87.3864;704.4318;1;44;"2025-02-27 23:42:09";"2025-12-29 08:35:13";1;0
"user_1979";14;13;"2025-02-24 00:33:54";"2025-12-30 17:12:50";91.2143;736.8571;1;14;"2025-02-24 00:33:54";"2025-12-30 17:12:50";0;0
"user_198";17;17;"2025-03-01 18:40:46";"2025-12-19 09:36:03";84.0588;677.7647;2;17;"2025-03-01 18:40:46";"2025-12-19 09:36:03";11;0
"user_1980";13;12;"2025-01-26 09:45:28";"2025-11-18 06:26:29";88.5385;677.2308;2;13;"2025-01-26 09:45:28";"2025-11-18 06:26:29";42;1
"user_1981";83;68;"2025-02-27 00:32:25";"2025-10-25 16:42:07";94.1084;744.4699;1;83;"2025-02-27 00:32:25";"2025-10-25 16:42:07";66;1
"user_1982";28;28;"2025-02-08 09:34:50";"2025-12-20 02:49:25";87.4643;704.9286;1;28;"2025-02-08 09:34:50";"2025-12-20 02:49:25";10;0
"user_1983";52;49;"2025-02-07 23:06:49";"2025-12-23 10:34:23";86.6154;693.8654;2;52;"2025-02-07 23:06:49";"2025-12-23 10:34:23";7;0
"user_1984";47;43;"2025-02-10 22:38:13";"2025-12-26 07:32:26";89.8298;704.2553;1;47;"2025-02-10 22:38:13";"2025-12-26 07:32:26";4;0
"user_1985";91;80;"2025-01-30 11:46:26";"2025-12-06 21:41:49";91.5275;736.033;1;91;"2025-01-30 11:46:26";"2025-12-06 21:41:49";24;1
"user_1986";83;73;"2025-01-19 01:48:26";"2025-10-09 22:58:03";90.5542;720.2289;2;83;"2025-01-19 01:48:26";"2025-10-09 22:58:03";82;1
"user_1987";27;26;"2025-03-03 07:10:32";"2025-12-26 12:57:06";86.7037;674.8889;1;27;"2025-03-03 07:10:32";"2025-12-26 12:57:06";4;0
"user_1988";56;52;"2025-02-10 12:32:27";"2025-12-29 00:22:21";88.0179;694.875;1;56;"2025-02-10 12:32:27";"2025-12-29 00:22:21";1;0
"user_1989";40;37;"2025-03-02 07:44:44";"2025-12-19 05:25:32";89.325;703.075;2;40;"2025-03-02 07:44:44";"2025-12-19 05:25:32";11;0
"user_199";11;10;"2025-02-22 19:00:03";"2025-12-14 22:59:48";80.3636;672.0909;2;11;"2025-02-22 19:00:03";"2025-12-14 22:59:48";16;0
"user_1990";32;28;"2025-01-25 10:53:04";"2025-12-25 12:23:28";87.3438;689.6875;2;32;"2025-01-25 10:53:04";"2025-12-25 12:23:28";5;0
"user_1991";26;24;"2025-01-23 17:20:30";"2025-12-16 00:11:33";90.9615;720.3462;1;26;"2025-01-23 17:20:30";"2025-12-16 00:11:33";14;0
"user_1992";61;54;"2025-01-23 08:38:16";"2025-08-02 11:03:21";88.1639;712.0328;1;61;"2025-01-23 08:38:16";"2025-08-02 11:03:21";150;1
"user_1993";50;48;"2025-02-17 03:08:25";"2025-12-27 01:03:04";89.44;734.16;2;50;"2025-02-17 03:08:25";"2025-12-27 01:03:04";3;0
"user_1994";67;58;"2025-02-05 00:15:31";"2025-09-09 23:00:37";89.8806;709.2836;2;67;"2025-02-05 00:15:31";"2025-09-09 23:00:37";112;1
"user_1995";18;18;"2025-03-02 00:54:12";"2025-12-28 09:01:29";79.8333;622.6111;1;18;"2025-03-02 00:54:12";"2025-12-28 09:01:29";2;0
"user_1996";23;23;"2025-03-07 04:12:49";"2025-11-19 09:03:57";89.8696;727.3478;1;23;"2025-03-07 04:12:49";"2025-11-19 09:03:57";41;1
"user_1997";12;12;"2025-02-09 09:16:08";"2025-12-08 01:37:10";86.25;703.8333;1;12;"2025-02-09 09:16:08";"2025-12-08 01:37:10";22;1
"user_1998";68;57;"2025-01-09 06:33:27";"2025-07-29 06:33:29";87.1618;694.7794;1;68;"2025-01-09 06:33:27";"2025-07-29 06:33:29";154;1
"user_1999";98;82;"2025-02-03 02:45:16";"2025-12-13 14:30:54";89.7245;722.8571;1;98;"2025-02-03 02:45:16";"2025-12-13 14:30:54";17;0
"user_2";19;17;"2025-02-27 13:15:35";"2025-11-29 12:23:03";95.2632;754.4211;1;19;"2025-02-27 13:15:35";"2025-11-29 12:23:03";31;1
"user_20";61;50;"2025-03-12 13:11:56";"2025-09-27 21:10:16";89.9344;719.2131;2;61;"2025-03-12 13:11:56";"2025-09-27 21:10:16";94;1
"user_200";32;32;"2025-01-17 08:24:29";"2025-12-07 14:03:56";85.0625;666.5313;2;32;"2025-01-17 08:24:29";"2025-12-07 14:03:56";23;1
"user_2000";82;71;"2025-02-06 06:28:07";"2025-10-29 05:00:48";92.9268;729.6951;1;82;"2025-02-06 06:28:07";"2025-10-29 05:00:48";62;1
"user_2001";74;60;"2025-02-24 00:42:40";"2025-08-28 19:32:04";88.2703;688.527;2;74;"2025-02-24 00:42:40";"2025-08-28 19:32:04";124;1
"user_2002";70;60;"2025-01-19 20:32:33";"2025-07-22 01:43:53";87.7429;701.7143;1;70;"2025-01-19 20:32:33";"2025-07-22 01:43:53";161;1
"user_2003";23;23;"2025-01-26 02:49:31";"2025-10-26 15:25:02";97.7826;820.4783;1;23;"2025-01-26 02:49:31";"2025-10-26 15:25:02";65;1
"user_2004";121;100;"2025-01-30 04:11:14";"2025-12-15 19:29:17";89.6116;721.6364;1;121;"2025-01-30 04:11:14";"2025-12-15 19:29:17";15;0
"user_2005";71;60;"2025-01-07 03:23:39";"2025-07-19 19:00:10";93.6761;763.169;2;71;"2025-01-07 03:23:39";"2025-07-19 19:00:10";164;1
"user_2006";19;19;"2025-04-08 22:50:17";"2025-12-14 12:30:01";92.4211;773.2105;1;19;"2025-04-08 22:50:17";"2025-12-14 12:30:01";16;0
"user_2007";41;40;"2025-03-14 09:24:17";"2025-12-26 10:18:49";89.6341;727.878;1;41;"2025-03-14 09:24:17";"2025-12-26 10:18:49";4;0
"user_2008";21;19;"2025-02-16 04:07:42";"2025-12-16 22:54:14";95.3333;757.7619;1;21;"2025-02-16 04:07:42";"2025-12-16 22:54:14";14;0
"user_2009";80;71;"2025-02-05 11:31:35";"2025-10-07 23:17:38";86.7875;729.675;1;80;"2025-02-05 11:31:35";"2025-10-07 23:17:38";84;1
"user_201";45;42;"2025-01-29 21:56:39";"2025-12-23 02:57:53";84.6222;683.9111;1;45;"2025-01-29 21:56:39";"2025-12-23 02:57:53";7;0
"user_2010";51;49;"2025-02-06 20:12:12";"2025-12-30 02:45:12";91.1569;764.9216;2;51;"2025-02-06 20:12:12";"2025-12-30 02:45:12";0;0
"user_2011";76;58;"2025-01-25 00:40:43";"2025-10-11 15:20:29";89.4605;715.9605;1;76;"2025-01-25 00:40:43";"2025-10-11 15:20:29";80;1
"user_2012";72;65;"2025-01-10 07:52:27";"2025-09-01 09:45:22";91.0417;758.1389;1;72;"2025-01-10 07:52:27";"2025-09-01 09:45:22";120;1
"user_2013";12;12;"2025-01-26 22:53:39";"2025-12-19 08:13:37";84.25;700.1667;2;12;"2025-01-26 22:53:39";"2025-12-19 08:13:37";11;0
"user_2014";64;59;"2025-01-19 07:12:36";"2025-08-29 21:16:05";89.7031;711.9219;2;64;"2025-01-19 07:12:36";"2025-08-29 21:16:05";123;1
"user_2015";49;48;"2025-02-13 01:53:34";"2025-12-27 02:17:18";88.0816;699.5714;1;49;"2025-02-13 01:53:34";"2025-12-27 02:17:18";3;0
"user_2016";61;55;"2025-01-24 21:16:48";"2025-12-29 18:13:55";90.9508;737.3934;2;61;"2025-01-24 21:16:48";"2025-12-29 18:13:55";1;0
"user_2017";60;53;"2025-01-27 04:11:00";"2025-12-28 00:34:46";93.0667;752.9333;2;60;"2025-01-27 04:11:00";"2025-12-28 00:34:46";2;0
"user_2018";20;20;"2025-01-27 00:06:55";"2025-12-12 15:56:21";85.8;691.55;1;20;"2025-01-27 00:06:55";"2025-12-12 15:56:21";18;0
"user_2019";91;79;"2025-01-18 06:05:23";"2025-11-03 23:59:43";88.5275;726.5714;1;91;"2025-01-18 06:05:23";"2025-11-03 23:59:43";57;1
"user_202";70;59;"2025-02-22 14:28:27";"2025-08-13 19:22:15";90.9714;731.0429;2;70;"2025-02-22 14:28:27";"2025-08-13 19:22:15";139;1
"user_2020";20;19;"2025-01-27 18:45:11";"2025-11-04 23:10:49";94.45;728.95;1;20;"2025-01-27 18:45:11";"2025-11-04 23:10:49";56;1
"user_2021";15;14;"2025-02-14 13:03:58";"2025-12-04 06:40:05";93.3333;733.0667;2;15;"2025-02-14 13:03:58";"2025-12-04 06:40:05";26;1
"user_2022";52;48;"2025-02-18 10:58:37";"2025-12-28 10:02:14";87.8462;688.1923;2;52;"2025-02-18 10:58:37";"2025-12-28 10:02:14";2;0
"user_2023";17;17;"2025-01-25 20:34:31";"2025-12-30 10:22:47";88.3529;686.1765;2;17;"2025-01-25 20:34:31";"2025-12-30 10:22:47";0;0
"user_2024";61;53;"2025-01-15 22:29:50";"2025-08-09 23:23:03";91.2131;717.1311;1;61;"2025-01-15 22:29:50";"2025-08-09 23:23:03";143;1
"user_2025";48;47;"2025-01-28 02:23:21";"2025-12-26 11:08:14";94.4375;775.8333;1;48;"2025-01-28 02:23:21";"2025-12-26 11:08:14";4;0
"user_2026";66;58;"2025-02-04 16:36:46";"2025-09-09 06:37:23";82.5909;686.9848;2;66;"2025-02-04 16:36:46";"2025-09-09 06:37:23";112;1
"user_2027";19;19;"2025-03-01 01:20:48";"2025-12-08 20:22:11";87.0526;689.4211;2;19;"2025-03-01 01:20:48";"2025-12-08 20:22:11";22;1
"user_2028";13;12;"2025-02-09 21:56:54";"2025-12-24 21:05:11";97.5385;819.9231;2;13;"2025-02-09 21:56:54";"2025-12-24 21:05:11";6;0
"user_2029";65;54;"2025-02-16 02:00:02";"2025-08-20 06:06:39";92.0615;736.3385;1;65;"2025-02-16 02:00:02";"2025-08-20 06:06:39";132;1
"user_203";60;49;"2025-02-18 16:40:39";"2025-07-27 03:40:06";89.1667;709.3667;1;60;"2025-02-18 16:40:39";"2025-07-27 03:40:06";156;1
"user_2030";27;27;"2025-01-13 02:49:11";"2025-12-30 08:07:00";89.8889;724.1111;2;27;"2025-01-13 02:49:11";"2025-12-30 08:07:00";0;0
"user_2031";65;60;"2025-02-06 21:17:07";"2025-10-17 21:06:46";86.6308;676.9846;2;65;"2025-02-06 21:17:07";"2025-10-17 21:06:46";74;1
"user_2032";56;50;"2025-02-20 09:45:41";"2025-12-25 21:36:49";84.7143;670.7679;1;56;"2025-02-20 09:45:41";"2025-12-25 21:36:49";5;0
"user_2033";56;49;"2025-01-21 17:54:15";"2025-12-29 16:39:05";95.5179;751.7321;2;56;"2025-01-21 17:54:15";"2025-12-29 16:39:05";1;0
"user_2034";17;17;"2025-02-26 12:43:09";"2025-12-14 04:00:20";95.6471;772.0588;1;17;"2025-02-26 12:43:09";"2025-12-14 04:00:20";16;0
"user_2035";40;38;"2025-02-16 05:31:11";"2025-12-30 06:11:45";90.9;722.45;1;40;"2025-02-16 05:31:11";"2025-12-30 06:11:45";0;0
"user_2036";48;46;"2025-02-09 22:04:08";"2025-12-30 02:05:00";90.9792;744.7292;2;48;"2025-02-09 22:04:08";"2025-12-30 02:05:00";0;0
"user_2037";77;64;"2025-02-18 02:08:39";"2025-09-14 07:02:09";88.039;706.5974;2;77;"2025-02-18 02:08:39";"2025-09-14 07:02:09";107;1
"user_2038";70;53;"2025-01-19 00:09:57";"2025-07-29 15:35:59";86.9;691.9714;2;70;"2025-01-19 00:09:57";"2025-07-29 15:35:59";154;1
"user_2039";80;67;"2025-02-03 21:46:31";"2025-09-28 07:56:11";89.9875;729.4;2;80;"2025-02-03 21:46:31";"2025-09-28 07:56:11";93;1
"user_204";22;22;"2025-01-25 05:36:10";"2025-12-04 01:27:44";93.2727;734.6818;1;22;"2025-01-25 05:36:10";"2025-12-04 01:27:44";26;1
"user_2040";69;58;"2025-02-15 06:05:06";"2025-10-14 20:14:24";87.0;684.3333;2;69;"2025-02-15 06:05:06";"2025-10-14 20:14:24";77;1
"user_2041";12;12;"2025-01-31 03:55:29";"2025-12-15 17:59:55";80.0;663.5;1;12;"2025-01-31 03:55:29";"2025-12-15 17:59:55";15;0
"user_2042";53;50;"2025-01-26 17:36:56";"2025-12-28 22:17:49";86.5849;664.1509;1;53;"2025-01-26 17:36:56";"2025-12-28 22:17:49";2;0
"user_2043";51;48;"2025-02-03 01:17:16";"2025-12-25 07:38:43";83.3922;655.2941;1;51;"2025-02-03 01:17:16";"2025-12-25 07:38:43";5;0
"user_2044";72;61;"2025-01-24 23:59:37";"2025-09-02 05:23:55";89.6667;722.9028;2;72;"2025-01-24 23:59:37";"2025-09-02 05:23:55";119;1
"user_2045";15;15;"2025-03-07 10:31:19";"2025-12-25 03:56:12";88.5333;706.6;1;15;"2025-03-07 10:31:19";"2025-12-25 03:56:12";5;0
"user_2046";29;26;"2025-01-27 23:34:05";"2025-11-19 20:48:12";86.5517;706.069;2;29;"2025-01-27 23:34:05";"2025-11-19 20:48:12";41;1
"user_2047";60;49;"2025-01-10 18:30:10";"2025-07-08 17:45:01";87.1;683.75;2;60;"2025-01-10 18:30:10";"2025-07-08 17:45:01";175;1
"user_2048";27;26;"2025-02-07 04:50:01";"2025-12-09 15:17:47";84.4074;664.3333;2;27;"2025-02-07 04:50:01";"2025-12-09 15:17:47";21;0
"user_2049";46;46;"2025-03-08 01:17:30";"2025-12-20 09:39:25";89.4348;716.5217;2;46;"2025-03-08 01:17:30";"2025-12-20 09:39:25";10;0
"user_205";69;66;"2025-01-03 22:42:25";"2025-12-23 07:00:40";89.2609;719.4783;2;69;"2025-01-03 22:42:25";"2025-12-23 07:00:40";7;0
"user_2050";101;85;"2025-02-08 06:10:42";"2025-10-24 00:29:44";87.4455;707.0891;2;101;"2025-02-08 06:10:42";"2025-10-24 00:29:44";67;1
"user_2051";50;47;"2025-01-07 04:37:34";"2025-12-25 02:22:10";92.74;731.94;2;50;"2025-01-07 04:37:34";"2025-12-25 02:22:10";5;0
"user_2052";60;58;"2025-01-26 14:02:59";"2025-12-27 03:00:07";92.0167;740.8167;1;60;"2025-01-26 14:02:59";"2025-12-27 03:00:07";3;0
"user_2053";78;62;"2025-01-10 09:47:34";"2025-09-17 03:53:59";93.2179;742.6154;1;78;"2025-01-10 09:47:34";"2025-09-17 03:53:59";104;1
"user_2054";10;10;"2025-03-08 20:01:50";"2025-12-10 06:53:27";102.8;855.4;2;10;"2025-03-08 20:01:50";"2025-12-10 06:53:27";20;0
"user_2055";29;27;"2025-02-03 10:56:33";"2025-12-19 19:26:29";93.1724;762.0345;2;29;"2025-02-03 10:56:33";"2025-12-19 19:26:29";11;0
"user_2056";32;31;"2025-03-08 02:28:48";"2025-12-28 00:23:15";89.0;737.0938;1;32;"2025-03-08 02:28:48";"2025-12-28 00:23:15";2;0
"user_2057";49;45;"2025-01-09 17:16:15";"2025-12-27 00:27:58";88.5306;737.3061;2;49;"2025-01-09 17:16:15";"2025-12-27 00:27:58";3;0
"user_2058";56;51;"2025-02-07 10:18:30";"2025-12-26 18:02:44";83.6964;667.3036;2;56;"2025-02-07 10:18:30";"2025-12-26 18:02:44";4;0
"user_2059";35;33;"2025-01-08 10:25:04";"2025-12-04 13:36:06";90.5143;713.7143;1;35;"2025-01-08 10:25:04";"2025-12-04 13:36:06";26;1
"user_206";64;55;"2025-03-03 06:13:40";"2025-09-20 15:57:55";86.7344;664.0313;2;64;"2025-03-03 06:13:40";"2025-09-20 15:57:55";101;1
"user_2060";39;36;"2025-02-14 18:03:12";"2025-12-25 04:28:41";91.4103;747.2051;2;39;"2025-02-14 18:03:12";"2025-12-25 04:28:41";5;0
"user_2061";61;52;"2025-02-04 05:31:42";"2025-08-13 20:13:43";90.0328;722.3443;2;61;"2025-02-04 05:31:42";"2025-08-13 20:13:43";139;1
"user_2062";59;52;"2025-02-23 06:03:57";"2025-12-01 02:50:23";89.1864;709.8305;2;59;"2025-02-23 06:03:57";"2025-12-01 02:50:23";29;1
"user_2063";16;16;"2025-01-28 14:12:47";"2025-12-26 00:45:28";89.3125;689.0;2;16;"2025-01-28 14:12:47";"2025-12-26 00:45:28";4;0
"user_2064";52;48;"2025-02-27 10:27:15";"2025-12-08 15:11:36";93.3654;733.3077;2;52;"2025-02-27 10:27:15";"2025-12-08 15:11:36";22;1
"user_2065";78;72;"2025-01-26 01:14:51";"2025-08-17 08:49:16";94.8333;778.4231;1;78;"2025-01-26 01:14:51";"2025-08-17 08:49:16";135;1
"user_2066";21;21;"2025-03-04 20:37:17";"2025-12-25 05:58:15";89.7619;696.1905;2;21;"2025-03-04 20:37:17";"2025-12-25 05:58:15";5;0
"user_2067";111;96;"2025-01-14 05:28:42";"2025-11-25 10:00:52";91.036;731.5856;2;111;"2025-01-14 05:28:42";"2025-11-25 10:00:52";35;1
"user_2068";85;75;"2025-03-11 10:49:40";"2025-11-18 02:37:23";88.1176;690.7765;2;85;"2025-03-11 10:49:40";"2025-11-18 02:37:23";42;1
"user_2069";65;59;"2025-02-23 09:17:07";"2025-10-11 01:35:35";90.4462;723.7231;1;65;"2025-02-23 09:17:07";"2025-10-11 01:35:35";80;1
"user_207";87;68;"2025-01-26 03:16:24";"2025-10-06 12:23:10";88.2874;701.6897;2;87;"2025-01-26 03:16:24";"2025-10-06 12:23:10";85;1
"user_2070";63;59;"2025-01-08 15:52:17";"2025-11-05 13:02:24";90.5714;734.6984;1;63;"2025-01-08 15:52:17";"2025-11-05 13:02:24";55;1
"user_2071";23;23;"2025-02-28 20:20:03";"2025-12-28 08:45:29";96.3913;801.6957;2;23;"2025-02-28 20:20:03";"2025-12-28 08:45:29";2;0
"user_2072";40;35;"2025-03-01 10:33:52";"2025-12-09 20:08:18";90.675;710.975;2;40;"2025-03-01 10:33:52";"2025-12-09 20:08:18";21;0
"user_2073";80;70;"2025-02-01 07:44:54";"2025-09-06 01:25:27";91.525;721.55;2;80;"2025-02-01 07:44:54";"2025-09-06 01:25:27";115;1
"user_2074";11;11;"2025-02-16 11:53:01";"2025-11-22 18:52:42";89.1818;729.8182;1;11;"2025-02-16 11:53:01";"2025-11-22 18:52:42";38;1
"user_2075";10;10;"2025-03-24 06:58:59";"2025-11-18 10:59:30";85.1;655.9;2;10;"2025-03-24 06:58:59";"2025-11-18 10:59:30";42;1
"user_2076";12;12;"2025-02-02 17:46:26";"2025-11-25 22:01:58";92.5833;768.4167;1;12;"2025-02-02 17:46:26";"2025-11-25 22:01:58";35;1
"user_2077";78;69;"2025-01-29 21:56:16";"2025-09-11 21:04:14";95.4487;776.3462;2;78;"2025-01-29 21:56:16";"2025-09-11 21:04:14";110;1
"user_2078";38;36;"2025-02-24 09:46:42";"2025-11-26 22:54:45";93.9211;738.5263;2;38;"2025-02-24 09:46:42";"2025-11-26 22:54:45";34;1
"user_2079";18;18;"2025-02-13 20:20:21";"2025-12-23 03:18:35";92.6111;744.0556;2;18;"2025-02-13 20:20:21";"2025-12-23 03:18:35";7;0
"user_208";23;22;"2025-03-18 06:10:09";"2025-12-25 14:57:22";89.4783;758.9565;1;23;"2025-03-18 06:10:09";"2025-12-25 14:57:22";5;0
"user_2080";28;28;"2025-01-26 06:03:26";"2025-12-27 14:39:44";87.1429;703.8214;2;28;"2025-01-26 06:03:26";"2025-12-27 14:39:44";3;0
"user_2081";70;57;"2025-01-17 08:15:55";"2025-06-28 13:18:49";87.8429;687.3857;2;70;"2025-01-17 08:15:55";"2025-06-28 13:18:49";185;1
"user_2082";61;52;"2025-02-11 16:49:33";"2025-08-15 17:29:02";87.459;712.8689;2;61;"2025-02-11 16:49:33";"2025-08-15 17:29:02";137;1
"user_2083";50;48;"2025-02-16 10:20:14";"2025-12-19 15:33:49";92.46;757.0;2;50;"2025-02-16 10:20:14";"2025-12-19 15:33:49";11;0
"user_2084";18;17;"2025-03-02 08:47:14";"2025-12-30 07:54:00";86.6111;690.0556;1;18;"2025-03-02 08:47:14";"2025-12-30 07:54:00";0;0
"user_2085";58;51;"2025-03-02 04:46:32";"2025-12-24 12:55:49";91.931;737.3966;1;58;"2025-03-02 04:46:32";"2025-12-24 12:55:49";6;0
"user_2086";55;50;"2025-01-26 12:58:07";"2025-12-30 03:53:52";98.3455;785.1091;1;55;"2025-01-26 12:58:07";"2025-12-30 03:53:52";0;0
"user_2087";104;93;"2025-02-20 11:22:32";"2025-12-29 21:14:41";92.875;738.3365;1;104;"2025-02-20 11:22:32";"2025-12-29 21:14:41";1;0
"user_2088";31;29;"2025-03-01 02:58:07";"2025-12-19 02:24:02";89.6129;709.8387;1;31;"2025-03-01 02:58:07";"2025-12-19 02:24:02";11;0
"user_2089";21;20;"2025-04-01 10:52:24";"2025-12-29 16:52:45";90.5238;762.0476;2;21;"2025-04-01 10:52:24";"2025-12-29 16:52:45";1;0
"user_209";60;49;"2025-02-03 10:44:04";"2025-08-07 03:37:36";94.3833;786.1;1;60;"2025-02-03 10:44:04";"2025-08-07 03:37:36";145;1
"user_2090";39;36;"2025-01-25 06:42:33";"2025-12-23 15:07:57";82.3846;682.359;2;39;"2025-01-25 06:42:33";"2025-12-23 15:07:57";7;0
"user_2091";24;22;"2025-03-26 16:49:34";"2025-12-08 18:50:27";96.125;781.2917;1;24;"2025-03-26 16:49:34";"2025-12-08 18:50:27";22;1
"user_2092";14;14;"2025-02-08 16:26:03";"2025-12-21 07:00:36";97.1429;702.7143;1;14;"2025-02-08 16:26:03";"2025-12-21 07:00:36";9;0
"user_2093";62;53;"2025-02-23 01:31:09";"2025-08-20 06:14:11";91.3226;755.4355;2;62;"2025-02-23 01:31:09";"2025-08-20 06:14:11";132;1
"user_2094";54;50;"2025-01-27 08:51:39";"2025-12-24 00:43:11";94.1667;773.8704;2;54;"2025-01-27 08:51:39";"2025-12-24 00:43:11";6;0
"user_2095";63;50;"2025-02-15 04:48:45";"2025-08-07 18:11:38";90.4762;728.254;2;63;"2025-02-15 04:48:45";"2025-08-07 18:11:38";145;1
"user_2096";32;31;"2025-01-27 13:49:56";"2025-12-10 20:03:23";87.8438;678.4063;1;32;"2025-01-27 13:49:56";"2025-12-10 20:03:23";20;0
"user_2097";39;37;"2025-02-11 23:03:47";"2025-12-15 11:23:25";90.1538;719.0;2;39;"2025-02-11 23:03:47";"2025-12-15 11:23:25";15;0
"user_2098";52;46;"2025-02-03 07:07:25";"2025-12-22 08:40:42";89.2308;725.9615;2;52;"2025-02-03 07:07:25";"2025-12-22 08:40:42";8;0
"user_2099";23;23;"2025-01-24 07:09:53";"2025-12-27 18:45:22";90.2174;735.913;1;23;"2025-01-24 07:09:53";"2025-12-27 18:45:22";3;0
"user_21";61;49;"2025-01-12 22:55:13";"2025-11-11 11:53:21";91.8852;728.9508;1;61;"2025-01-12 22:55:13";"2025-11-11 11:53:21";49;1
"user_210";61;52;"2025-02-18 02:17:03";"2025-08-27 12:29:37";90.7705;744.2459;2;61;"2025-02-18 02:17:03";"2025-08-27 12:29:37";125;1
"user_2100";38;35;"2025-03-03 23:13:38";"2025-12-21 09:51:08";88.6053;689.8684;1;38;"2025-03-03 23:13:38";"2025-12-21 09:51:08";9;0
"user_2101";11;11;"2025-02-04 17:09:40";"2025-12-08 10:17:03";88.9091;687.9091;1;11;"2025-02-04 17:09:40";"2025-12-08 10:17:03";22;1
"user_2102";48;44;"2025-01-13 16:38:56";"2025-12-23 21:53:57";88.8958;708.4375;2;48;"2025-01-13 16:38:56";"2025-12-23 21:53:57";7;0
"user_2103";88;77;"2025-01-22 11:50:38";"2025-10-04 09:48:26";92.4432;750.1364;1;88;"2025-01-22 11:50:38";"2025-10-04 09:48:26";87;1
"user_2104";22;22;"2025-02-27 07:55:23";"2025-12-24 22:02:12";84.9091;674.0;2;22;"2025-02-27 07:55:23";"2025-12-24 22:02:12";6;0
"user_2105";22;22;"2025-02-13 16:34:49";"2025-12-17 23:16:31";84.1818;651.4091;1;22;"2025-02-13 16:34:49";"2025-12-17 23:16:31";13;0
"user_2106";45;43;"2025-02-19 01:21:57";"2025-12-22 04:08:44";93.7333;745.6444;2;45;"2025-02-19 01:21:57";"2025-12-22 04:08:44";8;0
"user_2107";22;21;"2025-02-06 20:44:36";"2025-12-24 21:20:52";98.7727;805.7273;1;22;"2025-02-06 20:44:36";"2025-12-24 21:20:52";6;0
"user_2108";15;15;"2025-03-14 05:47:48";"2025-12-10 05:11:03";82.5333;648.0;1;15;"2025-03-14 05:47:48";"2025-12-10 05:11:03";20;0
"user_2109";72;64;"2025-02-22 04:11:41";"2025-10-27 23:29:36";87.5;703.0139;2;72;"2025-02-22 04:11:41";"2025-10-27 23:29:36";64;1
"user_211";39;37;"2025-02-10 04:08:28";"2025-12-18 21:43:45";95.0256;753.9231;2;39;"2025-02-10 04:08:28";"2025-12-18 21:43:45";12;0
"user_2110";16;16;"2025-01-30 02:14:53";"2025-10-16 12:18:41";86.125;674.0625;1;16;"2025-01-30 02:14:53";"2025-10-16 12:18:41";75;1
"user_2111";94;80;"2025-02-06 06:12:03";"2025-10-30 09:44:58";87.4681;704.5532;2;94;"2025-02-06 06:12:03";"2025-10-30 09:44:58";61;1
"user_2112";61;57;"2025-02-17 02:39:29";"2025-09-03 07:22:30";91.5246;757.2623;1;61;"2025-02-17 02:39:29";"2025-09-03 07:22:30";118;1
"user_2113";111;93;"2025-01-11 08:17:27";"2025-11-26 01:35:20";90.3333;727.8468;1;111;"2025-01-11 08:17:27";"2025-11-26 01:35:20";34;1
"user_2114";20;20;"2025-03-16 06:18:44";"2025-11-19 00:47:12";89.0;701.75;1;20;"2025-03-16 06:18:44";"2025-11-19 00:47:12";41;1
"user_2115";21;21;"2025-02-24 00:30:29";"2025-12-13 11:38:30";96.4762;792.0476;2;21;"2025-02-24 00:30:29";"2025-12-13 11:38:30";17;0
"user_2116";103;90;"2025-02-18 10:46:08";"2025-12-19 11:10:19";94.3786;758.4563;2;103;"2025-02-18 10:46:08";"2025-12-19 11:10:19";11;0
"user_2117";38;33;"2025-02-14 01:49:25";"2025-12-11 11:40:36";89.4737;732.8684;1;38;"2025-02-14 01:49:25";"2025-12-11 11:40:36";19;0
"user_2118";39;36;"2025-03-01 16:51:34";"2025-12-24 10:25:40";85.5641;700.0769;2;39;"2025-03-01 16:51:34";"2025-12-24 10:25:40";6;0
"user_2119";100;90;"2025-01-30 02:24:44";"2025-12-20 19:46:58";88.2;696.37;1;100;"2025-01-30 02:24:44";"2025-12-20 19:46:58";10;0
"user_212";27;27;"2025-02-12 19:47:13";"2025-12-20 02:06:34";88.4074;697.3704;1;27;"2025-02-12 19:47:13";"2025-12-20 02:06:34";10;0
"user_2120";20;19;"2025-03-09 02:11:19";"2025-12-12 08:37:03";86.0;666.85;2;20;"2025-03-09 02:11:19";"2025-12-12 08:37:03";18;0
"user_2121";17;17;"2025-01-19 22:38:27";"2025-12-05 14:26:58";88.9412;734.6471;2;17;"2025-01-19 22:38:27";"2025-12-05 14:26:58";25;1
"user_2122";59;54;"2025-01-12 06:04:23";"2025-12-29 14:52:10";87.8644;694.2712;1;59;"2025-01-12 06:04:23";"2025-12-29 14:52:10";1;0
"user_2123";16;16;"2025-01-16 16:36:47";"2025-12-29 19:34:21";80.125;636.6875;2;16;"2025-01-16 16:36:47";"2025-12-29 19:34:21";1;0
"user_2124";45;44;"2025-02-09 09:48:40";"2025-12-27 14:13:25";88.1111;703.8889;1;45;"2025-02-09 09:48:40";"2025-12-27 14:13:25";3;0
"user_2125";12;12;"2025-03-02 08:08:42";"2025-12-22 08:47:52";76.75;639.6667;2;12;"2025-03-02 08:08:42";"2025-12-22 08:47:52";8;0
"user_2126";21;20;"2025-02-13 22:02:31";"2025-12-12 19:10:49";92.9048;761.1905;1;21;"2025-02-13 22:02:31";"2025-12-12 19:10:49";18;0
"user_2127";53;50;"2025-02-13 17:14:23";"2025-12-15 18:20:51";95.3396;780.6792;1;53;"2025-02-13 17:14:23";"2025-12-15 18:20:51";15;0
"user_2128";69;58;"2025-01-19 14:49:17";"2025-07-10 02:51:04";90.6232;712.8696;1;69;"2025-01-19 14:49:17";"2025-07-10 02:51:04";173;1
"user_2129";22;22;"2025-02-01 07:24:48";"2025-12-13 09:11:53";95.6818;733.1818;1;22;"2025-02-01 07:24:48";"2025-12-13 09:11:53";17;0
"user_213";25;25;"2025-02-03 08:52:43";"2025-12-23 21:40:31";91.56;748.48;2;25;"2025-02-03 08:52:43";"2025-12-23 21:40:31";7;0
"user_2130";57;53;"2025-02-27 18:29:03";"2025-12-29 14:39:19";91.1579;750.2105;2;57;"2025-02-27 18:29:03";"2025-12-29 14:39:19";1;0
"user_2131";65;51;"2025-02-16 23:39:55";"2025-09-10 19:33:49";86.2769;701.3077;1;65;"2025-02-16 23:39:55";"2025-09-10 19:33:49";111;1
"user_2132";64;55;"2025-01-29 01:36:04";"2025-08-21 18:38:12";89.2344;725.8438;2;64;"2025-01-29 01:36:04";"2025-08-21 18:38:12";131;1
"user_2133";39;37;"2025-02-19 14:48:28";"2025-12-14 21:43:46";90.7436;722.4615;2;39;"2025-02-19 14:48:28";"2025-12-14 21:43:46";16;0
"user_2134";51;51;"2025-01-07 14:58:57";"2025-12-22 15:37:20";93.6275;763.6471;2;51;"2025-01-07 14:58:57";"2025-12-22 15:37:20";8;0
"user_2135";28;26;"2025-02-07 12:06:05";"2025-11-21 21:48:27";88.7143;739.9286;1;28;"2025-02-07 12:06:05";"2025-11-21 21:48:27";39;1
"user_2136";20;19;"2025-01-19 20:28:43";"2025-12-25 20:11:46";78.6;596.15;1;20;"2025-01-19 20:28:43";"2025-12-25 20:11:46";5;0
"user_2137";67;56;"2025-02-24 04:33:14";"2025-09-02 20:51:18";93.4478;773.4776;1;67;"2025-02-24 04:33:14";"2025-09-02 20:51:18";119;1
"user_2138";23;22;"2025-02-13 19:28:38";"2025-11-16 10:37:14";90.7391;675.6087;1;23;"2025-02-13 19:28:38";"2025-11-16 10:37:14";44;1
"user_2139";95;80;"2025-01-24 06:51:23";"2025-09-27 13:50:14";88.2842;720.0526;2;95;"2025-01-24 06:51:23";"2025-09-27 13:50:14";94;1
"user_214";69;59;"2025-01-06 19:45:11";"2025-07-25 06:13:34";87.7681;703.1159;1;69;"2025-01-06 19:45:11";"2025-07-25 06:13:34";158;1
"user_2140";13;11;"2025-03-20 09:22:11";"2025-12-26 06:02:12";86.8462;740.9231;1;13;"2025-03-20 09:22:11";"2025-12-26 06:02:12";4;0
"user_2141";33;32;"2025-03-01 05:49:18";"2025-12-23 06:34:00";92.3939;722.5152;2;33;"2025-03-01 05:49:18";"2025-12-23 06:34:00";7;0
"user_2142";51;42;"2025-01-24 07:38:08";"2025-12-20 14:01:30";87.7255;695.2549;2;51;"2025-01-24 07:38:08";"2025-12-20 14:01:30";10;0
"user_2143";29;27;"2025-03-18 02:10:08";"2025-12-16 07:03:09";88.8276;723.9655;1;29;"2025-03-18 02:10:08";"2025-12-16 07:03:09";14;0
"user_2144";38;36;"2025-01-26 00:45:41";"2025-12-27 12:06:12";92.8947;729.7895;2;38;"2025-01-26 00:45:41";"2025-12-27 12:06:12";3;0
"user_2145";47;45;"2025-02-23 01:15:36";"2025-12-09 06:36:00";94.4043;762.7021;2;47;"2025-02-23 01:15:36";"2025-12-09 06:36:00";21;0
"user_2146";24;23;"2025-01-31 14:28:27";"2025-12-19 10:24:06";85.25;686.9167;1;24;"2025-01-31 14:28:27";"2025-12-19 10:24:06";11;0
"user_2147";43;39;"2025-02-14 13:36:01";"2025-12-20 07:21:36";87.3023;692.2326;1;43;"2025-02-14 13:36:01";"2025-12-20 07:21:36";10;0
"user_2148";32;29;"2025-03-06 09:30:20";"2025-12-13 15:23:19";87.625;678.125;1;32;"2025-03-06 09:30:20";"2025-12-13 15:23:19";17;0
"user_2149";49;48;"2025-01-03 10:55:15";"2025-12-30 11:46:53";88.6531;723.4286;1;49;"2025-01-03 10:55:15";"2025-12-30 11:46:53";0;0
"user_215";26;26;"2025-02-28 16:31:02";"2025-11-26 08:51:53";85.7308;675.6154;1;26;"2025-02-28 16:31:02";"2025-11-26 08:51:53";34;1
"user_2150";18;17;"2025-04-02 15:24:52";"2025-12-20 10:17:34";92.2222;730.4444;1;18;"2025-04-02 15:24:52";"2025-12-20 10:17:34";10;0
"user_2151";50;48;"2025-01-22 04:16:13";"2025-12-22 05:21:50";87.16;710.48;2;50;"2025-01-22 04:16:13";"2025-12-22 05:21:50";8;0
"user_2152";82;69;"2025-01-30 05:36:23";"2025-11-10 16:03:35";91.2439;728.4634;2;82;"2025-01-30 05:36:23";"2025-11-10 16:03:35";50;1
"user_2153";17;17;"2025-01-19 08:53:45";"2025-12-09 07:06:51";93.2941;779.6471;1;17;"2025-01-19 08:53:45";"2025-12-09 07:06:51";21;0
"user_2154";24;21;"2025-02-09 04:23:13";"2025-12-23 20:08:31";87.1667;681.8333;1;24;"2025-02-09 04:23:13";"2025-12-23 20:08:31";7;0
"user_2155";66;57;"2025-01-20 13:43:23";"2025-09-08 17:22:09";88.3182;695.3788;1;66;"2025-01-20 13:43:23";"2025-09-08 17:22:09";113;1
"user_2156";74;64;"2025-02-24 09:11:43";"2025-10-28 21:27:23";88.4054;722.5946;1;74;"2025-02-24 09:11:43";"2025-10-28 21:27:23";63;1
"user_2157";63;53;"2025-03-01 21:05:25";"2025-08-08 01:07:57";88.619;704.9683;2;63;"2025-03-01 21:05:25";"2025-08-08 01:07:57";144;1
"user_2158";58;55;"2025-01-14 04:54:06";"2025-12-24 11:14:23";91.6379;749.2931;1;58;"2025-01-14 04:54:06";"2025-12-24 11:14:23";6;0
"user_2159";44;43;"2025-02-27 06:08:53";"2025-12-29 21:19:03";85.6364;694.9091;1;44;"2025-02-27 06:08:53";"2025-12-29 21:19:03";1;0
"user_216";62;56;"2025-01-19 06:44:36";"2025-08-01 06:39:31";91.5;741.0323;1;62;"2025-01-19 06:44:36";"2025-08-01 06:39:31";151;1
"user_2160";26;24;"2025-01-12 09:01:29";"2025-12-11 19:57:23";86.6923;700.8462;1;26;"2025-01-12 09:01:29";"2025-12-11 19:57:23";19;0
"user_2161";22;21;"2025-03-11 00:36:57";"2025-12-28 19:30:40";92.0;721.6818;1;22;"2025-03-11 00:36:57";"2025-12-28 19:30:40";2;0
"user_2162";44;42;"2025-01-16 05:02:09";"2025-12-21 20:35:31";94.5909;762.6364;2;44;"2025-01-16 05:02:09";"2025-12-21 20:35:31";9;0
"user_2163";39;36;"2025-02-12 15:14:19";"2025-12-27 22:47:23";90.8462;731.3333;2;39;"2025-02-12 15:14:19";"2025-12-27 22:47:23";3;0
"user_2164";27;25;"2025-01-19 16:13:53";"2025-12-18 21:54:33";88.037;722.1111;1;27;"2025-01-19 16:13:53";"2025-12-18 21:54:33";12;0
"user_2165";60;57;"2025-02-21 18:54:08";"2025-12-30 05:50:25";89.6;705.8667;1;60;"2025-02-21 18:54:08";"2025-12-30 05:50:25";0;0
"user_2166";22;22;"2025-02-04 21:27:13";"2025-12-26 18:44:31";86.0455;682.7727;1;22;"2025-02-04 21:27:13";"2025-12-26 18:44:31";4;0
"user_2167";48;45;"2025-01-07 04:33:35";"2025-12-17 22:27:19";88.9583;682.4792;2;48;"2025-01-07 04:33:35";"2025-12-17 22:27:19";13;0
"user_2168";99;87;"2025-02-28 20:45:38";"2025-11-30 23:10:11";90.5556;744.1919;2;99;"2025-02-28 20:45:38";"2025-11-30 23:10:11";30;1
"user_2169";25;24;"2025-02-13 09:03:35";"2025-12-25 00:13:48";83.36;635.72;1;25;"2025-02-13 09:03:35";"2025-12-25 00:13:48";5;0
"user_217";47;43;"2025-01-22 19:46:04";"2025-12-27 23:05:03";89.6596;707.2128;2;47;"2025-01-22 19:46:04";"2025-12-27 23:05:03";3;0
"user_2170";65;63;"2025-01-14 19:40:03";"2025-12-23 14:43:09";85.8462;692.6923;1;65;"2025-01-14 19:40:03";"2025-12-23 14:43:09";7;0
"user_2171";23;23;"2025-02-28 22:00:38";"2025-11-24 07:47:14";91.6957;729.4783;2;23;"2025-02-28 22:00:38";"2025-11-24 07:47:14";36;1
"user_2172";60;53;"2025-01-29 18:04:20";"2025-07-20 22:12:15";90.3333;720.1333;1;60;"2025-01-29 18:04:20";"2025-07-20 22:12:15";163;1
"user_2173";76;60;"2025-01-11 06:17:57";"2025-08-27 00:53:51";92.9211;740.0395;2;76;"2025-01-11 06:17:57";"2025-08-27 00:53:51";125;1
"user_2174";19;18;"2025-02-11 20:03:33";"2025-12-18 19:45:08";95.3158;745.8947;1;19;"2025-02-11 20:03:33";"2025-12-18 19:45:08";12;0
"user_2175";103;87;"2025-01-28 19:00:14";"2025-12-30 09:01:56";88.9806;707.0097;1;103;"2025-01-28 19:00:14";"2025-12-30 09:01:56";0;0
"user_2176";24;21;"2025-01-23 13:42:42";"2025-12-11 20:53:29";89.0833;717.5417;1;24;"2025-01-23 13:42:42";"2025-12-11 20:53:29";19;0
"user_2177";62;54;"2025-01-11 20:56:03";"2025-08-19 10:46:30";86.3871;715.1452;2;62;"2025-01-11 20:56:03";"2025-08-19 10:46:30";133;1
"user_2178";42;40;"2025-02-14 01:10:21";"2025-12-29 12:22:39";92.9286;762.4524;2;42;"2025-02-14 01:10:21";"2025-12-29 12:22:39";1;0
"user_2179";23;22;"2025-01-26 06:49:34";"2025-12-04 01:10:42";91.3913;739.6087;1;23;"2025-01-26 06:49:34";"2025-12-04 01:10:42";26;1
"user_218";26;26;"2025-02-11 20:11:29";"2025-12-17 01:04:44";94.6154;800.4615;2;26;"2025-02-11 20:11:29";"2025-12-17 01:04:44";13;0
"user_2180";54;50;"2025-02-08 09:18:16";"2025-12-24 11:18:10";89.6667;711.5185;2;54;"2025-02-08 09:18:16";"2025-12-24 11:18:10";6;0
"user_2181";43;42;"2025-02-25 08:08:16";"2025-12-28 23:14:36";86.1628;705.2093;2;43;"2025-02-25 08:08:16";"2025-12-28 23:14:36";2;0
"user_2182";63;53;"2025-01-22 17:43:03";"2025-08-24 04:44:22";87.7302;703.3651;2;63;"2025-01-22 17:43:03";"2025-08-24 04:44:22";128;1
"user_2183";100;85;"2025-02-07 15:36:08";"2025-11-25 02:42:48";88.96;719.26;1;100;"2025-02-07 15:36:08";"2025-11-25 02:42:48";35;1
"user_2184";41;40;"2025-03-08 02:37:26";"2025-12-25 12:22:09";86.5122;695.2195;1;41;"2025-03-08 02:37:26";"2025-12-25 12:22:09";5;0
"user_2185";24;22;"2025-03-10 03:24:57";"2025-12-22 22:02:29";98.875;824.2917;2;24;"2025-03-10 03:24:57";"2025-12-22 22:02:29";8;0
"user_2186";10;10;"2025-03-31 06:36:21";"2025-12-25 23:07:50";91.5;758.8;2;10;"2025-03-31 06:36:21";"2025-12-25 23:07:50";5;0
"user_2187";17;17;"2025-02-07 14:51:15";"2025-12-26 20:45:30";90.8824;727.7647;1;17;"2025-02-07 14:51:15";"2025-12-26 20:45:30";4;0
"user_2188";20;19;"2025-03-05 09:42:36";"2025-12-19 19:14:16";96.25;787.55;2;20;"2025-03-05 09:42:36";"2025-12-19 19:14:16";11;0
"user_2189";20;20;"2025-02-22 00:34:23";"2025-12-24 23:05:58";90.95;737.3;1;20;"2025-02-22 00:34:23";"2025-12-24 23:05:58";6;0
"user_219";36;35;"2025-02-01 09:07:12";"2025-12-22 03:41:23";90.9722;694.1389;2;36;"2025-02-01 09:07:12";"2025-12-22 03:41:23";8;0
"user_2190";25;25;"2025-01-15 07:51:09";"2025-12-26 12:06:40";90.4;751.04;2;25;"2025-01-15 07:51:09";"2025-12-26 12:06:40";4;0
"user_2191";91;72;"2025-01-06 21:07:57";"2025-08-30 13:59:56";92.6813;745.2308;1;91;"2025-01-06 21:07:57";"2025-08-30 13:59:56";122;1
"user_2192";18;18;"2025-01-15 01:45:45";"2025-12-26 12:36:43";79.6667;608.7222;1;18;"2025-01-15 01:45:45";"2025-12-26 12:36:43";4;0
"user_2193";23;23;"2025-03-03 00:40:02";"2025-12-17 21:50:11";84.7391;723.3478;2;23;"2025-03-03 00:40:02";"2025-12-17 21:50:11";13;0
"user_2194";49;45;"2025-01-16 15:09:14";"2025-12-26 00:56:40";91.2449;697.9184;1;49;"2025-01-16 15:09:14";"2025-12-26 00:56:40";4;0
"user_2195";62;54;"2025-01-13 02:38:53";"2025-08-10 02:20:46";91.8548;717.0968;2;62;"2025-01-13 02:38:53";"2025-08-10 02:20:46";142;1
"user_2196";61;56;"2025-01-09 21:09:48";"2025-12-25 19:28:56";93.8361;760.3934;2;61;"2025-01-09 21:09:48";"2025-12-25 19:28:56";5;0
"user_2197";40;37;"2025-03-05 08:06:06";"2025-12-07 19:06:05";86.625;698.55;2;40;"2025-03-05 08:06:06";"2025-12-07 19:06:05";23;1
"user_2198";19;19;"2025-03-19 12:38:31";"2025-12-08 17:34:28";83.0526;668.3158;2;19;"2025-03-19 12:38:31";"2025-12-08 17:34:28";22;1
"user_2199";43;40;"2025-02-09 01:48:00";"2025-12-24 13:24:52";90.1628;687.1628;1;43;"2025-02-09 01:48:00";"2025-12-24 13:24:52";6;0
"user_22";70;59;"2025-01-25 18:34:04";"2025-07-29 12:34:16";90.2;717.7857;2;70;"2025-01-25 18:34:04";"2025-07-29 12:34:16";154;1
"user_220";24;22;"2025-01-19 06:49:43";"2025-11-20 15:09:16";93.4583;739.5;2;24;"2025-01-19 06:49:43";"2025-11-20 15:09:16";40;1
"user_2200";32;32;"2025-02-06 17:38:14";"2025-12-26 12:25:04";92.5313;767.5625;2;32;"2025-02-06 17:38:14";"2025-12-26 12:25:04";4;0
"user_2201";18;18;"2025-01-21 09:46:58";"2025-12-04 13:34:24";94.3889;787.6111;2;18;"2025-01-21 09:46:58";"2025-12-04 13:34:24";26;1
"user_2202";78;73;"2025-02-27 09:45:40";"2025-12-01 12:58:27";89.1795;698.8205;2;78;"2025-02-27 09:45:40";"2025-12-01 12:58:27";29;1
"user_2203";57;54;"2025-01-23 14:51:32";"2025-12-27 10:52:43";87.9474;703.8772;2;57;"2025-01-23 14:51:32";"2025-12-27 10:52:43";3;0
"user_2204";60;51;"2025-02-02 05:36:18";"2025-07-14 06:19:26";90.2167;719.5333;2;60;"2025-02-02 05:36:18";"2025-07-14 06:19:26";169;1
"user_2205";22;22;"2025-01-09 16:34:46";"2025-12-22 06:04:48";86.0;691.6818;1;22;"2025-01-09 16:34:46";"2025-12-22 06:04:48";8;0
"user_2206";19;19;"2025-03-01 09:06:26";"2025-12-13 13:54:31";88.1579;694.2105;2;19;"2025-03-01 09:06:26";"2025-12-13 13:54:31";17;0
"user_2207";79;70;"2025-02-20 05:08:04";"2025-10-26 19:30:20";91.3797;735.8101;1;79;"2025-02-20 05:08:04";"2025-10-26 19:30:20";65;1
"user_2208";21;20;"2025-01-24 12:03:54";"2025-11-28 03:52:49";80.0952;625.5714;1;21;"2025-01-24 12:03:54";"2025-11-28 03:52:49";32;1
"user_2209";70;57;"2025-02-12 21:02:51";"2025-08-13 11:43:59";90.9571;708.6714;2;70;"2025-02-12 21:02:51";"2025-08-13 11:43:59";139;1
"user_221";27;26;"2025-03-06 15:03:00";"2025-12-09 20:32:35";85.5185;708.037;2;27;"2025-03-06 15:03:00";"2025-12-09 20:32:35";21;0
"user_2210";14;14;"2025-02-17 14:03:38";"2025-12-01 13:59:36";90.5;765.2143;1;14;"2025-02-17 14:03:38";"2025-12-01 13:59:36";29;1
"user_2211";17;17;"2025-02-04 09:09:07";"2025-12-26 17:41:38";92.4118;768.3529;2;17;"2025-02-04 09:09:07";"2025-12-26 17:41:38";4;0
"user_2212";19;19;"2025-01-11 20:37:13";"2025-12-20 19:28:08";91.0;727.8421;1;19;"2025-01-11 20:37:13";"2025-12-20 19:28:08";10;0
"user_2213";80;72;"2025-01-23 23:26:24";"2025-09-08 22:21:21";91.3875;750.2625;1;80;"2025-01-23 23:26:24";"2025-09-08 22:21:21";113;1
"user_2214";15;14;"2025-02-19 19:12:25";"2025-11-19 21:14:43";89.8667;710.0;2;15;"2025-02-19 19:12:25";"2025-11-19 21:14:43";41;1
"user_2215";23;23;"2025-02-15 11:14:18";"2025-12-24 09:12:14";89.0;685.7391;2;23;"2025-02-15 11:14:18";"2025-12-24 09:12:14";6;0
"user_2216";46;45;"2025-01-14 07:50:02";"2025-12-21 18:56:35";94.2391;762.1087;2;46;"2025-01-14 07:50:02";"2025-12-21 18:56:35";9;0
"user_2217";23;21;"2025-02-08 16:03:07";"2025-12-19 06:20:55";81.1739;676.0435;2;23;"2025-02-08 16:03:07";"2025-12-19 06:20:55";11;0
"user_2218";68;59;"2025-01-12 07:55:30";"2025-08-27 23:34:49";87.1912;706.0735;2;68;"2025-01-12 07:55:30";"2025-08-27 23:34:49";125;1
"user_2219";11;11;"2025-04-01 08:55:49";"2025-12-26 10:15:30";94.4545;772.6364;1;11;"2025-04-01 08:55:49";"2025-12-26 10:15:30";4;0
"user_222";53;48;"2025-02-01 14:19:12";"2025-12-24 23:00:37";88.2075;706.8491;2;53;"2025-02-01 14:19:12";"2025-12-24 23:00:37";6;0
"user_2220";79;68;"2025-01-07 05:27:57";"2025-08-02 09:15:11";89.1266;718.1266;1;79;"2025-01-07 05:27:57";"2025-08-02 09:15:11";150;1
"user_2221";21;20;"2025-01-27 03:51:04";"2025-12-25 09:27:55";93.8095;727.3333;1;21;"2025-01-27 03:51:04";"2025-12-25 09:27:55";5;0
"user_2222";32;30;"2025-01-19 07:31:00";"2025-12-22 00:48:41";84.6875;656.0938;1;32;"2025-01-19 07:31:00";"2025-12-22 00:48:41";8;0
"user_2223";67;58;"2025-01-23 06:17:03";"2025-08-27 16:09:28";86.1343;683.9552;1;67;"2025-01-23 06:17:03";"2025-08-27 16:09:28";125;1
"user_2224";60;50;"2025-01-29 11:42:29";"2025-08-02 00:50:18";90.1;722.9333;1;60;"2025-01-29 11:42:29";"2025-08-02 00:50:18";150;1
"user_2225";122;107;"2025-01-18 04:41:16";"2025-12-28 01:16:21";90.1557;727.1148;1;122;"2025-01-18 04:41:16";"2025-12-28 01:16:21";2;0
"user_2226";47;45;"2025-02-10 11:49:38";"2025-12-30 09:21:56";83.7872;679.6383;2;47;"2025-02-10 11:49:38";"2025-12-30 09:21:56";0;0
"user_2227";39;35;"2025-01-23 01:40:31";"2025-12-29 15:24:53";88.4872;714.8462;2;39;"2025-01-23 01:40:31";"2025-12-29 15:24:53";1;0
"user_2228";54;52;"2025-02-01 08:49:03";"2025-12-24 18:50:43";91.1296;718.463;2;54;"2025-02-01 08:49:03";"2025-12-24 18:50:43";6;0
"user_2229";61;48;"2025-01-28 08:15:01";"2025-07-03 15:03:25";93.2951;763.3279;2;61;"2025-01-28 08:15:01";"2025-07-03 15:03:25";180;1
"user_223";65;54;"2025-03-05 00:34:27";"2025-09-14 20:11:11";87.5538;709.3538;1;65;"2025-03-05 00:34:27";"2025-09-14 20:11:11";107;1
"user_2230";92;80;"2025-01-19 22:38:58";"2025-11-22 20:52:36";86.8587;692.4891;2;92;"2025-01-19 22:38:58";"2025-11-22 20:52:36";38;1
"user_2231";26;26;"2025-03-29 12:49:29";"2025-12-22 09:25:50";88.3077;729.8846;1;26;"2025-03-29 12:49:29";"2025-12-22 09:25:50";8;0
"user_2232";82;71;"2025-02-18 18:56:04";"2025-09-11 07:22:18";91.3049;718.7805;1;82;"2025-02-18 18:56:04";"2025-09-11 07:22:18";110;1
"user_2233";21;21;"2025-01-30 20:04:24";"2025-12-21 20:33:29";87.8095;687.8571;1;21;"2025-01-30 20:04:24";"2025-12-21 20:33:29";9;0
"user_2234";14;14;"2025-02-21 01:58:21";"2025-12-12 23:13:27";93.1429;755.7143;1;14;"2025-02-21 01:58:21";"2025-12-12 23:13:27";18;0
"user_2235";19;19;"2025-02-15 04:09:07";"2025-11-26 21:13:20";87.5263;710.9474;1;19;"2025-02-15 04:09:07";"2025-11-26 21:13:20";34;1
"user_2236";54;51;"2025-01-12 23:13:00";"2025-12-29 16:37:21";92.7037;738.9444;1;54;"2025-01-12 23:13:00";"2025-12-29 16:37:21";1;0
"user_2237";15;14;"2025-03-06 15:48:11";"2025-12-21 09:17:39";86.6;690.6667;2;15;"2025-03-06 15:48:11";"2025-12-21 09:17:39";9;0
"user_2238";92;81;"2025-01-25 23:00:51";"2025-12-29 09:17:13";90.6196;738.2717;2;92;"2025-01-25 23:00:51";"2025-12-29 09:17:13";1;0
"user_2239";70;60;"2025-01-07 08:43:15";"2025-08-10 17:50:05";92.4714;762.4;2;70;"2025-01-07 08:43:15";"2025-08-10 17:50:05";142;1
"user_224";38;37;"2025-02-27 14:55:34";"2025-12-25 21:39:19";85.8158;677.0;1;38;"2025-02-27 14:55:34";"2025-12-25 21:39:19";5;0
"user_2240";62;51;"2025-01-27 07:21:58";"2025-07-19 11:24:11";90.8387;709.9355;1;62;"2025-01-27 07:21:58";"2025-07-19 11:24:11";164;1
"user_2241";22;21;"2025-01-22 21:34:04";"2025-12-21 02:44:16";90.6364;728.5455;2;22;"2025-01-22 21:34:04";"2025-12-21 02:44:16";9;0
"user_2242";62;52;"2025-01-25 00:16:22";"2025-07-18 10:07:27";87.5645;723.1613;2;62;"2025-01-25 00:16:22";"2025-07-18 10:07:27";165;1
"user_2243";42;40;"2025-02-06 10:36:32";"2025-12-22 09:47:14";91.1905;734.7857;1;42;"2025-02-06 10:36:32";"2025-12-22 09:47:14";8;0
"user_2244";13;13;"2025-03-04 02:43:35";"2025-12-16 12:52:29";88.5385;781.0;1;13;"2025-03-04 02:43:35";"2025-12-16 12:52:29";14;0
"user_2245";12;12;"2025-02-11 16:24:14";"2025-11-13 16:17:54";90.0;710.8333;2;12;"2025-02-11 16:24:14";"2025-11-13 16:17:54";47;1
"user_2246";47;46;"2025-02-07 01:32:31";"2025-12-14 07:06:16";86.234;698.766;2;47;"2025-02-07 01:32:31";"2025-12-14 07:06:16";16;0
"user_2247";74;60;"2025-02-03 22:40:33";"2025-09-02 08:49:52";92.6486;733.1486;1;74;"2025-02-03 22:40:33";"2025-09-02 08:49:52";119;1
"user_2248";23;23;"2025-03-08 17:05:31";"2025-12-19 22:00:47";97.7391;824.5652;1;23;"2025-03-08 17:05:31";"2025-12-19 22:00:47";11;0
"user_2249";50;43;"2025-02-21 06:18:03";"2025-12-23 19:57:36";90.94;725.3;2;50;"2025-02-21 06:18:03";"2025-12-23 19:57:36";7;0
"user_225";66;53;"2025-01-19 08:48:15";"2025-07-09 21:51:40";89.4545;729.9848;2;66;"2025-01-19 08:48:15";"2025-07-09 21:51:40";174;1
"user_2250";64;55;"2025-01-16 14:31:50";"2025-07-21 00:36:30";90.9063;728.7344;1;64;"2025-01-16 14:31:50";"2025-07-21 00:36:30";162;1
"user_2251";82;74;"2025-01-12 22:22:04";"2025-09-29 12:03:23";86.8537;684.0976;1;82;"2025-01-12 22:22:04";"2025-09-29 12:03:23";92;1
"user_2252";14;14;"2025-01-28 00:40:32";"2025-11-04 23:18:02";91.7857;684.7857;1;14;"2025-01-28 00:40:32";"2025-11-04 23:18:02";56;1
"user_2253";17;16;"2025-02-25 19:01:38";"2025-12-09 02:52:33";92.1765;785.2353;2;17;"2025-02-25 19:01:38";"2025-12-09 02:52:33";21;0
"user_2254";34;34;"2025-01-24 21:26:40";"2025-12-27 08:00:40";86.1176;714.2353;2;34;"2025-01-24 21:26:40";"2025-12-27 08:00:40";3;0
"user_2255";19;19;"2025-01-14 23:32:03";"2025-12-06 04:21:47";91.4211;737.6842;2;19;"2025-01-14 23:32:03";"2025-12-06 04:21:47";24;1
"user_2256";55;53;"2025-01-19 13:11:00";"2025-12-26 07:03:07";87.3455;713.3455;2;55;"2025-01-19 13:11:00";"2025-12-26 07:03:07";4;0
"user_2257";28;27;"2025-03-11 14:01:54";"2025-12-30 04:30:35";87.5357;723.0714;2;28;"2025-03-11 14:01:54";"2025-12-30 04:30:35";0;0
"user_2258";57;53;"2025-01-12 02:04:06";"2025-12-18 21:01:22";87.6667;709.0702;1;57;"2025-01-12 02:04:06";"2025-12-18 21:01:22";12;0
"user_2259";38;36;"2025-02-28 04:16:43";"2025-12-19 01:08:21";96.0263;756.6053;1;38;"2025-02-28 04:16:43";"2025-12-19 01:08:21";11;0
"user_226";61;57;"2025-01-01 17:20:53";"2025-07-17 22:05:16";90.3115;734.8689;1;61;"2025-01-01 17:20:53";"2025-07-17 22:05:16";166;1
"user_2260";44;43;"2025-02-16 12:34:12";"2025-12-24 17:36:45";89.1364;697.5455;1;44;"2025-02-16 12:34:12";"2025-12-24 17:36:45";6;0
"user_2261";24;24;"2025-01-28 12:20:13";"2025-12-29 08:48:59";93.875;705.25;1;24;"2025-01-28 12:20:13";"2025-12-29 08:48:59";1;0
"user_2262";51;47;"2025-03-04 21:47:56";"2025-12-21 15:28:42";91.8824;753.8039;1;51;"2025-03-04 21:47:56";"2025-12-21 15:28:42";9;0
"user_2263";21;20;"2025-03-07 12:57:12";"2025-12-20 23:28:26";96.2381;740.4762;2;21;"2025-03-07 12:57:12";"2025-12-20 23:28:26";10;0
"user_2264";43;41;"2025-01-17 15:03:44";"2025-12-26 23:23:44";90.8372;732.4651;2;43;"2025-01-17 15:03:44";"2025-12-26 23:23:44";4;0
"user_2265";51;49;"2025-01-23 06:17:16";"2025-12-26 05:14:00";85.8627;712.1176;2;51;"2025-01-23 06:17:16";"2025-12-26 05:14:00";4;0
"user_2266";50;49;"2025-01-23 00:38:21";"2025-12-21 07:56:58";85.78;671.16;2;50;"2025-01-23 00:38:21";"2025-12-21 07:56:58";9;0
"user_2267";52;45;"2025-02-09 15:16:01";"2025-12-27 09:36:07";86.6923;724.7115;1;52;"2025-02-09 15:16:01";"2025-12-27 09:36:07";3;0
"user_2268";23;23;"2025-01-11 19:47:27";"2025-12-13 17:00:41";94.6522;773.3043;2;23;"2025-01-11 19:47:27";"2025-12-13 17:00:41";17;0
"user_2269";101;81;"2025-01-28 06:00:46";"2025-10-04 08:04:46";90.6832;726.2574;2;101;"2025-01-28 06:00:46";"2025-10-04 08:04:46";87;1
"user_227";16;16;"2025-01-16 05:40:40";"2025-10-21 13:17:41";91.375;740.75;2;16;"2025-01-16 05:40:40";"2025-10-21 13:17:41";70;1
"user_2270";41;39;"2025-02-19 10:11:33";"2025-12-30 19:53:44";91.439;779.5366;1;41;"2025-02-19 10:11:33";"2025-12-30 19:53:44";0;0
"user_2271";66;61;"2025-02-06 01:18:49";"2025-10-22 20:33:53";92.3939;738.7576;2;66;"2025-02-06 01:18:49";"2025-10-22 20:33:53";69;1
"user_2272";37;35;"2025-02-21 01:14:44";"2025-12-19 11:31:26";95.1081;745.9189;1;37;"2025-02-21 01:14:44";"2025-12-19 11:31:26";11;0
"user_2273";43;41;"2025-02-07 09:40:44";"2025-12-23 02:37:11";91.2093;708.7674;1;43;"2025-02-07 09:40:44";"2025-12-23 02:37:11";7;0
"user_2274";31;30;"2025-02-13 07:48:46";"2025-12-16 08:30:07";96.3871;760.5484;1;31;"2025-02-13 07:48:46";"2025-12-16 08:30:07";14;0
"user_2275";13;13;"2025-03-03 18:00:30";"2025-11-29 08:30:10";90.4615;769.0769;1;13;"2025-03-03 18:00:30";"2025-11-29 08:30:10";31;1
"user_2276";45;41;"2025-02-28 06:34:41";"2025-12-27 16:44:28";88.6444;713.6222;2;45;"2025-02-28 06:34:41";"2025-12-27 16:44:28";3;0
"user_2277";29;29;"2025-01-22 12:31:04";"2025-12-27 18:20:19";83.8966;688.3793;2;29;"2025-01-22 12:31:04";"2025-12-27 18:20:19";3;0
"user_2278";59;57;"2025-01-19 05:23:58";"2025-12-19 12:25:43";92.7966;741.0847;2;59;"2025-01-19 05:23:58";"2025-12-19 12:25:43";11;0
"user_2279";46;42;"2025-01-24 21:35:28";"2025-12-09 08:59:30";89.9565;704.3043;2;46;"2025-01-24 21:35:28";"2025-12-09 08:59:30";21;0
"user_228";42;42;"2025-01-24 11:35:04";"2025-12-28 12:56:53";87.5476;707.2857;1;42;"2025-01-24 11:35:04";"2025-12-28 12:56:53";2;0
"user_2280";64;54;"2025-01-28 13:53:56";"2025-07-20 11:47:04";88.375;699.8906;2;64;"2025-01-28 13:53:56";"2025-07-20 11:47:04";163;1
"user_2281";62;52;"2025-01-24 00:50:14";"2025-06-26 08:28:36";94.2742;764.5484;2;62;"2025-01-24 00:50:14";"2025-06-26 08:28:36";187;1
"user_2282";60;54;"2025-01-08 01:33:48";"2025-12-24 23:47:50";90.5833;765.6167;1;60;"2025-01-08 01:33:48";"2025-12-24 23:47:50";6;0
"user_2283";50;46;"2025-02-12 20:25:40";"2025-12-24 22:40:24";89.56;746.32;1;50;"2025-02-12 20:25:40";"2025-12-24 22:40:24";6;0
"user_2284";77;63;"2025-02-24 14:50:01";"2025-10-16 04:54:49";91.6104;749.2338;1;77;"2025-02-24 14:50:01";"2025-10-16 04:54:49";75;1
"user_2285";62;54;"2025-02-15 19:16:41";"2025-08-01 19:18:00";95.8548;744.8226;1;62;"2025-02-15 19:16:41";"2025-08-01 19:18:00";151;1
"user_2286";69;55;"2025-02-22 18:11:44";"2025-09-09 16:13:03";89.1159;723.9275;1;69;"2025-02-22 18:11:44";"2025-09-09 16:13:03";112;1
"user_2287";12;12;"2025-01-22 18:33:16";"2025-12-05 20:16:26";89.1667;760.6667;1;12;"2025-01-22 18:33:16";"2025-12-05 20:16:26";25;1
"user_2288";62;57;"2025-01-09 03:16:28";"2025-12-27 04:50:54";93.2903;777.5806;2;62;"2025-01-09 03:16:28";"2025-12-27 04:50:54";3;0
"user_2289";53;48;"2025-02-02 07:35:57";"2025-12-30 17:40:17";89.6981;750.0377;2;53;"2025-02-02 07:35:57";"2025-12-30 17:40:17";0;0
"user_229";21;19;"2025-02-20 00:28:24";"2025-12-29 22:47:35";93.5238;774.7619;2;21;"2025-02-20 00:28:24";"2025-12-29 22:47:35";1;0
"user_2290";78;68;"2025-02-05 16:32:13";"2025-09-21 03:03:07";91.1667;722.4359;1;78;"2025-02-05 16:32:13";"2025-09-21 03:03:07";100;1
"user_2291";56;50;"2025-01-05 06:46:20";"2025-12-25 00:52:38";84.9464;681.875;2;56;"2025-01-05 06:46:20";"2025-12-25 00:52:38";5;0
"user_2292";90;80;"2025-02-03 20:29:56";"2025-11-07 04:06:26";87.2444;705.2;1;90;"2025-02-03 20:29:56";"2025-11-07 04:06:26";53;1
"user_2293";75;65;"2025-02-19 00:12:24";"2025-10-03 12:25:05";88.6667;710.4933;2;75;"2025-02-19 00:12:24";"2025-10-03 12:25:05";88;1
"user_2294";49;45;"2025-02-06 16:27:18";"2025-12-23 05:39:29";89.7551;723.8571;2;49;"2025-02-06 16:27:18";"2025-12-23 05:39:29";7;0
"user_2295";78;66;"2025-02-02 09:32:29";"2025-09-26 17:37:43";90.8974;732.8846;2;78;"2025-02-02 09:32:29";"2025-09-26 17:37:43";95;1
"user_2296";62;56;"2025-01-10 08:33:31";"2025-07-08 22:21:30";90.0806;703.9194;1;62;"2025-01-10 08:33:31";"2025-07-08 22:21:30";175;1
"user_2297";74;60;"2025-02-09 20:59:03";"2025-08-21 04:49:02";89.6757;703.6351;1;74;"2025-02-09 20:59:03";"2025-08-21 04:49:02";131;1
"user_2298";63;55;"2025-02-18 20:49:16";"2025-07-25 13:27:01";86.0159;698.6825;1;63;"2025-02-18 20:49:16";"2025-07-25 13:27:01";158;1
"user_2299";76;62;"2025-02-05 09:17:23";"2025-09-11 19:33:39";94.2368;756.4211;1;76;"2025-02-05 09:17:23";"2025-09-11 19:33:39";110;1
"user_23";62;54;"2025-02-28 21:37:27";"2025-09-15 21:27:28";91.3387;721.5968;1;62;"2025-02-28 21:37:27";"2025-09-15 21:27:28";106;1
"user_230";51;48;"2025-02-23 05:51:15";"2025-12-18 03:10:10";84.6863;670.8235;2;51;"2025-02-23 05:51:15";"2025-12-18 03:10:10";12;0
"user_2300";33;31;"2025-02-26 13:26:32";"2025-12-24 07:25:17";92.303;739.8182;1;33;"2025-02-26 13:26:32";"2025-12-24 07:25:17";6;0
"user_2301";18;17;"2025-02-21 16:56:51";"2025-12-24 08:59:27";86.9444;712.3889;2;18;"2025-02-21 16:56:51";"2025-12-24 08:59:27";6;0
"user_2302";52;50;"2025-02-03 01:16:04";"2025-12-26 07:09:21";92.0192;759.0962;2;52;"2025-02-03 01:16:04";"2025-12-26 07:09:21";4;0
"user_2303";55;52;"2025-01-07 03:09:05";"2025-12-30 04:17:00";93.8;756.9273;2;55;"2025-01-07 03:09:05";"2025-12-30 04:17:00";0;0
"user_2304";110;91;"2025-02-11 18:02:54";"2025-12-30 06:23:55";92.8636;741.0364;1;110;"2025-02-11 18:02:54";"2025-12-30 06:23:55";0;0
"user_2305";13;13;"2025-03-12 04:31:53";"2025-12-18 06:12:42";86.8462;724.0;1;13;"2025-03-12 04:31:53";"2025-12-18 06:12:42";12;0
"user_2306";48;45;"2025-02-08 13:13:23";"2025-12-24 02:30:23";86.875;702.375;1;48;"2025-02-08 13:13:23";"2025-12-24 02:30:23";6;0
"user_2307";95;82;"2025-02-08 10:59:58";"2025-11-15 20:25:26";84.2;660.6;2;95;"2025-02-08 10:59:58";"2025-11-15 20:25:26";45;1
"user_2308";62;56;"2025-01-29 12:30:57";"2025-12-24 20:44:49";91.7742;736.1452;1;62;"2025-01-29 12:30:57";"2025-12-24 20:44:49";6;0
"user_2309";102;93;"2025-01-21 02:46:27";"2025-12-30 20:56:54";90.1373;721.2059;2;102;"2025-01-21 02:46:27";"2025-12-30 20:56:54";0;0
"user_231";24;23;"2025-03-06 00:01:55";"2025-12-10 18:12:55";88.2083;701.125;1;24;"2025-03-06 00:01:55";"2025-12-10 18:12:55";20;0
"user_2310";52;50;"2025-03-04 04:20:40";"2025-12-27 22:51:48";89.4231;724.9231;1;52;"2025-03-04 04:20:40";"2025-12-27 22:51:48";3;0
"user_2311";55;51;"2025-02-27 03:53:06";"2025-12-24 07:01:29";86.8364;712.2182;2;55;"2025-02-27 03:53:06";"2025-12-24 07:01:29";6;0
"user_2312";15;14;"2025-03-09 15:48:14";"2025-12-22 17:15:09";86.4667;714.5333;2;15;"2025-03-09 15:48:14";"2025-12-22 17:15:09";8;0
"user_2313";50;49;"2025-01-05 09:46:31";"2025-12-30 20:09:33";95.3;763.2;2;50;"2025-01-05 09:46:31";"2025-12-30 20:09:33";0;0
"user_2314";23;21;"2025-02-19 05:58:44";"2025-12-19 15:44:38";89.5652;727.6522;2;23;"2025-02-19 05:58:44";"2025-12-19 15:44:38";11;0
"user_2315";10;10;"2025-02-06 20:38:28";"2025-12-30 05:05:10";97.2;704.2;2;10;"2025-02-06 20:38:28";"2025-12-30 05:05:10";0;0
"user_2316";65;58;"2025-02-13 13:43:44";"2025-09-27 16:15:57";93.9077;762.2769;1;65;"2025-02-13 13:43:44";"2025-09-27 16:15:57";94;1
"user_2317";112;91;"2025-02-25 02:06:22";"2025-12-21 16:00:39";86.7679;698.7143;1;112;"2025-02-25 02:06:22";"2025-12-21 16:00:39";9;0
"user_2318";47;40;"2025-02-07 05:12:18";"2025-12-09 19:55:48";93.1702;741.8936;2;47;"2025-02-07 05:12:18";"2025-12-09 19:55:48";21;0
"user_2319";53;52;"2025-01-31 08:03:33";"2025-12-23 07:52:05";88.6415;715.9623;2;53;"2025-01-31 08:03:33";"2025-12-23 07:52:05";7;0
"user_232";52;48;"2025-01-22 16:44:41";"2025-12-16 07:57:26";91.6538;730.5577;1;52;"2025-01-22 16:44:41";"2025-12-16 07:57:26";14;0
"user_2320";44;43;"2025-02-12 14:29:28";"2025-12-29 22:54:00";87.8636;717.9318;1;44;"2025-02-12 14:29:28";"2025-12-29 22:54:00";1;0
"user_2321";18;18;"2025-02-11 16:09:54";"2025-11-22 08:51:28";80.0;684.3333;2;18;"2025-02-11 16:09:54";"2025-11-22 08:51:28";38;1
"user_2322";27;25;"2025-01-18 13:56:39";"2025-12-24 14:48:10";94.8148;747.8519;1;27;"2025-01-18 13:56:39";"2025-12-24 14:48:10";6;0
"user_2323";57;52;"2025-01-03 16:46:24";"2025-12-28 14:51:16";94.5439;765.2281;2;57;"2025-01-03 16:46:24";"2025-12-28 14:51:16";2;0
"user_2324";47;42;"2025-02-14 10:37:21";"2025-12-18 23:40:40";91.3617;750.4894;1;47;"2025-02-14 10:37:21";"2025-12-18 23:40:40";12;0
"user_2325";19;19;"2025-02-16 08:19:21";"2025-12-16 08:30:15";87.6316;694.2632;1;19;"2025-02-16 08:19:21";"2025-12-16 08:30:15";14;0
"user_2326";18;17;"2025-02-25 13:26:13";"2025-12-16 18:18:08";90.8889;737.3333;2;18;"2025-02-25 13:26:13";"2025-12-16 18:18:08";14;0
"user_2327";31;29;"2025-02-14 13:31:11";"2025-12-25 10:51:30";91.0323;720.2258;1;31;"2025-02-14 13:31:11";"2025-12-25 10:51:30";5;0
"user_2328";64;57;"2025-03-06 02:58:18";"2025-09-23 15:55:21";87.75;687.5469;2;64;"2025-03-06 02:58:18";"2025-09-23 15:55:21";98;1
"user_2329";50;45;"2025-01-26 06:58:26";"2025-12-24 09:32:38";87.66;707.04;1;50;"2025-01-26 06:58:26";"2025-12-24 09:32:38";6;0
"user_233";60;53;"2025-01-23 18:41:11";"2025-12-30 09:40:19";91.2667;753.7667;1;60;"2025-01-23 18:41:11";"2025-12-30 09:40:19";0;0
"user_2330";78;68;"2025-01-20 00:05:26";"2025-09-02 01:30:51";89.2308;727.1795;2;78;"2025-01-20 00:05:26";"2025-09-02 01:30:51";119;1
"user_2331";85;65;"2025-02-18 06:44:57";"2025-10-02 20:48:28";87.5647;709.8588;1;85;"2025-02-18 06:44:57";"2025-10-02 20:48:28";89;1
"user_2332";102;90;"2025-03-02 03:53:23";"2025-12-30 23:57:53";92.0098;716.3725;1;102;"2025-03-02 03:53:23";"2025-12-30 23:57:53";0;0
"user_2333";42;42;"2025-01-30 01:10:52";"2025-12-24 03:38:48";87.3333;689.3571;1;42;"2025-01-30 01:10:52";"2025-12-24 03:38:48";6;0
"user_2334";23;22;"2025-02-21 05:30:27";"2025-12-27 16:41:58";89.6522;705.7826;1;23;"2025-02-21 05:30:27";"2025-12-27 16:41:58";3;0
"user_2335";62;52;"2025-01-03 09:27:03";"2025-07-30 16:13:52";91.2581;750.5968;2;62;"2025-01-03 09:27:03";"2025-07-30 16:13:52";153;1
"user_2336";44;43;"2025-01-28 10:52:32";"2025-12-23 04:51:30";89.9318;723.8182;2;44;"2025-01-28 10:52:32";"2025-12-23 04:51:30";7;0
"user_2337";58;51;"2025-01-07 06:39:02";"2025-12-28 12:26:21";88.1897;702.8276;2;58;"2025-01-07 06:39:02";"2025-12-28 12:26:21";2;0
"user_2338";51;48;"2025-01-24 11:34:02";"2025-12-27 03:55:38";96.3333;786.6275;2;51;"2025-01-24 11:34:02";"2025-12-27 03:55:38";3;0
"user_2339";102;95;"2025-01-07 23:29:31";"2025-11-18 23:08:58";88.1961;705.6569;2;102;"2025-01-07 23:29:31";"2025-11-18 23:08:58";42;1
"user_234";47;41;"2025-02-28 16:23:54";"2025-12-29 17:18:00";90.8936;735.5532;1;47;"2025-02-28 16:23:54";"2025-12-29 17:18:00";1;0
"user_2340";41;38;"2025-02-27 01:24:28";"2025-12-30 04:25:39";97.3415;781.0;1;41;"2025-02-27 01:24:28";"2025-12-30 04:25:39";0;0
"user_2341";25;25;"2025-02-05 07:28:01";"2025-12-27 20:15:17";90.6;731.44;2;25;"2025-02-05 07:28:01";"2025-12-27 20:15:17";3;0
"user_2342";81;71;"2025-02-14 13:59:52";"2025-09-09 04:11:03";92.4568;757.5062;1;81;"2025-02-14 13:59:52";"2025-09-09 04:11:03";112;1
"user_2343";60;51;"2025-01-19 05:48:11";"2025-08-11 08:27:54";86.1833;661.15;2;60;"2025-01-19 05:48:11";"2025-08-11 08:27:54";141;1
"user_2344";48;45;"2025-03-06 19:00:51";"2025-12-24 16:17:35";92.8333;754.1667;1;48;"2025-03-06 19:00:51";"2025-12-24 16:17:35";6;0
"user_2345";26;25;"2025-01-09 04:14:51";"2025-12-18 08:31:09";97.2308;761.3077;2;26;"2025-01-09 04:14:51";"2025-12-18 08:31:09";12;0
"user_2346";25;24;"2025-03-24 04:53:12";"2025-12-04 00:08:47";95.0;718.0;2;25;"2025-03-24 04:53:12";"2025-12-04 00:08:47";26;1
"user_2347";28;26;"2025-02-20 10:37:32";"2025-12-22 13:07:31";88.1786;696.1786;2;28;"2025-02-20 10:37:32";"2025-12-22 13:07:31";8;0
"user_2348";46;45;"2025-01-19 19:32:15";"2025-12-26 04:55:20";92.3913;733.4783;1;46;"2025-01-19 19:32:15";"2025-12-26 04:55:20";4;0
"user_2349";51;47;"2025-02-20 07:55:17";"2025-12-27 00:00:34";91.1176;717.7059;2;51;"2025-02-20 07:55:17";"2025-12-27 00:00:34";3;0
"user_235";61;54;"2025-02-27 05:52:09";"2025-08-06 20:12:12";92.5082;752.4098;2;61;"2025-02-27 05:52:09";"2025-08-06 20:12:12";146;1
"user_2350";108;91;"2025-02-23 14:50:18";"2025-11-21 06:15:00";92.1019;757.0278;1;108;"2025-02-23 14:50:18";"2025-11-21 06:15:00";39;1
"user_2351";46;43;"2025-03-10 21:02:47";"2025-12-30 07:30:40";87.9348;733.2391;2;46;"2025-03-10 21:02:47";"2025-12-30 07:30:40";0;0
"user_2352";12;12;"2025-02-13 20:08:33";"2025-12-14 12:03:50";89.5;758.6667;2;12;"2025-02-13 20:08:33";"2025-12-14 12:03:50";16;0
"user_2353";42;42;"2025-02-10 12:43:36";"2025-12-27 09:54:16";90.7381;745.4524;1;42;"2025-02-10 12:43:36";"2025-12-27 09:54:16";3;0
"user_2354";19;19;"2025-03-17 21:15:22";"2025-12-23 03:12:44";95.1053;753.2632;2;19;"2025-03-17 21:15:22";"2025-12-23 03:12:44";7;0
"user_2355";14;12;"2025-02-10 21:07:41";"2025-12-25 04:08:25";78.8571;658.0714;2;14;"2025-02-10 21:07:41";"2025-12-25 04:08:25";5;0
"user_2356";64;56;"2025-02-17 05:49:38";"2025-09-16 22:27:33";90.7813;730.6406;1;64;"2025-02-17 05:49:38";"2025-09-16 22:27:33";105;1
"user_2357";22;21;"2025-02-03 17:25:50";"2025-12-26 00:31:16";88.5;677.4545;2;22;"2025-02-03 17:25:50";"2025-12-26 00:31:16";4;0
"user_2358";80;72;"2025-01-20 08:06:08";"2025-10-27 13:51:05";90.6875;714.4;1;80;"2025-01-20 08:06:08";"2025-10-27 13:51:05";64;1
"user_2359";39;34;"2025-02-08 19:05:27";"2025-12-21 04:20:02";89.9487;731.3077;1;39;"2025-02-08 19:05:27";"2025-12-21 04:20:02";9;0
"user_236";18;18;"2025-01-07 03:11:39";"2025-12-28 06:54:07";81.3889;651.2778;1;18;"2025-01-07 03:11:39";"2025-12-28 06:54:07";2;0
"user_2360";100;84;"2025-02-24 16:43:03";"2025-12-25 20:40:50";89.22;722.4;1;100;"2025-02-24 16:43:03";"2025-12-25 20:40:50";5;0
"user_2361";67;53;"2025-01-19 04:54:06";"2025-07-22 21:19:08";86.8955;699.2687;2;67;"2025-01-19 04:54:06";"2025-07-22 21:19:08";161;1
"user_2362";38;36;"2025-02-02 04:59:22";"2025-12-26 22:05:30";87.3684;711.1579;2;38;"2025-02-02 04:59:22";"2025-12-26 22:05:30";4;0
"user_2363";62;56;"2025-01-31 13:03:46";"2025-08-07 15:59:11";89.629;717.9677;1;62;"2025-01-31 13:03:46";"2025-08-07 15:59:11";145;1
"user_2364";60;57;"2025-02-15 09:12:53";"2025-12-29 14:12:07";86.0167;680.45;1;60;"2025-02-15 09:12:53";"2025-12-29 14:12:07";1;0
"user_2365";47;42;"2025-01-11 01:24:11";"2025-12-05 20:21:50";93.5532;774.2766;2;47;"2025-01-11 01:24:11";"2025-12-05 20:21:50";25;1
"user_2366";129;116;"2025-01-06 07:33:26";"2025-12-25 20:17:11";90.3411;712.5504;1;129;"2025-01-06 07:33:26";"2025-12-25 20:17:11";5;0
"user_2367";75;63;"2025-02-24 20:20:32";"2025-12-07 08:59:08";88.2667;732.3067;2;75;"2025-02-24 20:20:32";"2025-12-07 08:59:08";23;1
"user_2368";52;50;"2025-01-23 22:29:53";"2025-12-29 19:26:54";87.3462;697.1731;2;52;"2025-01-23 22:29:53";"2025-12-29 19:26:54";1;0
"user_2369";49;47;"2025-01-29 21:37:17";"2025-12-26 07:03:19";88.8163;696.1429;2;49;"2025-01-29 21:37:17";"2025-12-26 07:03:19";4;0
"user_237";77;68;"2025-02-10 07:01:40";"2025-10-09 03:07:30";86.8442;699.2208;1;77;"2025-02-10 07:01:40";"2025-10-09 03:07:30";82;1
"user_2370";29;27;"2025-02-23 14:07:44";"2025-12-17 03:09:37";90.931;710.8621;1;29;"2025-02-23 14:07:44";"2025-12-17 03:09:37";13;0
"user_2371";21;20;"2025-03-09 20:58:18";"2025-12-04 01:36:50";94.0;769.7143;1;21;"2025-03-09 20:58:18";"2025-12-04 01:36:50";26;1
"user_2372";30;29;"2025-02-19 18:13:31";"2025-12-29 00:21:33";84.8333;708.8667;1;30;"2025-02-19 18:13:31";"2025-12-29 00:21:33";1;0
"user_2373";24;24;"2025-01-15 09:54:01";"2025-12-25 14:14:20";90.5417;701.9583;1;24;"2025-01-15 09:54:01";"2025-12-25 14:14:20";5;0
"user_2374";41;40;"2025-02-16 00:05:42";"2025-12-29 06:42:47";93.9756;761.4146;2;41;"2025-02-16 00:05:42";"2025-12-29 06:42:47";1;0
"user_2375";15;15;"2025-02-18 22:42:15";"2025-12-27 10:31:45";88.5333;708.4;2;15;"2025-02-18 22:42:15";"2025-12-27 10:31:45";3;0
"user_2376";84;72;"2025-01-14 03:34:46";"2025-10-24 04:30:16";89.1071;726.6429;2;84;"2025-01-14 03:34:46";"2025-10-24 04:30:16";67;1
"user_2377";60;53;"2025-01-21 05:03:44";"2025-12-03 09:04:00";86.2333;693.5;2;60;"2025-01-21 05:03:44";"2025-12-03 09:04:00";27;1
"user_2378";28;28;"2025-02-01 20:46:03";"2025-12-16 21:20:13";86.75;693.6071;2;28;"2025-02-01 20:46:03";"2025-12-16 21:20:13";14;0
"user_2379";54;51;"2025-01-26 16:17:37";"2025-12-30 05:29:17";94.0;718.7037;2;54;"2025-01-26 16:17:37";"2025-12-30 05:29:17";0;0
"user_238";73;62;"2025-02-01 02:26:54";"2025-08-29 15:40:23";86.9863;701.4384;1;73;"2025-02-01 02:26:54";"2025-08-29 15:40:23";123;1
"user_2380";24;24;"2025-01-12 12:42:03";"2025-12-19 10:25:00";87.0833;709.125;1;24;"2025-01-12 12:42:03";"2025-12-19 10:25:00";11;0
"user_2381";23;21;"2025-02-12 19:15:19";"2025-12-30 17:51:26";88.3478;718.3478;2;23;"2025-02-12 19:15:19";"2025-12-30 17:51:26";0;0
"user_2382";19;18;"2025-02-26 14:08:09";"2025-12-29 08:29:41";96.5789;773.7895;1;19;"2025-02-26 14:08:09";"2025-12-29 08:29:41";1;0
"user_2383";17;17;"2025-02-16 11:17:01";"2025-12-30 12:27:35";84.9412;713.5882;1;17;"2025-02-16 11:17:01";"2025-12-30 12:27:35";0;0
"user_2384";44;43;"2025-01-16 09:42:21";"2025-12-12 19:01:41";90.1136;715.9545;2;44;"2025-01-16 09:42:21";"2025-12-12 19:01:41";18;0
"user_2385";38;37;"2025-03-02 23:21:00";"2025-12-27 19:38:15";91.5;699.7368;2;38;"2025-03-02 23:21:00";"2025-12-27 19:38:15";3;0
"user_2386";50;50;"2025-01-16 18:07:45";"2025-12-15 06:32:49";90.12;687.76;1;50;"2025-01-16 18:07:45";"2025-12-15 06:32:49";15;0
"user_2387";50;47;"2025-01-22 06:55:22";"2025-12-29 20:02:15";85.6;685.14;2;50;"2025-01-22 06:55:22";"2025-12-29 20:02:15";1;0
"user_2388";44;42;"2025-02-23 12:04:45";"2025-12-27 05:42:37";86.7955;700.5455;2;44;"2025-02-23 12:04:45";"2025-12-27 05:42:37";3;0
"user_2389";35;32;"2025-01-11 15:46:12";"2025-12-28 20:39:34";88.6571;709.6286;2;35;"2025-01-11 15:46:12";"2025-12-28 20:39:34";2;0
"user_239";44;41;"2025-03-02 11:46:57";"2025-12-22 14:07:50";93.8864;759.0455;1;44;"2025-03-02 11:46:57";"2025-12-22 14:07:50";8;0
"user_2390";24;24;"2025-02-24 15:32:21";"2025-12-25 09:43:39";84.7083;671.5833;2;24;"2025-02-24 15:32:21";"2025-12-25 09:43:39";5;0
"user_2391";53;49;"2025-03-10 08:33:13";"2025-12-28 15:11:49";88.5283;720.2075;1;53;"2025-03-10 08:33:13";"2025-12-28 15:11:49";2;0
"user_2392";109;90;"2025-02-15 10:00:57";"2025-12-22 01:58:40";89.4404;694.3578;2;109;"2025-02-15 10:00:57";"2025-12-22 01:58:40";8;0
"user_2393";44;43;"2025-02-14 09:45:52";"2025-12-22 18:22:48";84.1818;686.1591;1;44;"2025-02-14 09:45:52";"2025-12-22 18:22:48";8;0
"user_2394";73;60;"2025-01-29 10:58:35";"2025-08-12 08:53:28";85.0;666.1096;1;73;"2025-01-29 10:58:35";"2025-08-12 08:53:28";140;1
"user_2395";13;12;"2025-04-21 16:03:59";"2025-12-04 19:25:14";80.4615;664.6154;2;13;"2025-04-21 16:03:59";"2025-12-04 19:25:14";26;1
"user_2396";61;53;"2025-02-01 07:35:32";"2025-12-29 16:09:19";92.918;757.8197;1;61;"2025-02-01 07:35:32";"2025-12-29 16:09:19";1;0
"user_2397";93;80;"2025-01-19 05:45:08";"2025-10-26 03:09:30";89.2581;700.3011;1;93;"2025-01-19 05:45:08";"2025-10-26 03:09:30";65;1
"user_2398";72;62;"2025-01-10 21:41:10";"2025-09-07 08:30:08";90.0972;727.6111;2;72;"2025-01-10 21:41:10";"2025-09-07 08:30:08";114;1
"user_2399";44;43;"2025-02-20 03:58:00";"2025-12-30 17:36:22";85.7727;700.5455;1;44;"2025-02-20 03:58:00";"2025-12-30 17:36:22";0;0
"user_24";54;52;"2025-02-06 17:45:45";"2025-12-18 17:02:14";89.5185;730.0;1;54;"2025-02-06 17:45:45";"2025-12-18 17:02:14";12;0
"user_240";60;48;"2025-01-17 01:24:08";"2025-07-10 22:35:01";94.8333;756.45;1;60;"2025-01-17 01:24:08";"2025-07-10 22:35:01";173;1
"user_2400";51;47;"2025-01-02 23:04:19";"2025-12-29 03:16:54";91.4118;717.3137;1;51;"2025-01-02 23:04:19";"2025-12-29 03:16:54";1;0
"user_2401";48;47;"2025-01-31 12:42:19";"2025-12-23 10:25:27";94.0;760.4792;2;48;"2025-01-31 12:42:19";"2025-12-23 10:25:27";7;0
"user_2402";65;54;"2025-02-07 03:05:53";"2025-07-30 04:25:22";92.9692;750.6308;2;65;"2025-02-07 03:05:53";"2025-07-30 04:25:22";153;1
"user_2403";54;51;"2025-01-21 19:19:10";"2025-12-19 21:38:44";91.4259;724.1111;1;54;"2025-01-21 19:19:10";"2025-12-19 21:38:44";11;0
"user_2404";51;44;"2025-02-03 09:45:46";"2025-12-07 17:02:18";90.1765;706.4314;1;51;"2025-02-03 09:45:46";"2025-12-07 17:02:18";23;1
"user_2405";23;23;"2025-02-17 21:59:52";"2025-12-30 11:34:37";92.6957;707.7391;2;23;"2025-02-17 21:59:52";"2025-12-30 11:34:37";0;0
"user_2406";38;34;"2025-03-11 23:49:28";"2025-12-14 06:33:56";86.8684;686.8684;1;38;"2025-03-11 23:49:28";"2025-12-14 06:33:56";16;0
"user_2407";54;50;"2025-01-26 11:24:52";"2025-12-06 14:28:09";92.7778;747.1481;2;54;"2025-01-26 11:24:52";"2025-12-06 14:28:09";24;1
"user_2408";76;67;"2025-02-06 12:24:39";"2025-09-30 13:37:31";87.6711;713.7368;1;76;"2025-02-06 12:24:39";"2025-09-30 13:37:31";91;1
"user_2409";22;22;"2025-02-24 16:33:08";"2025-12-21 19:19:43";77.5455;652.9091;1;22;"2025-02-24 16:33:08";"2025-12-21 19:19:43";9;0
"user_241";16;15;"2025-01-21 05:28:45";"2025-12-23 00:08:34";89.1875;739.0;2;16;"2025-01-21 05:28:45";"2025-12-23 00:08:34";7;0
"user_2410";40;38;"2025-03-01 12:24:48";"2025-12-26 16:54:28";92.975;763.325;1;40;"2025-03-01 12:24:48";"2025-12-26 16:54:28";4;0
"user_2411";22;21;"2025-02-09 10:52:56";"2025-12-19 19:32:50";91.2727;702.7273;1;22;"2025-02-09 10:52:56";"2025-12-19 19:32:50";11;0
"user_2412";74;66;"2025-02-16 18:28:07";"2025-10-09 09:11:01";89.6351;726.1081;2;74;"2025-02-16 18:28:07";"2025-10-09 09:11:01";82;1
"user_2413";56;53;"2025-01-07 05:40:01";"2025-12-30 00:12:14";86.75;661.0714;2;56;"2025-01-07 05:40:01";"2025-12-30 00:12:14";0;0
"user_2414";89;75;"2025-02-21 12:04:37";"2025-10-27 17:07:10";89.1124;709.9213;2;89;"2025-02-21 12:04:37";"2025-10-27 17:07:10";64;1
"user_2415";46;44;"2025-02-21 01:39:56";"2025-12-25 22:17:08";88.9348;735.3913;2;46;"2025-02-21 01:39:56";"2025-12-25 22:17:08";5;0
"user_2416";19;17;"2025-03-04 13:08:12";"2025-12-21 12:04:24";88.9474;755.8421;2;19;"2025-03-04 13:08:12";"2025-12-21 12:04:24";9;0
"user_2417";45;44;"2025-01-26 15:35:08";"2025-12-22 16:26:11";87.3333;699.4667;1;45;"2025-01-26 15:35:08";"2025-12-22 16:26:11";8;0
"user_2418";66;61;"2025-02-06 21:57:16";"2025-09-06 05:38:58";84.6364;701.1364;1;66;"2025-02-06 21:57:16";"2025-09-06 05:38:58";115;1
"user_2419";64;58;"2025-01-29 08:53:02";"2025-07-19 01:30:22";86.5156;721.5469;2;64;"2025-01-29 08:53:02";"2025-07-19 01:30:22";164;1
"user_242";27;26;"2025-03-06 14:11:53";"2025-12-25 00:49:18";90.6296;726.5926;1;27;"2025-03-06 14:11:53";"2025-12-25 00:49:18";5;0
"user_2420";64;59;"2025-01-09 11:42:33";"2025-12-30 23:46:03";88.9531;724.2656;1;64;"2025-01-09 11:42:33";"2025-12-30 23:46:03";0;0
"user_2421";98;83;"2025-02-17 09:53:48";"2025-12-04 03:21:08";88.4592;700.1531;2;98;"2025-02-17 09:53:48";"2025-12-04 03:21:08";26;1
"user_2422";90;81;"2025-02-26 13:55:16";"2025-10-17 18:47:43";91.4222;748.2;2;90;"2025-02-26 13:55:16";"2025-10-17 18:47:43";74;1
"user_2423";18;17;"2025-02-05 14:48:59";"2025-11-30 13:58:42";89.0556;706.0;1;18;"2025-02-05 14:48:59";"2025-11-30 13:58:42";30;1
"user_2424";58;53;"2025-02-11 20:10:23";"2025-12-30 08:11:14";90.4138;738.431;2;58;"2025-02-11 20:10:23";"2025-12-30 08:11:14";0;0
"user_2425";64;54;"2025-02-17 17:23:29";"2025-08-06 10:03:32";89.9531;739.7969;2;64;"2025-02-17 17:23:29";"2025-08-06 10:03:32";146;1
"user_2426";18;18;"2025-01-07 11:18:12";"2025-09-25 02:32:43";90.9444;713.1111;1;18;"2025-01-07 11:18:12";"2025-09-25 02:32:43";96;1
"user_2427";74;64;"2025-01-17 23:11:02";"2025-08-31 05:30:19";92.2838;758.8378;1;74;"2025-01-17 23:11:02";"2025-08-31 05:30:19";121;1
"user_2428";23;23;"2025-01-19 09:46:01";"2025-12-23 05:25:49";88.0;697.6522;2;23;"2025-01-19 09:46:01";"2025-12-23 05:25:49";7;0
"user_2429";46;46;"2025-03-01 12:26:35";"2025-12-17 11:03:26";93.087;756.9783;2;46;"2025-03-01 12:26:35";"2025-12-17 11:03:26";13;0
"user_243";22;22;"2025-01-14 23:51:23";"2025-12-17 09:37:52";83.9091;658.4545;2;22;"2025-01-14 23:51:23";"2025-12-17 09:37:52";13;0
"user_2430";14;12;"2025-04-21 08:26:01";"2025-12-22 00:05:36";87.9286;702.2857;1;14;"2025-04-21 08:26:01";"2025-12-22 00:05:36";8;0
"user_2431";41;39;"2025-02-10 05:20:02";"2025-12-25 15:27:13";85.4146;688.561;2;41;"2025-02-10 05:20:02";"2025-12-25 15:27:13";5;0
"user_2432";20;20;"2025-01-24 18:52:03";"2025-12-23 05:01:50";92.05;750.55;2;20;"2025-01-24 18:52:03";"2025-12-23 05:01:50";7;0
"user_2433";13;13;"2025-03-11 09:17:19";"2025-12-27 06:01:58";91.3846;711.6923;1;13;"2025-03-11 09:17:19";"2025-12-27 06:01:58";3;0
"user_2434";78;67;"2025-01-26 16:56:54";"2025-09-13 22:37:02";90.641;728.1923;1;78;"2025-01-26 16:56:54";"2025-09-13 22:37:02";108;1
"user_2435";14;14;"2025-02-06 08:35:09";"2025-12-06 19:10:58";94.2143;783.8571;2;14;"2025-02-06 08:35:09";"2025-12-06 19:10:58";24;1
"user_2436";38;36;"2025-02-24 12:49:14";"2025-12-30 21:18:40";88.5789;722.9737;1;38;"2025-02-24 12:49:14";"2025-12-30 21:18:40";0;0
"user_2437";58;50;"2025-01-27 03:35:06";"2025-12-25 03:28:40";91.5172;747.3276;1;58;"2025-01-27 03:35:06";"2025-12-25 03:28:40";5;0
"user_2438";47;42;"2025-01-18 01:08:58";"2025-11-24 08:09:08";91.383;758.7021;2;47;"2025-01-18 01:08:58";"2025-11-24 08:09:08";36;1
"user_2439";55;52;"2025-02-22 10:43:49";"2025-12-30 07:31:49";91.4545;746.3455;2;55;"2025-02-22 10:43:49";"2025-12-30 07:31:49";0;0
"user_244";51;47;"2025-02-07 02:50:17";"2025-12-30 05:41:57";90.8039;743.0196;1;51;"2025-02-07 02:50:17";"2025-12-30 05:41:57";0;0
"user_2440";92;84;"2025-02-26 17:13:59";"2025-12-29 00:14:20";87.0109;702.5761;1;92;"2025-02-26 17:13:59";"2025-12-29 00:14:20";1;0
"user_2441";45;42;"2025-01-21 05:49:32";"2025-12-29 09:49:57";87.9778;731.8;2;45;"2025-01-21 05:49:32";"2025-12-29 09:49:57";1;0
"user_2442";54;53;"2025-02-19 02:45:33";"2025-12-27 14:36:52";86.7037;708.5926;1;54;"2025-02-19 02:45:33";"2025-12-27 14:36:52";3;0
"user_2443";23;21;"2025-03-05 21:24:02";"2025-12-18 23:45:01";89.913;717.6957;2;23;"2025-03-05 21:24:02";"2025-12-18 23:45:01";12;0
"user_2444";24;22;"2025-01-17 00:47:55";"2025-11-24 22:34:42";89.5417;717.625;2;24;"2025-01-17 00:47:55";"2025-11-24 22:34:42";36;1
"user_2445";48;45;"2025-03-05 06:48:09";"2025-12-22 21:56:24";86.625;696.1458;1;48;"2025-03-05 06:48:09";"2025-12-22 21:56:24";8;0
"user_2446";39;36;"2025-02-25 05:54:57";"2025-12-27 17:03:38";89.5385;737.0256;1;39;"2025-02-25 05:54:57";"2025-12-27 17:03:38";3;0
"user_2447";75;60;"2025-02-15 22:28:02";"2025-09-13 13:45:59";89.08;707.7067;1;75;"2025-02-15 22:28:02";"2025-09-13 13:45:59";108;1
"user_2448";105;91;"2025-01-28 16:38:28";"2025-11-19 03:59:00";90.819;731.1143;2;105;"2025-01-28 16:38:28";"2025-11-19 03:59:00";41;1
"user_2449";97;86;"2025-02-03 19:03:41";"2025-10-23 03:11:07";91.5052;740.5464;1;97;"2025-02-03 19:03:41";"2025-10-23 03:11:07";68;1
"user_245";95;84;"2025-02-12 06:48:03";"2025-11-04 06:55:52";89.2842;732.8;1;95;"2025-02-12 06:48:03";"2025-11-04 06:55:52";56;1
"user_2450";36;35;"2025-02-28 01:04:17";"2025-12-27 01:44:38";94.25;751.0833;1;36;"2025-02-28 01:04:17";"2025-12-27 01:44:38";3;0
"user_2451";62;54;"2025-01-27 17:41:05";"2025-07-30 09:09:32";92.4355;737.8548;1;62;"2025-01-27 17:41:05";"2025-07-30 09:09:32";153;1
"user_2452";13;13;"2025-01-28 03:26:00";"2025-12-17 04:56:57";93.3077;747.4615;2;13;"2025-01-28 03:26:00";"2025-12-17 04:56:57";13;0
"user_2453";45;41;"2025-03-08 17:07:50";"2025-12-18 21:43:10";87.2667;696.8444;1;45;"2025-03-08 17:07:50";"2025-12-18 21:43:10";12;0
"user_2454";42;40;"2025-01-15 20:06:02";"2025-12-23 22:21:35";89.3095;704.119;2;42;"2025-01-15 20:06:02";"2025-12-23 22:21:35";7;0
"user_2455";48;46;"2025-02-27 08:41:42";"2025-12-30 08:58:36";97.4792;801.4167;1;48;"2025-02-27 08:41:42";"2025-12-30 08:58:36";0;0
"user_2456";62;54;"2025-02-12 16:55:59";"2025-09-09 10:23:42";85.9194;698.1452;2;62;"2025-02-12 16:55:59";"2025-09-09 10:23:42";112;1
"user_2457";46;45;"2025-02-08 02:06:25";"2025-12-28 01:51:46";86.3478;681.8478;1;46;"2025-02-08 02:06:25";"2025-12-28 01:51:46";2;0
"user_2458";44;42;"2025-02-23 12:41:15";"2025-12-30 18:15:27";92.9773;727.6136;1;44;"2025-02-23 12:41:15";"2025-12-30 18:15:27";0;0
"user_2459";38;37;"2025-03-24 11:52:04";"2025-12-25 10:49:14";90.1316;720.8947;2;38;"2025-03-24 11:52:04";"2025-12-25 10:49:14";5;0
"user_246";21;20;"2025-03-02 17:12:42";"2025-11-24 09:51:59";93.619;755.9524;2;21;"2025-03-02 17:12:42";"2025-11-24 09:51:59";36;1
"user_2460";49;45;"2025-02-11 20:25:29";"2025-12-24 08:10:03";92.7755;719.8571;2;49;"2025-02-11 20:25:29";"2025-12-24 08:10:03";6;0
"user_2461";18;17;"2025-01-23 09:47:43";"2025-12-01 09:05:26";86.8889;737.8889;2;18;"2025-01-23 09:47:43";"2025-12-01 09:05:26";29;1
"user_2462";10;10;"2025-02-26 03:09:26";"2025-11-24 19:40:36";98.8;789.9;2;10;"2025-02-26 03:09:26";"2025-11-24 19:40:36";36;1
"user_2463";54;52;"2025-02-11 08:36:58";"2025-12-21 18:48:14";88.7778;696.6852;2;54;"2025-02-11 08:36:58";"2025-12-21 18:48:14";9;0
"user_2464";58;55;"2025-01-27 14:04:40";"2025-12-27 22:09:46";89.2069;692.431;2;58;"2025-01-27 14:04:40";"2025-12-27 22:09:46";3;0
"user_2465";52;47;"2025-02-09 23:53:31";"2025-12-23 10:46:00";83.5577;654.6538;1;52;"2025-02-09 23:53:31";"2025-12-23 10:46:00";7;0
"user_2466";61;51;"2025-02-17 12:05:28";"2025-09-01 15:42:24";92.1967;725.7049;2;61;"2025-02-17 12:05:28";"2025-09-01 15:42:24";120;1
"user_2467";44;44;"2025-02-09 05:04:06";"2025-12-27 14:56:08";93.0227;767.5682;1;44;"2025-02-09 05:04:06";"2025-12-27 14:56:08";3;0
"user_2468";79;69;"2025-02-01 14:20:25";"2025-08-30 12:57:01";87.1646;718.8608;2;79;"2025-02-01 14:20:25";"2025-08-30 12:57:01";122;1
"user_2469";41;40;"2025-01-15 02:20:48";"2025-12-25 17:50:42";88.439;713.4878;2;41;"2025-01-15 02:20:48";"2025-12-25 17:50:42";5;0
"user_247";52;50;"2025-03-02 17:54:11";"2025-12-27 12:40:18";86.9423;688.7885;1;52;"2025-03-02 17:54:11";"2025-12-27 12:40:18";3;0
"user_2470";49;42;"2025-03-02 07:05:39";"2025-12-26 18:09:58";89.1837;743.1224;1;49;"2025-03-02 07:05:39";"2025-12-26 18:09:58";4;0
"user_2471";87;76;"2025-01-17 22:39:09";"2025-09-23 09:06:38";88.977;714.8736;1;87;"2025-01-17 22:39:09";"2025-09-23 09:06:38";98;1
"user_2472";17;17;"2025-03-09 11:40:37";"2025-12-23 17:10:17";96.2941;750.1765;1;17;"2025-03-09 11:40:37";"2025-12-23 17:10:17";7;0
"user_2473";21;20;"2025-03-09 23:59:46";"2025-12-09 16:04:21";89.7143;737.0;2;21;"2025-03-09 23:59:46";"2025-12-09 16:04:21";21;0
"user_2474";32;31;"2025-02-16 13:44:25";"2025-12-30 04:54:13";89.2813;688.9375;1;32;"2025-02-16 13:44:25";"2025-12-30 04:54:13";0;0
"user_2475";31;30;"2025-03-15 14:18:49";"2025-12-27 12:19:45";87.3548;717.3871;1;31;"2025-03-15 14:18:49";"2025-12-27 12:19:45";3;0
"user_2476";21;20;"2025-02-25 14:06:54";"2025-12-28 04:55:46";95.1905;801.2857;2;21;"2025-02-25 14:06:54";"2025-12-28 04:55:46";2;0
"user_2477";75;66;"2025-01-17 00:33:33";"2025-11-11 05:28:28";89.8933;704.4667;2;75;"2025-01-17 00:33:33";"2025-11-11 05:28:28";49;1
"user_2478";29;28;"2025-02-02 12:26:42";"2025-12-20 18:35:24";83.0345;648.8966;1;29;"2025-02-02 12:26:42";"2025-12-20 18:35:24";10;0
"user_2479";74;68;"2025-01-14 00:59:13";"2025-09-15 01:34:22";90.2297;693.7162;2;74;"2025-01-14 00:59:13";"2025-09-15 01:34:22";106;1
"user_248";16;16;"2025-05-13 03:04:18";"2025-12-22 16:23:44";85.3125;667.4375;2;16;"2025-05-13 03:04:18";"2025-12-22 16:23:44";8;0
"user_2480";20;20;"2025-03-01 08:57:11";"2025-12-30 02:50:56";86.25;708.1;1;20;"2025-03-01 08:57:11";"2025-12-30 02:50:56";0;0
"user_2481";61;53;"2025-03-01 17:12:59";"2025-10-02 17:10:06";85.8197;671.377;2;61;"2025-03-01 17:12:59";"2025-10-02 17:10:06";89;1
"user_2482";11;11;"2025-04-03 23:44:02";"2025-12-29 04:05:09";86.0909;676.5455;2;11;"2025-04-03 23:44:02";"2025-12-29 04:05:09";1;0
"user_2483";15;14;"2025-02-24 14:02:20";"2025-12-15 03:31:30";84.0667;696.8;1;15;"2025-02-24 14:02:20";"2025-12-15 03:31:30";15;0
"user_2484";105;90;"2025-01-17 12:27:17";"2025-12-14 06:25:23";91.581;729.0286;1;105;"2025-01-17 12:27:17";"2025-12-14 06:25:23";16;0
"user_2485";50;48;"2025-01-25 02:21:17";"2025-12-10 14:11:50";91.4;716.06;1;50;"2025-01-25 02:21:17";"2025-12-10 14:11:50";20;0
"user_2486";23;22;"2025-03-08 08:28:32";"2025-12-21 00:57:38";84.6087;665.8696;1;23;"2025-03-08 08:28:32";"2025-12-21 00:57:38";9;0
"user_2487";61;54;"2025-01-24 16:29:10";"2025-12-18 14:26:45";87.6066;687.7377;2;61;"2025-01-24 16:29:10";"2025-12-18 14:26:45";12;0
"user_2488";15;15;"2025-01-30 07:30:34";"2025-11-22 04:47:46";92.6667;781.8667;2;15;"2025-01-30 07:30:34";"2025-11-22 04:47:46";38;1
"user_2489";45;42;"2025-01-14 14:38:01";"2025-12-29 03:37:39";94.4;758.5111;2;45;"2025-01-14 14:38:01";"2025-12-29 03:37:39";1;0
"user_249";11;11;"2025-02-22 05:56:02";"2025-12-28 10:50:46";89.4545;742.0;2;11;"2025-02-22 05:56:02";"2025-12-28 10:50:46";2;0
"user_2490";43;39;"2025-01-10 14:43:24";"2025-11-25 14:46:48";85.3721;687.3023;2;43;"2025-01-10 14:43:24";"2025-11-25 14:46:48";35;1
"user_2491";64;56;"2025-02-26 09:55:53";"2025-08-16 04:54:44";93.5313;753.125;1;64;"2025-02-26 09:55:53";"2025-08-16 04:54:44";136;1
"user_2492";70;65;"2025-02-27 02:12:03";"2025-10-16 21:53:19";86.0857;697.7143;2;70;"2025-02-27 02:12:03";"2025-10-16 21:53:19";75;1
"user_2493";19;19;"2025-03-26 00:59:22";"2025-12-24 09:41:52";87.5263;703.5789;2;19;"2025-03-26 00:59:22";"2025-12-24 09:41:52";6;0
"user_2494";62;56;"2025-01-21 08:18:45";"2025-12-15 18:29:14";92.0645;756.1613;1;62;"2025-01-21 08:18:45";"2025-12-15 18:29:14";15;0
"user_2495";35;33;"2025-01-07 12:27:20";"2025-12-30 10:44:57";86.9143;718.3143;1;35;"2025-01-07 12:27:20";"2025-12-30 10:44:57";0;0
"user_2496";60;54;"2025-01-22 00:00:09";"2025-12-14 19:01:29";88.9167;726.55;2;60;"2025-01-22 00:00:09";"2025-12-14 19:01:29";16;0
"user_2497";38;36;"2025-03-15 20:50:03";"2025-12-16 17:05:18";92.5526;748.9211;1;38;"2025-03-15 20:50:03";"2025-12-16 17:05:18";14;0
"user_2498";17;16;"2025-03-02 06:18:41";"2025-11-28 01:35:59";83.9412;655.1176;1;17;"2025-03-02 06:18:41";"2025-11-28 01:35:59";32;1
"user_2499";16;16;"2025-03-25 15:55:18";"2025-12-07 08:59:49";88.8125;756.5625;2;16;"2025-03-25 15:55:18";"2025-12-07 08:59:49";23;1
"user_25";48;45;"2025-01-10 07:42:10";"2025-12-13 07:14:46";86.9375;688.2083;2;48;"2025-01-10 07:42:10";"2025-12-13 07:14:46";17;0
"user_250";13;12;"2025-01-17 11:20:39";"2025-12-26 22:55:36";90.7692;734.8462;1;13;"2025-01-17 11:20:39";"2025-12-26 22:55:36";4;0
"user_2500";40;39;"2025-01-17 15:10:07";"2025-12-26 17:30:19";86.9;715.875;1;40;"2025-01-17 15:10:07";"2025-12-26 17:30:19";4;0
"user_2501";23;23;"2025-02-05 05:09:12";"2025-12-30 22:58:39";87.6087;702.1304;2;23;"2025-02-05 05:09:12";"2025-12-30 22:58:39";0;0
"user_2502";30;29;"2025-01-15 23:04:55";"2025-12-08 12:49:26";95.4333;760.3667;2;30;"2025-01-15 23:04:55";"2025-12-08 12:49:26";22;1
"user_2503";42;38;"2025-02-25 02:42:26";"2025-12-26 21:50:43";89.2619;682.4048;1;42;"2025-02-25 02:42:26";"2025-12-26 21:50:43";4;0
"user_2504";11;11;"2025-03-20 18:52:08";"2025-08-13 11:41:25";84.1818;693.0;2;11;"2025-03-20 18:52:08";"2025-08-13 11:41:25";139;1
"user_2505";62;54;"2025-01-03 17:54:15";"2025-06-22 02:21:58";87.0323;702.4032;1;62;"2025-01-03 17:54:15";"2025-06-22 02:21:58";191;1
"user_2506";67;58;"2025-01-11 04:25:40";"2025-10-07 05:28:10";91.0746;721.3731;1;67;"2025-01-11 04:25:40";"2025-10-07 05:28:10";84;1
"user_2507";21;21;"2025-01-13 17:22:48";"2025-12-23 16:21:00";91.7619;751.8571;2;21;"2025-01-13 17:22:48";"2025-12-23 16:21:00";7;0
"user_2508";53;50;"2025-01-11 01:16:40";"2025-12-23 21:33:51";91.0943;729.7736;1;53;"2025-01-11 01:16:40";"2025-12-23 21:33:51";7;0
"user_2509";35;32;"2025-01-27 08:43:18";"2025-12-23 07:40:33";86.4286;674.0571;2;35;"2025-01-27 08:43:18";"2025-12-23 07:40:33";7;0
"user_251";81;62;"2025-01-13 15:21:08";"2025-08-09 11:09:40";90.0;728.9012;1;81;"2025-01-13 15:21:08";"2025-08-09 11:09:40";143;1
"user_2510";20;20;"2025-02-22 07:18:19";"2025-12-28 15:15:14";90.25;729.55;2;20;"2025-02-22 07:18:19";"2025-12-28 15:15:14";2;0
"user_2511";65;60;"2025-02-24 00:01:22";"2025-09-11 13:00:40";87.8769;701.6308;1;65;"2025-02-24 00:01:22";"2025-09-11 13:00:40";110;1
"user_2512";17;17;"2025-02-01 17:16:16";"2025-12-14 12:24:00";84.1176;699.0588;1;17;"2025-02-01 17:16:16";"2025-12-14 12:24:00";16;0
"user_2513";50;46;"2025-01-12 18:38:55";"2025-12-26 19:04:38";88.58;715.46;1;50;"2025-01-12 18:38:55";"2025-12-26 19:04:38";4;0
"user_2514";43;39;"2025-03-07 10:35:43";"2025-12-29 12:40:39";88.0;698.3721;2;43;"2025-03-07 10:35:43";"2025-12-29 12:40:39";1;0
"user_2515";48;44;"2025-02-06 17:21:21";"2025-12-29 16:01:06";87.6458;676.625;1;48;"2025-02-06 17:21:21";"2025-12-29 16:01:06";1;0
"user_2516";20;19;"2025-02-08 07:53:15";"2025-12-17 15:43:14";88.3;678.7;2;20;"2025-02-08 07:53:15";"2025-12-17 15:43:14";13;0
"user_2517";61;51;"2025-02-26 16:34:00";"2025-08-09 19:44:55";90.3607;732.9672;2;61;"2025-02-26 16:34:00";"2025-08-09 19:44:55";143;1
"user_2518";47;43;"2025-02-15 11:23:00";"2025-12-30 12:41:12";95.4681;772.9149;2;47;"2025-02-15 11:23:00";"2025-12-30 12:41:12";0;0
"user_2519";24;22;"2025-01-24 14:54:21";"2025-12-20 13:02:06";85.4167;693.5417;1;24;"2025-01-24 14:54:21";"2025-12-20 13:02:06";10;0
"user_252";49;45;"2025-02-18 04:08:46";"2025-12-19 11:33:56";89.5918;709.7347;1;49;"2025-02-18 04:08:46";"2025-12-19 11:33:56";11;0
"user_2520";20;20;"2025-02-23 11:41:09";"2025-12-13 15:19:20";87.65;691.2;1;20;"2025-02-23 11:41:09";"2025-12-13 15:19:20";17;0
"user_2521";22;22;"2025-02-28 09:14:07";"2025-12-24 02:20:58";92.7727;725.3636;2;22;"2025-02-28 09:14:07";"2025-12-24 02:20:58";6;0
"user_2522";81;74;"2025-02-12 01:45:06";"2025-11-01 07:12:09";88.6667;722.9383;2;81;"2025-02-12 01:45:06";"2025-11-01 07:12:09";59;1
"user_2523";108;98;"2025-01-03 07:41:41";"2025-12-30 17:59:59";91.8796;749.9907;1;108;"2025-01-03 07:41:41";"2025-12-30 17:59:59";0;0
"user_2524";44;39;"2025-02-28 07:02:12";"2025-12-12 02:08:28";85.2273;698.9091;1;44;"2025-02-28 07:02:12";"2025-12-12 02:08:28";18;0
"user_2525";18;17;"2025-03-12 03:28:31";"2025-12-20 21:07:29";89.1111;718.3333;2;18;"2025-03-12 03:28:31";"2025-12-20 21:07:29";10;0
"user_2526";61;54;"2025-01-11 14:55:49";"2025-06-19 21:17:47";89.6557;713.459;1;61;"2025-01-11 14:55:49";"2025-06-19 21:17:47";194;1
"user_2527";96;80;"2025-01-30 00:04:58";"2025-11-10 17:36:30";86.3542;706.3854;2;96;"2025-01-30 00:04:58";"2025-11-10 17:36:30";50;1
"user_2528";21;21;"2025-01-25 11:08:29";"2025-12-11 20:39:13";98.1429;791.1429;1;21;"2025-01-25 11:08:29";"2025-12-11 20:39:13";19;0
"user_2529";105;92;"2025-03-01 07:03:04";"2025-12-29 14:01:53";90.9238;739.2;2;105;"2025-03-01 07:03:04";"2025-12-29 14:01:53";1;0
"user_253";18;16;"2025-02-13 00:40:29";"2025-12-03 12:07:47";100.2222;810.8333;1;18;"2025-02-13 00:40:29";"2025-12-03 12:07:47";27;1
"user_2530";16;16;"2025-03-17 01:04:06";"2025-11-12 23:53:49";91.125;680.375;1;16;"2025-03-17 01:04:06";"2025-11-12 23:53:49";48;1
"user_2531";29;26;"2025-02-06 07:52:26";"2025-12-06 15:14:45";84.7241;651.7241;2;29;"2025-02-06 07:52:26";"2025-12-06 15:14:45";24;1
"user_2532";20;20;"2025-03-28 05:33:44";"2025-12-24 16:38:41";93.2;761.85;1;20;"2025-03-28 05:33:44";"2025-12-24 16:38:41";6;0
"user_2533";108;91;"2025-02-01 01:29:12";"2025-12-27 12:37:04";90.0833;727.1759;1;108;"2025-02-01 01:29:12";"2025-12-27 12:37:04";3;0
"user_2534";64;55;"2025-02-07 11:58:13";"2025-08-20 18:45:43";87.2344;694.6563;2;64;"2025-02-07 11:58:13";"2025-08-20 18:45:43";132;1
"user_2535";28;27;"2025-03-02 00:23:45";"2025-12-19 20:25:24";85.9286;708.6071;2;28;"2025-03-02 00:23:45";"2025-12-19 20:25:24";11;0
"user_2536";16;15;"2025-01-24 06:12:47";"2025-10-08 23:41:46";85.125;713.5;1;16;"2025-01-24 06:12:47";"2025-10-08 23:41:46";83;1
"user_2537";20;19;"2025-01-10 17:41:01";"2025-12-04 09:26:09";83.75;682.85;2;20;"2025-01-10 17:41:01";"2025-12-04 09:26:09";26;1
"user_2538";76;64;"2025-02-21 17:09:43";"2025-09-27 22:41:36";88.5658;733.4605;2;76;"2025-02-21 17:09:43";"2025-09-27 22:41:36";94;1
"user_2539";19;19;"2025-01-21 16:02:58";"2025-12-01 01:08:00";91.3158;725.3684;1;19;"2025-01-21 16:02:58";"2025-12-01 01:08:00";29;1
"user_254";53;52;"2025-01-20 04:34:02";"2025-12-21 10:32:01";92.6038;760.0566;1;53;"2025-01-20 04:34:02";"2025-12-21 10:32:01";9;0
"user_2540";25;24;"2025-01-13 21:02:19";"2025-12-27 21:51:35";88.84;698.08;2;25;"2025-01-13 21:02:19";"2025-12-27 21:51:35";3;0
"user_2541";22;22;"2025-02-25 10:01:48";"2025-12-04 01:30:10";88.3182;737.4091;1;22;"2025-02-25 10:01:48";"2025-12-04 01:30:10";26;1
"user_2542";27;26;"2025-02-03 18:36:25";"2025-12-11 19:37:49";91.2222;720.8889;2;27;"2025-02-03 18:36:25";"2025-12-11 19:37:49";19;0
"user_2543";34;32;"2025-01-16 08:37:38";"2025-11-17 06:29:00";87.3235;701.7941;1;34;"2025-01-16 08:37:38";"2025-11-17 06:29:00";43;1
"user_2544";45;43;"2025-02-27 16:21:44";"2025-12-29 07:26:05";91.8222;746.7333;1;45;"2025-02-27 16:21:44";"2025-12-29 07:26:05";1;0
"user_2545";67;58;"2025-02-05 06:23:23";"2025-07-24 13:48:56";88.9552;709.5075;1;67;"2025-02-05 06:23:23";"2025-07-24 13:48:56";159;1
"user_2546";43;41;"2025-03-04 12:21:38";"2025-12-22 20:31:52";90.5349;754.6512;1;43;"2025-03-04 12:21:38";"2025-12-22 20:31:52";8;0
"user_2547";66;53;"2025-01-29 10:30:16";"2025-08-24 11:28:43";87.6667;703.8636;1;66;"2025-01-29 10:30:16";"2025-08-24 11:28:43";128;1
"user_2548";52;48;"2025-03-01 08:19:02";"2025-12-28 13:58:29";90.2308;731.0192;1;52;"2025-03-01 08:19:02";"2025-12-28 13:58:29";2;0
"user_2549";49;47;"2025-02-10 22:00:21";"2025-12-30 22:24:31";93.1837;768.4286;2;49;"2025-02-10 22:00:21";"2025-12-30 22:24:31";0;0
"user_255";71;59;"2025-01-16 01:22:37";"2025-06-25 21:23:31";89.7183;704.8451;2;71;"2025-01-16 01:22:37";"2025-06-25 21:23:31";188;1
"user_2550";72;56;"2025-01-12 12:31:19";"2025-08-24 13:27:45";90.8472;737.6806;1;72;"2025-01-12 12:31:19";"2025-08-24 13:27:45";128;1
"user_2551";56;52;"2025-01-18 04:23:28";"2025-12-25 23:00:05";89.125;718.8929;2;56;"2025-01-18 04:23:28";"2025-12-25 23:00:05";5;0
"user_2552";68;58;"2025-03-02 00:09:01";"2025-09-12 00:24:16";89.6765;732.1912;2;68;"2025-03-02 00:09:01";"2025-09-12 00:24:16";109;1
"user_2553";18;18;"2025-03-17 23:56:03";"2025-12-21 11:47:59";88.2778;698.8333;1;18;"2025-03-17 23:56:03";"2025-12-21 11:47:59";9;0
"user_2554";19;18;"2025-02-16 13:06:25";"2025-12-21 04:34:08";84.0526;671.1053;1;19;"2025-02-16 13:06:25";"2025-12-21 04:34:08";9;0
"user_2555";95;83;"2025-02-14 02:55:50";"2025-12-26 04:41:16";94.5789;748.5684;1;95;"2025-02-14 02:55:50";"2025-12-26 04:41:16";4;0
"user_2556";14;13;"2025-05-31 14:01:05";"2025-12-17 13:10:56";95.2143;759.0714;1;14;"2025-05-31 14:01:05";"2025-12-17 13:10:56";13;0
"user_2557";55;51;"2025-02-22 08:44:35";"2025-12-26 12:26:45";88.6;699.8182;2;55;"2025-02-22 08:44:35";"2025-12-26 12:26:45";4;0
"user_2558";95;82;"2025-02-10 00:30:45";"2025-10-03 06:49:27";88.2526;721.4842;1;95;"2025-02-10 00:30:45";"2025-10-03 06:49:27";88;1
"user_2559";65;54;"2025-01-10 06:55:02";"2025-06-12 01:48:28";87.8308;713.8462;1;65;"2025-01-10 06:55:02";"2025-06-12 01:48:28";201;1
"user_256";44;44;"2025-02-06 06:30:28";"2025-12-27 22:27:40";92.9318;728.2955;2;44;"2025-02-06 06:30:28";"2025-12-27 22:27:40";3;0
"user_2560";38;34;"2025-03-02 02:19:20";"2025-12-30 02:43:09";88.8947;693.1579;2;38;"2025-03-02 02:19:20";"2025-12-30 02:43:09";0;0
"user_2561";29;28;"2025-02-10 05:42:48";"2025-12-28 06:16:54";94.069;775.069;2;29;"2025-02-10 05:42:48";"2025-12-28 06:16:54";2;0
"user_2562";24;23;"2025-03-29 04:03:59";"2025-12-22 22:27:00";87.9167;714.75;1;24;"2025-03-29 04:03:59";"2025-12-22 22:27:00";8;0
"user_2563";64;54;"2025-01-16 05:29:17";"2025-07-04 02:54:58";91.3281;716.5781;2;64;"2025-01-16 05:29:17";"2025-07-04 02:54:58";179;1
"user_2564";89;81;"2025-02-25 11:32:07";"2025-11-19 21:59:13";87.8202;706.1124;1;89;"2025-02-25 11:32:07";"2025-11-19 21:59:13";41;1
"user_2565";47;45;"2025-03-26 14:41:50";"2025-12-22 04:20:30";94.0851;760.7872;1;47;"2025-03-26 14:41:50";"2025-12-22 04:20:30";8;0
"user_2566";84;68;"2025-02-05 05:34:25";"2025-09-23 11:23:48";86.7976;678.0357;1;84;"2025-02-05 05:34:25";"2025-09-23 11:23:48";98;1
"user_2567";79;73;"2025-01-26 23:16:19";"2025-10-01 17:26:57";88.3038;722.0506;2;79;"2025-01-26 23:16:19";"2025-10-01 17:26:57";90;1
"user_2568";82;68;"2025-01-25 00:59:05";"2025-08-28 08:45:45";90.9512;736.6951;2;82;"2025-01-25 00:59:05";"2025-08-28 08:45:45";124;1
"user_2569";22;20;"2025-03-13 13:16:31";"2025-12-20 18:03:58";80.1364;634.8636;2;22;"2025-03-13 13:16:31";"2025-12-20 18:03:58";10;0
"user_257";12;12;"2025-01-27 01:13:44";"2025-12-09 18:13:49";87.25;684.0833;2;12;"2025-01-27 01:13:44";"2025-12-09 18:13:49";21;0
"user_2570";11;11;"2025-01-23 00:13:39";"2025-12-29 20:38:10";81.9091;667.9091;2;11;"2025-01-23 00:13:39";"2025-12-29 20:38:10";1;0
"user_2571";40;37;"2025-01-10 04:18:48";"2025-12-24 12:30:14";91.325;739.35;1;40;"2025-01-10 04:18:48";"2025-12-24 12:30:14";6;0
"user_2572";14;14;"2025-02-18 17:57:28";"2025-12-15 06:03:06";82.5714;703.4286;2;14;"2025-02-18 17:57:28";"2025-12-15 06:03:06";15;0
"user_2573";44;42;"2025-02-04 01:55:22";"2025-12-29 08:44:36";91.5455;719.5227;2;44;"2025-02-04 01:55:22";"2025-12-29 08:44:36";1;0
"user_2574";41;39;"2025-02-03 06:27:15";"2025-12-29 15:14:10";80.1707;627.4878;1;41;"2025-02-03 06:27:15";"2025-12-29 15:14:10";1;0
"user_2575";74;65;"2025-02-19 17:15:38";"2025-10-02 22:27:46";90.0946;722.9189;2;74;"2025-02-19 17:15:38";"2025-10-02 22:27:46";89;1
"user_2576";53;49;"2025-02-01 10:37:08";"2025-12-24 14:28:18";86.283;683.9811;1;53;"2025-02-01 10:37:08";"2025-12-24 14:28:18";6;0
"user_2577";21;20;"2025-03-07 05:20:35";"2025-12-18 13:45:59";86.0;725.4762;2;21;"2025-03-07 05:20:35";"2025-12-18 13:45:59";12;0
"user_2578";59;50;"2025-02-12 08:46:48";"2025-12-25 20:23:48";95.7119;780.2712;1;59;"2025-02-12 08:46:48";"2025-12-25 20:23:48";5;0
"user_2579";53;51;"2025-01-24 00:13:37";"2025-12-24 12:36:23";87.5283;710.6038;1;53;"2025-01-24 00:13:37";"2025-12-24 12:36:23";6;0
"user_258";26;26;"2025-01-25 12:30:39";"2025-12-06 21:31:17";84.1154;655.8077;2;26;"2025-01-25 12:30:39";"2025-12-06 21:31:17";24;1
"user_2580";48;46;"2025-02-08 05:50:52";"2025-12-25 12:28:40";93.875;730.6667;1;48;"2025-02-08 05:50:52";"2025-12-25 12:28:40";5;0
"user_2581";100;85;"2025-02-11 11:02:56";"2025-12-30 12:52:19";87.78;705.95;2;100;"2025-02-11 11:02:56";"2025-12-30 12:52:19";0;0
"user_2582";17;17;"2025-01-18 13:05:21";"2025-12-17 11:51:37";85.2941;714.8235;1;17;"2025-01-18 13:05:21";"2025-12-17 11:51:37";13;0
"user_2583";59;53;"2025-02-08 00:12:13";"2025-12-23 19:41:38";91.5424;714.5932;2;59;"2025-02-08 00:12:13";"2025-12-23 19:41:38";7;0
"user_2584";58;54;"2025-01-29 05:40:07";"2025-12-13 15:43:37";86.8793;691.3793;1;58;"2025-01-29 05:40:07";"2025-12-13 15:43:37";17;0
"user_2585";42;39;"2025-02-16 20:45:10";"2025-12-22 11:37:15";89.8571;727.619;1;42;"2025-02-16 20:45:10";"2025-12-22 11:37:15";8;0
"user_2586";51;45;"2025-01-16 20:49:19";"2025-12-28 12:54:49";92.5686;732.0196;2;51;"2025-01-16 20:49:19";"2025-12-28 12:54:49";2;0
"user_2587";84;67;"2025-02-06 00:40:35";"2025-10-22 02:12:28";88.6786;721.5595;1;84;"2025-02-06 00:40:35";"2025-10-22 02:12:28";69;1
"user_2588";21;20;"2025-02-04 18:53:52";"2025-11-18 04:59:26";90.2381;745.3333;2;21;"2025-02-04 18:53:52";"2025-11-18 04:59:26";42;1
"user_2589";99;84;"2025-01-25 10:06:09";"2025-10-08 14:06:20";89.2222;715.0707;2;99;"2025-01-25 10:06:09";"2025-10-08 14:06:20";83;1
"user_259";56;54;"2025-01-02 09:13:14";"2025-12-30 16:07:23";79.3929;655.3571;2;56;"2025-01-02 09:13:14";"2025-12-30 16:07:23";0;0
"user_2590";26;26;"2025-03-10 12:19:13";"2025-12-27 09:14:54";88.4615;717.2692;2;26;"2025-03-10 12:19:13";"2025-12-27 09:14:54";3;0
"user_2591";33;32;"2025-02-05 22:18:36";"2025-12-23 14:16:06";90.8788;761.2424;1;33;"2025-02-05 22:18:36";"2025-12-23 14:16:06";7;0
"user_2592";35;34;"2025-02-21 03:32:13";"2025-12-26 20:31:14";85.0857;677.1429;1;35;"2025-02-21 03:32:13";"2025-12-26 20:31:14";4;0
"user_2593";44;41;"2025-01-15 05:56:11";"2025-12-02 06:03:43";86.2727;704.3409;1;44;"2025-01-15 05:56:11";"2025-12-02 06:03:43";28;1
"user_2594";50;49;"2025-01-27 13:47:10";"2025-12-16 10:51:23";89.18;723.28;1;50;"2025-01-27 13:47:10";"2025-12-16 10:51:23";14;0
"user_2595";66;59;"2025-01-28 09:14:30";"2025-08-14 23:42:44";93.7273;756.5606;2;66;"2025-01-28 09:14:30";"2025-08-14 23:42:44";138;1
"user_2596";19;19;"2025-01-25 18:00:57";"2025-12-02 14:57:40";86.5789;703.4737;2;19;"2025-01-25 18:00:57";"2025-12-02 14:57:40";28;1
"user_2597";80;71;"2025-03-04 21:38:22";"2025-12-10 18:34:39";87.075;712.0;1;80;"2025-03-04 21:38:22";"2025-12-10 18:34:39";20;0
"user_2598";47;44;"2025-01-27 21:40:14";"2025-12-30 21:22:43";85.5957;676.4043;2;47;"2025-01-27 21:40:14";"2025-12-30 21:22:43";0;0
"user_2599";60;52;"2025-02-14 17:03:16";"2025-09-03 07:17:28";84.7;684.8667;1;60;"2025-02-14 17:03:16";"2025-09-03 07:17:28";118;1
"user_26";19;19;"2025-02-13 06:20:48";"2025-12-18 09:26:18";83.1053;679.8421;2;19;"2025-02-13 06:20:48";"2025-12-18 09:26:18";12;0
"user_260";65;58;"2025-02-11 09:17:46";"2025-07-11 23:12:20";87.4615;703.1077;1;65;"2025-02-11 09:17:46";"2025-07-11 23:12:20";172;1
"user_2600";61;53;"2025-02-01 04:15:30";"2025-07-27 02:19:46";85.3279;675.8033;1;61;"2025-02-01 04:15:30";"2025-07-27 02:19:46";156;1
"user_2601";48;41;"2025-02-06 02:21:34";"2025-12-15 01:36:00";88.0625;739.2708;1;48;"2025-02-06 02:21:34";"2025-12-15 01:36:00";15;0
"user_2602";101;87;"2025-02-18 22:30:20";"2025-12-27 23:50:40";86.297;694.3465;2;101;"2025-02-18 22:30:20";"2025-12-27 23:50:40";3;0
"user_2603";22;20;"2025-02-28 20:39:02";"2025-12-24 10:08:07";88.0909;716.8182;1;22;"2025-02-28 20:39:02";"2025-12-24 10:08:07";6;0
"user_2604";44;40;"2025-02-15 09:21:25";"2025-12-30 08:05:03";92.6818;752.3636;2;44;"2025-02-15 09:21:25";"2025-12-30 08:05:03";0;0
"user_2605";109;88;"2025-02-23 17:11:16";"2025-11-17 00:37:25";90.7615;720.2294;1;109;"2025-02-23 17:11:16";"2025-11-17 00:37:25";43;1
"user_2606";61;59;"2025-01-12 03:23:35";"2025-11-18 13:04:06";92.3607;752.1311;1;61;"2025-01-12 03:23:35";"2025-11-18 13:04:06";42;1
"user_2607";105;87;"2025-01-17 19:43:51";"2025-12-24 19:17:43";95.181;752.4857;1;105;"2025-01-17 19:43:51";"2025-12-24 19:17:43";6;0
"user_2608";61;53;"2025-01-29 20:48:08";"2025-08-07 03:50:22";90.8852;726.2459;2;61;"2025-01-29 20:48:08";"2025-08-07 03:50:22";145;1
"user_2609";30;29;"2025-02-19 09:43:50";"2025-12-21 00:12:50";84.0;693.5667;2;30;"2025-02-19 09:43:50";"2025-12-21 00:12:50";9;0
"user_261";55;51;"2025-01-08 09:22:12";"2025-12-27 00:59:57";85.5636;698.8545;2;55;"2025-01-08 09:22:12";"2025-12-27 00:59:57";3;0
"user_2610";66;62;"2025-01-31 02:48:47";"2025-10-03 06:02:44";91.1515;742.4545;2;66;"2025-01-31 02:48:47";"2025-10-03 06:02:44";88;1
"user_2611";21;18;"2025-03-23 08:28:27";"2025-12-16 10:09:58";89.4286;694.7619;1;21;"2025-03-23 08:28:27";"2025-12-16 10:09:58";14;0
"user_2612";74;61;"2025-02-04 15:26:02";"2025-09-22 06:45:16";88.1892;725.1486;2;74;"2025-02-04 15:26:02";"2025-09-22 06:45:16";99;1
"user_2613";100;88;"2025-02-19 17:02:17";"2025-12-29 01:28:57";92.11;734.04;1;100;"2025-02-19 17:02:17";"2025-12-29 01:28:57";1;0
"user_2614";27;27;"2025-02-10 18:45:36";"2025-12-23 23:44:59";91.3333;741.5556;1;27;"2025-02-10 18:45:36";"2025-12-23 23:44:59";7;0
"user_2615";49;46;"2025-01-09 05:23:33";"2025-12-30 12:41:39";94.5918;774.5102;2;49;"2025-01-09 05:23:33";"2025-12-30 12:41:39";0;0
"user_2616";61;49;"2025-02-10 06:11:04";"2025-09-25 06:41:10";90.5902;734.2787;2;61;"2025-02-10 06:11:04";"2025-09-25 06:41:10";96;1
"user_2617";45;42;"2025-02-02 00:15:19";"2025-12-27 07:59:40";97.9556;786.3111;2;45;"2025-02-02 00:15:19";"2025-12-27 07:59:40";3;0
"user_2618";103;92;"2025-01-04 07:24:49";"2025-11-30 10:34:26";90.4757;744.3786;2;103;"2025-01-04 07:24:49";"2025-11-30 10:34:26";30;1
"user_2619";25;25;"2025-03-10 20:30:11";"2025-12-26 11:17:27";87.12;717.56;2;25;"2025-03-10 20:30:11";"2025-12-26 11:17:27";4;0
"user_262";13;13;"2025-02-11 07:18:33";"2025-12-05 23:37:05";88.1538;703.3846;1;13;"2025-02-11 07:18:33";"2025-12-05 23:37:05";25;1
"user_2620";39;35;"2025-02-18 23:46:08";"2025-12-04 22:20:06";85.6667;680.7179;1;39;"2025-02-18 23:46:08";"2025-12-04 22:20:06";26;1
"user_2621";26;24;"2025-02-13 16:06:21";"2025-12-19 13:44:20";88.6923;728.6538;1;26;"2025-02-13 16:06:21";"2025-12-19 13:44:20";11;0
"user_2622";18;18;"2025-03-10 15:40:18";"2025-12-28 19:11:18";80.7222;642.3333;2;18;"2025-03-10 15:40:18";"2025-12-28 19:11:18";2;0
"user_2623";34;33;"2025-03-08 00:35:34";"2025-12-28 14:49:33";92.1765;725.4412;2;34;"2025-03-08 00:35:34";"2025-12-28 14:49:33";2;0
"user_2624";10;10;"2025-02-19 02:50:59";"2025-12-16 07:47:25";89.2;690.5;2;10;"2025-02-19 02:50:59";"2025-12-16 07:47:25";14;0
"user_2625";57;55;"2025-01-14 15:29:29";"2025-12-22 11:27:43";92.0526;733.614;1;57;"2025-01-14 15:29:29";"2025-12-22 11:27:43";8;0
"user_2626";15;15;"2025-02-23 09:54:25";"2025-11-26 20:06:16";78.3333;639.0667;1;15;"2025-02-23 09:54:25";"2025-11-26 20:06:16";34;1
"user_2627";79;72;"2025-02-21 14:39:32";"2025-09-13 10:41:31";90.3671;735.8608;1;79;"2025-02-21 14:39:32";"2025-09-13 10:41:31";108;1
"user_2628";26;26;"2025-02-05 21:43:35";"2025-11-20 14:40:34";91.5769;705.9615;2;26;"2025-02-05 21:43:35";"2025-11-20 14:40:34";40;1
"user_2629";30;29;"2025-02-18 05:03:35";"2025-12-24 23:08:42";91.3;741.3667;1;30;"2025-02-18 05:03:35";"2025-12-24 23:08:42";6;0
"user_263";60;53;"2025-01-29 10:37:37";"2025-07-05 15:23:33";89.7667;710.15;2;60;"2025-01-29 10:37:37";"2025-07-05 15:23:33";178;1
"user_2630";39;35;"2025-02-18 16:53:50";"2025-12-27 01:08:16";90.0513;733.2051;2;39;"2025-02-18 16:53:50";"2025-12-27 01:08:16";3;0
"user_2631";58;53;"2025-01-25 07:15:06";"2025-12-28 11:53:18";89.2759;719.2241;1;58;"2025-01-25 07:15:06";"2025-12-28 11:53:18";2;0
"user_2632";31;30;"2025-02-11 05:45:55";"2025-12-02 14:03:22";94.2581;751.9355;1;31;"2025-02-11 05:45:55";"2025-12-02 14:03:22";28;1
"user_2633";77;64;"2025-01-12 19:48:18";"2025-08-16 11:16:51";89.3377;752.4156;2;77;"2025-01-12 19:48:18";"2025-08-16 11:16:51";136;1
"user_2634";73;66;"2025-02-17 17:42:06";"2025-12-08 00:06:57";92.7945;777.9178;1;73;"2025-02-17 17:42:06";"2025-12-08 00:06:57";22;1
"user_2635";26;24;"2025-04-11 08:34:48";"2025-12-28 01:55:21";87.7692;696.8462;1;26;"2025-04-11 08:34:48";"2025-12-28 01:55:21";2;0
"user_2636";26;26;"2025-03-24 18:20:43";"2025-12-20 09:43:37";82.5;676.6923;1;26;"2025-03-24 18:20:43";"2025-12-20 09:43:37";10;0
"user_2637";10;9;"2025-03-27 22:55:14";"2025-11-14 10:32:14";87.9;702.2;1;10;"2025-03-27 22:55:14";"2025-11-14 10:32:14";46;1
"user_2638";18;18;"2025-02-15 00:40:07";"2025-12-27 23:15:51";88.2222;720.2778;2;18;"2025-02-15 00:40:07";"2025-12-27 23:15:51";3;0
"user_2639";15;14;"2025-02-01 13:50:31";"2025-12-25 21:16:51";97.6667;773.2667;2;15;"2025-02-01 13:50:31";"2025-12-25 21:16:51";5;0
"user_264";39;36;"2025-01-26 23:43:47";"2025-12-30 00:27:39";88.0;739.641;2;39;"2025-01-26 23:43:47";"2025-12-30 00:27:39";0;0
"user_2640";16;16;"2025-03-16 08:16:06";"2025-11-10 01:08:39";92.0;752.625;1;16;"2025-03-16 08:16:06";"2025-11-10 01:08:39";50;1
"user_2641";91;73;"2025-02-14 03:17:40";"2025-11-05 19:39:12";88.3077;713.7253;2;91;"2025-02-14 03:17:40";"2025-11-05 19:39:12";55;1
"user_2642";68;52;"2025-02-18 22:02:16";"2025-07-25 15:48:55";85.8382;694.4706;2;68;"2025-02-18 22:02:16";"2025-07-25 15:48:55";158;1
"user_2643";24;24;"2025-04-27 17:30:19";"2025-12-07 06:44:42";92.0417;706.5833;1;24;"2025-04-27 17:30:19";"2025-12-07 06:44:42";23;1
"user_2644";51;49;"2025-01-29 14:21:56";"2025-12-23 03:04:07";85.4706;688.3137;1;51;"2025-01-29 14:21:56";"2025-12-23 03:04:07";7;0
"user_2645";69;63;"2025-02-22 16:35:13";"2025-09-17 16:52:49";90.8406;711.7826;2;69;"2025-02-22 16:35:13";"2025-09-17 16:52:49";104;1
"user_2646";61;55;"2025-01-21 14:48:34";"2025-12-29 07:04:20";89.3934;736.1967;1;61;"2025-01-21 14:48:34";"2025-12-29 07:04:20";1;0
"user_2647";20;20;"2025-03-08 22:49:50";"2025-12-20 04:54:00";90.1;710.15;1;20;"2025-03-08 22:49:50";"2025-12-20 04:54:00";10;0
"user_2648";55;51;"2025-01-21 07:27:24";"2025-12-28 05:13:23";92.2;737.5818;2;55;"2025-01-21 07:27:24";"2025-12-28 05:13:23";2;0
"user_2649";40;37;"2025-01-20 07:15:08";"2025-12-29 18:13:15";93.4;736.4;2;40;"2025-01-20 07:15:08";"2025-12-29 18:13:15";1;0
"user_265";9;9;"2025-01-19 21:16:00";"2025-08-19 02:54:00";91.6667;776.6667;2;9;"2025-01-19 21:16:00";"2025-08-19 02:54:00";133;1
"user_2650";53;49;"2025-01-19 15:34:49";"2025-12-28 15:49:58";88.9434;721.8491;2;53;"2025-01-19 15:34:49";"2025-12-28 15:49:58";2;0
"user_2651";90;68;"2025-02-25 07:44:23";"2025-12-17 04:36:30";90.8556;736.1222;2;90;"2025-02-25 07:44:23";"2025-12-17 04:36:30";13;0
"user_2652";36;34;"2025-03-08 09:04:21";"2025-12-21 18:00:17";89.0278;730.7222;1;36;"2025-03-08 09:04:21";"2025-12-21 18:00:17";9;0
"user_2653";61;56;"2025-01-12 06:05:32";"2025-12-25 22:16:51";92.7705;748.2623;1;61;"2025-01-12 06:05:32";"2025-12-25 22:16:51";5;0
"user_2654";60;47;"2025-02-09 22:50:35";"2025-08-09 07:45:36";87.0333;697.1833;1;60;"2025-02-09 22:50:35";"2025-08-09 07:45:36";143;1
"user_2655";18;18;"2025-03-01 20:24:48";"2025-11-07 16:50:33";95.2778;766.0;1;18;"2025-03-01 20:24:48";"2025-11-07 16:50:33";53;1
"user_2656";53;52;"2025-02-23 04:41:40";"2025-12-29 03:44:37";89.5283;718.7736;1;53;"2025-02-23 04:41:40";"2025-12-29 03:44:37";1;0
"user_2657";23;22;"2025-01-29 01:10:57";"2025-11-28 11:29:02";88.3478;736.4348;1;23;"2025-01-29 01:10:57";"2025-11-28 11:29:02";32;1
"user_2658";24;24;"2025-02-20 18:32:27";"2025-12-21 17:23:09";85.5;696.2083;2;24;"2025-02-20 18:32:27";"2025-12-21 17:23:09";9;0
"user_2659";93;75;"2025-02-09 21:04:10";"2025-10-19 13:13:57";88.957;702.5806;2;93;"2025-02-09 21:04:10";"2025-10-19 13:13:57";72;1
"user_266";33;33;"2025-01-20 15:08:55";"2025-12-29 13:14:05";87.9091;724.4242;2;33;"2025-01-20 15:08:55";"2025-12-29 13:14:05";1;0
"user_2660";20;19;"2025-02-06 02:29:35";"2025-12-23 10:20:35";83.9;648.75;2;20;"2025-02-06 02:29:35";"2025-12-23 10:20:35";7;0
"user_2661";44;40;"2025-02-15 19:49:09";"2025-12-27 06:33:09";86.5227;665.4091;2;44;"2025-02-15 19:49:09";"2025-12-27 06:33:09";3;0
"user_2662";18;18;"2025-02-20 17:33:48";"2025-11-25 04:51:14";93.1667;732.7778;1;18;"2025-02-20 17:33:48";"2025-11-25 04:51:14";35;1
"user_2663";84;75;"2025-03-03 06:08:39";"2025-12-27 20:46:24";89.6905;718.75;1;84;"2025-03-03 06:08:39";"2025-12-27 20:46:24";3;0
"user_2664";28;26;"2025-01-18 23:00:18";"2025-12-28 10:52:55";83.3929;682.1071;2;28;"2025-01-18 23:00:18";"2025-12-28 10:52:55";2;0
"user_2665";44;44;"2025-02-24 10:08:25";"2025-12-09 04:16:30";85.0682;679.9318;1;44;"2025-02-24 10:08:25";"2025-12-09 04:16:30";21;0
"user_2666";69;57;"2025-01-19 01:39:28";"2025-08-03 15:49:04";90.1449;726.5652;2;69;"2025-01-19 01:39:28";"2025-08-03 15:49:04";149;1
"user_2667";77;66;"2025-01-20 01:37:23";"2025-09-12 20:41:52";90.3377;721.7403;2;77;"2025-01-20 01:37:23";"2025-09-12 20:41:52";109;1
"user_2668";30;29;"2025-01-31 01:26:19";"2025-11-25 09:00:52";97.2667;761.6;1;30;"2025-01-31 01:26:19";"2025-11-25 09:00:52";35;1
"user_2669";19;19;"2025-02-13 16:30:04";"2025-12-24 17:43:10";86.7368;712.2632;1;19;"2025-02-13 16:30:04";"2025-12-24 17:43:10";6;0
"user_267";35;34;"2025-02-03 19:52:07";"2025-12-27 12:34:42";94.9143;726.4857;2;35;"2025-02-03 19:52:07";"2025-12-27 12:34:42";3;0
"user_2670";52;48;"2025-03-20 05:14:05";"2025-12-24 10:08:51";89.0962;720.3269;1;52;"2025-03-20 05:14:05";"2025-12-24 10:08:51";6;0
"user_2671";48;46;"2025-02-24 12:35:29";"2025-12-13 02:03:27";87.8958;711.0;1;48;"2025-02-24 12:35:29";"2025-12-13 02:03:27";17;0
"user_2672";49;44;"2025-01-22 03:55:39";"2025-12-23 16:54:16";89.0204;727.5714;2;49;"2025-01-22 03:55:39";"2025-12-23 16:54:16";7;0
"user_2673";35;33;"2025-03-04 15:22:17";"2025-12-14 23:57:16";93.8857;782.2857;2;35;"2025-03-04 15:22:17";"2025-12-14 23:57:16";16;0
"user_2674";63;61;"2025-01-28 12:56:41";"2025-09-14 01:53:08";90.0;713.2222;1;63;"2025-01-28 12:56:41";"2025-09-14 01:53:08";107;1
"user_2675";15;15;"2025-02-10 09:46:51";"2025-11-29 23:04:10";84.6;697.7333;2;15;"2025-02-10 09:46:51";"2025-11-29 23:04:10";31;1
"user_2676";62;46;"2025-01-24 22:35:25";"2025-08-06 04:10:29";87.9516;715.4355;2;62;"2025-01-24 22:35:25";"2025-08-06 04:10:29";146;1
"user_2677";38;37;"2025-01-19 21:58:39";"2025-12-22 21:32:47";93.3947;743.8947;2;38;"2025-01-19 21:58:39";"2025-12-22 21:32:47";8;0
"user_2678";79;69;"2025-02-02 16:18:49";"2025-09-14 15:17:55";90.6456;723.8101;2;79;"2025-02-02 16:18:49";"2025-09-14 15:17:55";107;1
"user_2679";66;51;"2025-01-07 18:45:14";"2025-08-02 21:46:02";89.0909;725.2727;2;66;"2025-01-07 18:45:14";"2025-08-02 21:46:02";150;1
"user_268";24;24;"2025-02-14 05:23:04";"2025-11-26 11:03:39";87.75;682.875;2;24;"2025-02-14 05:23:04";"2025-11-26 11:03:39";34;1
"user_2680";47;41;"2025-02-28 02:19:17";"2025-12-21 14:31:27";92.0;765.1915;1;47;"2025-02-28 02:19:17";"2025-12-21 14:31:27";9;0
"user_2681";61;54;"2025-02-21 20:52:58";"2025-09-01 16:46:23";86.5082;700.6721;2;61;"2025-02-21 20:52:58";"2025-09-01 16:46:23";120;1
"user_2682";22;22;"2025-03-13 06:31:53";"2025-12-02 22:58:48";79.5;634.8636;2;22;"2025-03-13 06:31:53";"2025-12-02 22:58:48";28;1
"user_2683";64;52;"2025-02-22 02:24:05";"2025-09-10 13:11:36";89.5781;727.9688;1;64;"2025-02-22 02:24:05";"2025-09-10 13:11:36";111;1
"user_2684";57;53;"2025-02-09 05:53:53";"2025-12-23 04:38:47";88.2281;707.0877;2;57;"2025-02-09 05:53:53";"2025-12-23 04:38:47";7;0
"user_2685";39;36;"2025-02-08 18:37:47";"2025-12-18 03:30:30";92.7436;740.4359;2;39;"2025-02-08 18:37:47";"2025-12-18 03:30:30";12;0
"user_2686";77;71;"2025-02-07 14:25:58";"2025-11-07 11:47:16";87.2597;693.2857;1;77;"2025-02-07 14:25:58";"2025-11-07 11:47:16";53;1
"user_2687";90;78;"2025-02-28 15:00:19";"2025-12-28 02:10:04";88.7778;691.2222;1;90;"2025-02-28 15:00:19";"2025-12-28 02:10:04";2;0
"user_2688";42;40;"2025-02-26 20:41:25";"2025-12-15 12:18:22";91.5;713.6429;1;42;"2025-02-26 20:41:25";"2025-12-15 12:18:22";15;0
"user_2689";42;36;"2025-03-06 17:33:33";"2025-12-11 14:42:29";91.7857;753.2619;1;42;"2025-03-06 17:33:33";"2025-12-11 14:42:29";19;0
"user_269";28;27;"2025-03-12 23:42:37";"2025-12-30 19:16:39";83.0357;669.7857;1;28;"2025-03-12 23:42:37";"2025-12-30 19:16:39";0;0
"user_2690";50;48;"2025-01-05 00:15:27";"2025-12-29 15:33:09";93.24;755.98;2;50;"2025-01-05 00:15:27";"2025-12-29 15:33:09";1;0
"user_2691";48;46;"2025-01-21 21:48:28";"2025-12-19 06:00:55";89.4583;743.1458;1;48;"2025-01-21 21:48:28";"2025-12-19 06:00:55";11;0
"user_2692";48;47;"2025-01-17 05:23:11";"2025-12-27 05:53:11";92.4792;784.5208;2;48;"2025-01-17 05:23:11";"2025-12-27 05:53:11";3;0
"user_2693";101;85;"2025-01-08 18:29:01";"2025-11-13 15:24:33";88.4653;719.6832;1;101;"2025-01-08 18:29:01";"2025-11-13 15:24:33";47;1
"user_2694";53;46;"2025-01-29 02:28:13";"2025-12-30 19:05:40";91.717;758.7547;2;53;"2025-01-29 02:28:13";"2025-12-30 19:05:40";0;0
"user_2695";14;14;"2025-02-26 00:37:37";"2025-12-20 11:23:08";96.6429;815.9286;2;14;"2025-02-26 00:37:37";"2025-12-20 11:23:08";10;0
"user_2696";50;47;"2025-01-28 01:05:10";"2025-12-27 02:58:30";93.54;765.74;2;50;"2025-01-28 01:05:10";"2025-12-27 02:58:30";3;0
"user_2697";22;20;"2025-03-02 21:28:02";"2025-12-26 04:27:00";88.6364;738.2727;1;22;"2025-03-02 21:28:02";"2025-12-26 04:27:00";4;0
"user_2698";61;56;"2025-01-24 20:45:37";"2025-12-24 10:15:44";91.6721;731.7213;2;61;"2025-01-24 20:45:37";"2025-12-24 10:15:44";6;0
"user_2699";26;25;"2025-02-01 17:34:57";"2025-12-26 16:48:29";84.5769;704.4615;1;26;"2025-02-01 17:34:57";"2025-12-26 16:48:29";4;0
"user_27";70;61;"2025-01-05 13:59:43";"2025-08-09 14:53:20";88.7429;713.6286;2;70;"2025-01-05 13:59:43";"2025-08-09 14:53:20";143;1
"user_270";72;62;"2025-01-10 04:46:57";"2025-08-29 13:00:13";86.2222;691.5417;2;72;"2025-01-10 04:46:57";"2025-08-29 13:00:13";123;1
"user_2700";26;25;"2025-02-25 22:37:07";"2025-12-27 06:05:20";87.4615;655.5;1;26;"2025-02-25 22:37:07";"2025-12-27 06:05:20";3;0
"user_2701";34;31;"2025-01-10 08:25:14";"2025-12-18 08:22:10";91.9118;721.4706;2;34;"2025-01-10 08:25:14";"2025-12-18 08:22:10";12;0
"user_2702";12;11;"2025-04-08 10:40:33";"2025-12-10 10:57:17";95.1667;819.3333;1;12;"2025-04-08 10:40:33";"2025-12-10 10:57:17";20;0
"user_2703";94;77;"2025-03-04 20:30:24";"2025-11-14 22:16:41";92.9894;746.7128;1;94;"2025-03-04 20:30:24";"2025-11-14 22:16:41";46;1
"user_2704";63;50;"2025-01-12 01:05:54";"2025-06-25 04:34:45";90.8254;718.6825;1;63;"2025-01-12 01:05:54";"2025-06-25 04:34:45";188;1
"user_2705";13;12;"2025-03-23 09:32:02";"2025-12-25 13:38:10";100.3077;865.6923;1;13;"2025-03-23 09:32:02";"2025-12-25 13:38:10";5;0
"user_2706";26;26;"2025-03-01 01:41:15";"2025-12-06 17:25:45";86.4615;684.3462;1;26;"2025-03-01 01:41:15";"2025-12-06 17:25:45";24;1
"user_2707";83;72;"2025-01-07 02:15:03";"2025-11-10 21:36:23";88.5301;718.9639;1;83;"2025-01-07 02:15:03";"2025-11-10 21:36:23";50;1
"user_2708";68;59;"2025-03-06 00:27:40";"2025-07-22 06:32:56";91.3529;742.3676;1;68;"2025-03-06 00:27:40";"2025-07-22 06:32:56";161;1
"user_2709";68;54;"2025-01-21 13:35:14";"2025-06-06 17:24:33";85.75;680.6765;2;68;"2025-01-21 13:35:14";"2025-06-06 17:24:33";207;1
"user_271";26;26;"2025-02-02 09:44:37";"2025-12-17 02:31:00";89.3846;677.7692;2;26;"2025-02-02 09:44:37";"2025-12-17 02:31:00";13;0
"user_2710";120;103;"2025-01-07 23:48:15";"2025-12-29 17:24:42";90.7083;724.225;1;120;"2025-01-07 23:48:15";"2025-12-29 17:24:42";1;0
"user_2711";31;29;"2025-01-28 06:15:05";"2025-12-30 03:45:02";94.5484;761.8387;1;31;"2025-01-28 06:15:05";"2025-12-30 03:45:02";0;0
"user_2712";40;38;"2025-01-11 08:59:17";"2025-12-21 06:58:18";87.7;682.4;1;40;"2025-01-11 08:59:17";"2025-12-21 06:58:18";9;0
"user_2713";43;38;"2025-03-05 21:07:20";"2025-12-23 02:22:10";85.907;677.6279;2;43;"2025-03-05 21:07:20";"2025-12-23 02:22:10";7;0
"user_2714";50;47;"2025-03-03 00:13:27";"2025-12-30 21:21:42";86.7;677.76;2;50;"2025-03-03 00:13:27";"2025-12-30 21:21:42";0;0
"user_2715";105;88;"2025-01-29 21:27:41";"2025-11-03 22:11:22";88.8667;699.0762;2;105;"2025-01-29 21:27:41";"2025-11-03 22:11:22";57;1
"user_2716";69;54;"2025-01-18 17:53:52";"2025-08-03 11:55:59";88.2609;714.0725;1;69;"2025-01-18 17:53:52";"2025-08-03 11:55:59";149;1
"user_2717";46;41;"2025-02-26 22:13:12";"2025-12-28 03:39:26";87.0435;686.3696;1;46;"2025-02-26 22:13:12";"2025-12-28 03:39:26";2;0
"user_2718";24;24;"2025-02-22 05:52:14";"2025-12-22 18:40:46";95.4583;743.375;2;24;"2025-02-22 05:52:14";"2025-12-22 18:40:46";8;0
"user_2719";23;23;"2025-01-24 03:32:11";"2025-12-20 09:23:51";95.2174;772.4783;1;23;"2025-01-24 03:32:11";"2025-12-20 09:23:51";10;0
"user_272";31;28;"2025-01-22 20:42:04";"2025-12-28 23:37:12";87.0645;712.9677;2;31;"2025-01-22 20:42:04";"2025-12-28 23:37:12";2;0
"user_2720";71;60;"2025-01-15 09:57:06";"2025-08-10 19:10:01";90.5352;717.9577;1;71;"2025-01-15 09:57:06";"2025-08-10 19:10:01";142;1
"user_2721";24;24;"2025-03-10 16:40:23";"2025-12-25 05:03:45";84.2083;664.7917;2;24;"2025-03-10 16:40:23";"2025-12-25 05:03:45";5;0
"user_2722";26;25;"2025-01-29 20:26:04";"2025-12-28 08:17:59";88.6538;713.1923;2;26;"2025-01-29 20:26:04";"2025-12-28 08:17:59";2;0
"user_2723";26;25;"2025-04-07 12:39:29";"2025-12-14 15:28:48";88.7308;673.3846;2;26;"2025-04-07 12:39:29";"2025-12-14 15:28:48";16;0
"user_2724";56;52;"2025-02-03 11:37:55";"2025-12-30 11:13:48";89.0714;733.3036;1;56;"2025-02-03 11:37:55";"2025-12-30 11:13:48";0;0
"user_2725";46;44;"2025-02-18 08:50:45";"2025-12-17 03:57:01";92.087;774.3696;2;46;"2025-02-18 08:50:45";"2025-12-17 03:57:01";13;0
"user_2726";43;38;"2025-02-22 10:20:50";"2025-12-28 01:42:53";91.6744;735.3488;2;43;"2025-02-22 10:20:50";"2025-12-28 01:42:53";2;0
"user_2727";62;51;"2025-02-19 17:42:42";"2025-06-30 17:47:03";85.9677;689.9516;2;62;"2025-02-19 17:42:42";"2025-06-30 17:47:03";183;1
"user_2728";114;96;"2025-02-04 17:07:06";"2025-12-25 01:19:36";89.6579;721.8772;2;114;"2025-02-04 17:07:06";"2025-12-25 01:19:36";5;0
"user_2729";61;50;"2025-01-14 05:26:49";"2025-07-03 12:31:42";89.4918;724.5902;2;61;"2025-01-14 05:26:49";"2025-07-03 12:31:42";180;1
"user_273";15;14;"2025-02-06 17:19:05";"2025-12-02 22:09:19";95.2667;766.6;2;15;"2025-02-06 17:19:05";"2025-12-02 22:09:19";28;1
"user_2730";50;49;"2025-02-25 14:24:52";"2025-12-29 12:31:52";91.48;719.16;1;50;"2025-02-25 14:24:52";"2025-12-29 12:31:52";1;0
"user_2731";21;21;"2025-02-10 05:05:57";"2025-11-03 09:35:49";90.1905;724.9048;1;21;"2025-02-10 05:05:57";"2025-11-03 09:35:49";57;1
"user_2732";45;40;"2025-02-10 06:29:32";"2025-12-21 21:17:44";91.9333;714.6222;1;45;"2025-02-10 06:29:32";"2025-12-21 21:17:44";9;0
"user_2733";62;53;"2025-02-03 14:51:17";"2025-07-05 17:47:07";91.9839;730.3226;1;62;"2025-02-03 14:51:17";"2025-07-05 17:47:07";178;1
"user_2734";17;17;"2025-03-03 13:11:12";"2025-12-26 17:26:11";95.9412;758.1765;1;17;"2025-03-03 13:11:12";"2025-12-26 17:26:11";4;0
"user_2735";17;16;"2025-02-23 23:20:58";"2025-12-27 14:26:31";88.4118;708.4118;2;17;"2025-02-23 23:20:58";"2025-12-27 14:26:31";3;0
"user_2736";18;18;"2025-03-19 23:15:44";"2025-12-08 08:57:53";88.2222;729.2778;1;18;"2025-03-19 23:15:44";"2025-12-08 08:57:53";22;1
"user_2737";18;17;"2025-02-03 22:16:16";"2025-11-22 04:12:40";97.0;740.6667;1;18;"2025-02-03 22:16:16";"2025-11-22 04:12:40";38;1
"user_2738";38;37;"2025-03-01 20:43:14";"2025-12-28 08:58:08";88.7368;686.2895;1;38;"2025-03-01 20:43:14";"2025-12-28 08:58:08";2;0
"user_2739";12;12;"2025-01-07 20:16:38";"2025-11-22 21:30:24";93.5;788.0833;2;12;"2025-01-07 20:16:38";"2025-11-22 21:30:24";38;1
"user_274";21;19;"2025-03-01 18:33:13";"2025-12-13 04:41:13";98.2381;798.0952;1;21;"2025-03-01 18:33:13";"2025-12-13 04:41:13";17;0
"user_2740";87;72;"2025-02-27 17:52:42";"2025-10-29 06:39:18";90.2759;721.977;1;87;"2025-02-27 17:52:42";"2025-10-29 06:39:18";62;1
"user_2741";38;36;"2025-02-20 15:07:54";"2025-12-26 20:55:33";90.5526;749.1316;2;38;"2025-02-20 15:07:54";"2025-12-26 20:55:33";4;0
"user_2742";65;59;"2025-02-23 15:58:05";"2025-10-31 04:57:00";88.3385;730.5538;2;65;"2025-02-23 15:58:05";"2025-10-31 04:57:00";60;1
"user_2743";106;92;"2025-01-24 15:02:16";"2025-12-26 12:10:52";88.8868;716.0283;1;106;"2025-01-24 15:02:16";"2025-12-26 12:10:52";4;0
"user_2744";99;87;"2025-02-17 09:18:06";"2025-12-30 21:47:43";89.8182;719.5253;1;99;"2025-02-17 09:18:06";"2025-12-30 21:47:43";0;0
"user_2745";38;37;"2025-03-22 05:34:05";"2025-12-30 15:13:40";91.7368;739.6579;1;38;"2025-03-22 05:34:05";"2025-12-30 15:13:40";0;0
"user_2746";26;25;"2025-01-09 03:31:19";"2025-12-18 19:08:35";92.9231;741.8462;2;26;"2025-01-09 03:31:19";"2025-12-18 19:08:35";12;0
"user_2747";48;43;"2025-02-23 12:14:05";"2025-12-28 10:17:19";88.4375;688.8542;1;48;"2025-02-23 12:14:05";"2025-12-28 10:17:19";2;0
"user_2748";65;57;"2025-02-06 08:19:52";"2025-08-14 12:12:25";91.9846;748.2308;2;65;"2025-02-06 08:19:52";"2025-08-14 12:12:25";138;1
"user_2749";22;21;"2025-01-22 10:11:43";"2025-11-09 19:17:41";90.2727;710.3182;1;22;"2025-01-22 10:11:43";"2025-11-09 19:17:41";51;1
"user_275";42;42;"2025-01-12 03:33:51";"2025-12-13 00:46:34";89.7857;721.8571;2;42;"2025-01-12 03:33:51";"2025-12-13 00:46:34";17;0
"user_2750";57;54;"2025-03-06 10:17:48";"2025-12-26 02:58:13";90.4561;730.807;1;57;"2025-03-06 10:17:48";"2025-12-26 02:58:13";4;0
"user_2751";33;32;"2025-02-13 16:59:14";"2025-12-25 14:48:44";95.1818;746.7273;1;33;"2025-02-13 16:59:14";"2025-12-25 14:48:44";5;0
"user_2752";22;19;"2025-01-28 23:31:28";"2025-12-27 07:28:00";88.8636;708.2727;1;22;"2025-01-28 23:31:28";"2025-12-27 07:28:00";3;0
"user_2753";60;55;"2025-02-03 23:05:06";"2025-08-27 19:41:58";89.1667;712.5167;1;60;"2025-02-03 23:05:06";"2025-08-27 19:41:58";125;1
"user_2754";42;41;"2025-02-27 17:03:08";"2025-12-27 22:49:38";89.8571;715.9286;1;42;"2025-02-27 17:03:08";"2025-12-27 22:49:38";3;0
"user_2755";12;12;"2025-04-08 20:07:37";"2025-12-06 09:06:26";86.1667;722.8333;1;12;"2025-04-08 20:07:37";"2025-12-06 09:06:26";24;1
"user_2756";71;57;"2025-02-14 21:19:36";"2025-08-05 09:40:26";86.8732;704.8732;1;71;"2025-02-14 21:19:36";"2025-08-05 09:40:26";147;1
"user_2757";42;42;"2025-02-23 14:26:35";"2025-12-22 04:55:31";81.8571;660.3333;1;42;"2025-02-23 14:26:35";"2025-12-22 04:55:31";8;0
"user_2758";17;15;"2025-02-03 21:16:18";"2025-11-27 23:49:36";88.0;689.2941;2;17;"2025-02-03 21:16:18";"2025-11-27 23:49:36";33;1
"user_2759";15;15;"2025-04-23 04:29:27";"2025-12-10 02:14:11";93.0667;724.0667;2;15;"2025-04-23 04:29:27";"2025-12-10 02:14:11";20;0
"user_276";49;43;"2025-01-26 01:40:14";"2025-12-16 03:57:05";93.6939;764.6939;2;49;"2025-01-26 01:40:14";"2025-12-16 03:57:05";14;0
"user_2760";61;54;"2025-01-11 12:28:54";"2025-07-03 16:03:11";92.6557;747.4918;1;61;"2025-01-11 12:28:54";"2025-07-03 16:03:11";180;1
"user_2761";63;53;"2025-02-05 18:29:01";"2025-08-16 19:37:54";86.7619;695.5238;2;63;"2025-02-05 18:29:01";"2025-08-16 19:37:54";136;1
"user_2762";66;60;"2025-01-21 15:00:46";"2025-07-24 12:58:18";89.6061;744.4242;2;66;"2025-01-21 15:00:46";"2025-07-24 12:58:18";159;1
"user_2763";47;45;"2025-01-26 10:47:12";"2025-12-20 23:53:02";86.1277;704.6809;2;47;"2025-01-26 10:47:12";"2025-12-20 23:53:02";10;0
"user_2764";40;40;"2025-02-16 03:58:44";"2025-12-25 04:13:56";85.05;676.55;2;40;"2025-02-16 03:58:44";"2025-12-25 04:13:56";5;0
"user_2765";105;86;"2025-02-13 22:45:14";"2025-12-29 09:51:48";87.2857;700.5524;1;105;"2025-02-13 22:45:14";"2025-12-29 09:51:48";1;0
"user_2766";15;15;"2025-02-07 07:26:46";"2025-11-16 04:00:14";88.3333;759.3333;1;15;"2025-02-07 07:26:46";"2025-11-16 04:00:14";44;1
"user_2767";34;32;"2025-03-01 16:59:52";"2025-12-26 17:56:33";86.7059;718.9412;2;34;"2025-03-01 16:59:52";"2025-12-26 17:56:33";4;0
"user_2768";79;67;"2025-03-01 19:02:07";"2025-11-11 04:28:23";89.3038;721.9241;1;79;"2025-03-01 19:02:07";"2025-11-11 04:28:23";49;1
"user_2769";53;49;"2025-02-22 02:23:19";"2025-12-30 20:05:04";87.8113;694.3396;2;53;"2025-02-22 02:23:19";"2025-12-30 20:05:04";0;0
"user_277";30;30;"2025-01-24 00:40:40";"2025-12-20 23:56:56";89.4667;691.0667;1;30;"2025-01-24 00:40:40";"2025-12-20 23:56:56";10;0
"user_2770";24;24;"2025-02-08 14:03:08";"2025-12-29 02:52:57";89.75;704.0417;1;24;"2025-02-08 14:03:08";"2025-12-29 02:52:57";1;0
"user_2771";64;54;"2025-01-25 14:39:36";"2025-08-13 17:34:52";90.0625;718.6875;1;64;"2025-01-25 14:39:36";"2025-08-13 17:34:52";139;1
"user_2772";74;66;"2025-02-04 18:36:25";"2025-09-09 20:41:23";91.1892;729.3378;2;74;"2025-02-04 18:36:25";"2025-09-09 20:41:23";112;1
"user_2773";28;27;"2025-01-22 07:16:46";"2025-12-05 15:30:10";90.2857;719.3929;2;28;"2025-01-22 07:16:46";"2025-12-05 15:30:10";25;1
"user_2774";52;48;"2025-01-18 06:15:14";"2025-12-19 15:36:45";87.6538;697.3269;1;52;"2025-01-18 06:15:14";"2025-12-19 15:36:45";11;0
"user_2775";47;45;"2025-03-05 05:32:02";"2025-12-27 10:35:58";84.1064;663.0851;2;47;"2025-03-05 05:32:02";"2025-12-27 10:35:58";3;0
"user_2776";46;41;"2025-01-12 03:31:23";"2025-12-27 12:43:23";91.2826;716.2826;2;46;"2025-01-12 03:31:23";"2025-12-27 12:43:23";3;0
"user_2777";70;62;"2025-03-01 23:13:45";"2025-08-13 02:09:41";90.5286;722.1571;1;70;"2025-03-01 23:13:45";"2025-08-13 02:09:41";139;1
"user_2778";79;69;"2025-02-10 07:56:25";"2025-09-11 20:20:53";92.0633;739.1772;2;79;"2025-02-10 07:56:25";"2025-09-11 20:20:53";110;1
"user_2779";51;50;"2025-02-22 01:17:23";"2025-12-24 05:58:41";95.8039;761.9216;2;51;"2025-02-22 01:17:23";"2025-12-24 05:58:41";6;0
"user_278";40;37;"2025-03-11 12:22:20";"2025-12-23 06:27:06";90.175;741.175;2;40;"2025-03-11 12:22:20";"2025-12-23 06:27:06";7;0
"user_2780";98;83;"2025-02-05 17:38:33";"2025-12-30 14:48:17";89.2653;722.398;1;98;"2025-02-05 17:38:33";"2025-12-30 14:48:17";0;0
"user_2781";88;75;"2025-02-05 06:21:54";"2025-11-07 21:48:41";91.8864;717.625;1;88;"2025-02-05 06:21:54";"2025-11-07 21:48:41";53;1
"user_2782";30;30;"2025-03-01 13:03:27";"2025-12-23 10:04:24";87.3667;708.3333;1;30;"2025-03-01 13:03:27";"2025-12-23 10:04:24";7;0
"user_2783";11;11;"2025-01-18 10:32:16";"2025-11-05 18:01:56";100.5455;810.3636;1;11;"2025-01-18 10:32:16";"2025-11-05 18:01:56";55;1
"user_2784";25;25;"2025-03-10 03:05:42";"2025-12-15 00:48:02";90.04;731.32;2;25;"2025-03-10 03:05:42";"2025-12-15 00:48:02";15;0
"user_2785";10;10;"2025-03-06 03:15:59";"2025-12-03 00:48:19";89.1;656.5;1;10;"2025-03-06 03:15:59";"2025-12-03 00:48:19";27;1
"user_2786";64;56;"2025-02-27 15:42:03";"2025-09-21 18:01:35";86.2344;693.3594;2;64;"2025-02-27 15:42:03";"2025-09-21 18:01:35";100;1
"user_2787";14;14;"2025-02-21 13:01:46";"2025-12-24 11:07:14";93.0;786.9286;2;14;"2025-02-21 13:01:46";"2025-12-24 11:07:14";6;0
"user_2788";60;52;"2025-01-22 16:23:37";"2025-07-29 06:23:50";89.6333;729.4167;1;60;"2025-01-22 16:23:37";"2025-07-29 06:23:50";154;1
"user_2789";16;15;"2025-02-11 01:11:41";"2025-12-17 22:33:19";91.4375;734.8125;1;16;"2025-02-11 01:11:41";"2025-12-17 22:33:19";13;0
"user_279";24;23;"2025-01-29 11:11:11";"2025-12-25 12:33:34";91.0833;678.2083;2;24;"2025-01-29 11:11:11";"2025-12-25 12:33:34";5;0
"user_2790";18;18;"2025-01-27 01:11:36";"2025-11-18 18:13:09";86.5;705.4444;2;18;"2025-01-27 01:11:36";"2025-11-18 18:13:09";42;1
"user_2791";29;28;"2025-01-04 00:57:30";"2025-12-22 06:00:22";81.1034;650.8621;2;29;"2025-01-04 00:57:30";"2025-12-22 06:00:22";8;0
"user_2792";16;16;"2025-02-06 20:08:09";"2025-12-30 01:06:32";90.125;730.125;1;16;"2025-02-06 20:08:09";"2025-12-30 01:06:32";0;0
"user_2793";48;44;"2025-04-03 03:27:51";"2025-12-25 13:00:17";91.3958;734.6667;1;48;"2025-04-03 03:27:51";"2025-12-25 13:00:17";5;0
"user_2794";80;64;"2025-02-24 23:15:26";"2025-10-21 06:03:21";92.475;755.4375;2;80;"2025-02-24 23:15:26";"2025-10-21 06:03:21";70;1
"user_2795";57;52;"2025-01-29 18:43:51";"2025-12-26 04:57:45";93.193;723.9825;2;57;"2025-01-29 18:43:51";"2025-12-26 04:57:45";4;0
"user_2796";51;47;"2025-02-20 12:48:10";"2025-12-23 06:14:44";92.2549;730.6078;2;51;"2025-02-20 12:48:10";"2025-12-23 06:14:44";7;0
"user_2797";65;58;"2025-01-09 07:45:37";"2025-08-19 19:52:43";89.2615;724.9231;2;65;"2025-01-09 07:45:37";"2025-08-19 19:52:43";133;1
"user_2798";58;51;"2025-01-18 09:55:23";"2025-12-18 17:30:29";91.1552;737.431;1;58;"2025-01-18 09:55:23";"2025-12-18 17:30:29";12;0
"user_2799";20;20;"2025-02-12 02:12:37";"2025-12-28 13:33:59";90.1;726.45;2;20;"2025-02-12 02:12:37";"2025-12-28 13:33:59";2;0
"user_28";47;42;"2025-01-30 16:37:00";"2025-12-13 20:37:33";90.1489;724.6596;1;47;"2025-01-30 16:37:00";"2025-12-13 20:37:33";17;0
"user_280";16;16;"2025-03-11 22:51:48";"2025-12-22 21:46:11";86.875;667.5625;1;16;"2025-03-11 22:51:48";"2025-12-22 21:46:11";8;0
"user_2800";83;71;"2025-02-17 06:04:26";"2025-11-01 06:58:26";92.3012;719.1084;2;83;"2025-02-17 06:04:26";"2025-11-01 06:58:26";59;1
"user_2801";20;20;"2025-01-30 00:08:20";"2025-12-19 12:24:11";89.4;727.2;1;20;"2025-01-30 00:08:20";"2025-12-19 12:24:11";11;0
"user_2802";9;9;"2025-02-27 04:48:11";"2025-12-08 01:01:51";97.1111;808.5556;1;9;"2025-02-27 04:48:11";"2025-12-08 01:01:51";22;1
"user_2803";28;26;"2025-02-18 14:11:46";"2025-12-30 03:05:57";89.5357;728.0;1;28;"2025-02-18 14:11:46";"2025-12-30 03:05:57";0;0
"user_2804";22;21;"2025-02-13 14:11:19";"2025-12-29 10:03:18";92.0909;743.9545;2;22;"2025-02-13 14:11:19";"2025-12-29 10:03:18";1;0
"user_2805";54;51;"2025-02-16 10:04:56";"2025-12-30 15:28:59";92.7037;750.7222;1;54;"2025-02-16 10:04:56";"2025-12-30 15:28:59";0;0
"user_2806";19;19;"2025-02-23 12:50:30";"2025-11-26 02:48:52";87.4737;730.0526;1;19;"2025-02-23 12:50:30";"2025-11-26 02:48:52";34;1
"user_2807";21;21;"2025-02-22 00:50:22";"2025-11-22 01:33:50";84.381;690.3333;2;21;"2025-02-22 00:50:22";"2025-11-22 01:33:50";38;1
"user_2808";80;65;"2025-01-12 22:13:49";"2025-08-07 11:18:13";91.1875;723.35;2;80;"2025-01-12 22:13:49";"2025-08-07 11:18:13";145;1
"user_2809";56;48;"2025-02-21 17:04:45";"2025-12-19 07:52:10";91.5714;739.875;1;56;"2025-02-21 17:04:45";"2025-12-19 07:52:10";11;0
"user_281";14;14;"2025-03-21 05:08:01";"2025-12-18 22:00:48";87.5714;736.2857;1;14;"2025-03-21 05:08:01";"2025-12-18 22:00:48";12;0
"user_2810";27;27;"2025-01-16 22:26:55";"2025-12-02 06:03:38";86.5926;697.1852;2;27;"2025-01-16 22:26:55";"2025-12-02 06:03:38";28;1
"user_2811";61;54;"2025-01-10 12:26:26";"2025-07-19 07:10:27";92.7377;737.2623;1;61;"2025-01-10 12:26:26";"2025-07-19 07:10:27";164;1
"user_2812";41;39;"2025-03-06 02:39:55";"2025-12-30 09:46:14";90.7317;753.6585;2;41;"2025-03-06 02:39:55";"2025-12-30 09:46:14";0;0
"user_2813";32;30;"2025-02-25 08:04:24";"2025-12-08 22:34:32";97.0938;775.5938;1;32;"2025-02-25 08:04:24";"2025-12-08 22:34:32";22;1
"user_2814";69;60;"2025-01-05 13:05:30";"2025-08-07 06:48:00";88.4203;730.5507;2;69;"2025-01-05 13:05:30";"2025-08-07 06:48:00";145;1
"user_2815";50;43;"2025-02-27 23:54:24";"2025-12-26 22:34:02";90.06;713.8;2;50;"2025-02-27 23:54:24";"2025-12-26 22:34:02";4;0
"user_2816";25;24;"2025-02-19 02:02:14";"2025-12-20 22:29:07";83.88;712.4;2;25;"2025-02-19 02:02:14";"2025-12-20 22:29:07";10;0
"user_2817";42;40;"2025-01-30 02:25:08";"2025-12-28 08:25:05";87.1429;721.1905;2;42;"2025-01-30 02:25:08";"2025-12-28 08:25:05";2;0
"user_2818";75;65;"2025-02-09 04:03:21";"2025-09-27 17:39:41";89.4667;740.12;2;75;"2025-02-09 04:03:21";"2025-09-27 17:39:41";94;1
"user_2819";70;59;"2025-03-02 05:14:27";"2025-09-09 14:47:52";90.8;738.2571;2;70;"2025-03-02 05:14:27";"2025-09-09 14:47:52";112;1
"user_282";45;42;"2025-02-16 22:38:01";"2025-12-25 02:28:39";93.1778;750.8889;2;45;"2025-02-16 22:38:01";"2025-12-25 02:28:39";5;0
"user_2820";59;56;"2025-01-25 22:10:52";"2025-12-20 04:36:56";86.3729;701.1525;1;59;"2025-01-25 22:10:52";"2025-12-20 04:36:56";10;0
"user_2821";16;16;"2025-04-02 02:01:20";"2025-12-16 11:06:02";85.3125;704.8125;2;16;"2025-04-02 02:01:20";"2025-12-16 11:06:02";14;0
"user_2822";97;82;"2025-01-26 13:05:31";"2025-10-04 08:04:19";90.3196;719.3299;1;97;"2025-01-26 13:05:31";"2025-10-04 08:04:19";87;1
"user_2823";48;44;"2025-01-16 23:59:07";"2025-12-28 10:39:52";89.6042;747.8958;2;48;"2025-01-16 23:59:07";"2025-12-28 10:39:52";2;0
"user_2824";69;60;"2025-02-18 01:38:21";"2025-11-01 02:45:08";92.0435;732.5217;1;69;"2025-02-18 01:38:21";"2025-11-01 02:45:08";59;1
"user_2825";63;58;"2025-01-25 05:28:14";"2025-12-20 19:31:23";90.3492;718.3651;2;63;"2025-01-25 05:28:14";"2025-12-20 19:31:23";10;0
"user_2826";23;23;"2025-02-03 11:39:09";"2025-12-17 20:52:07";95.8696;723.5217;2;23;"2025-02-03 11:39:09";"2025-12-17 20:52:07";13;0
"user_2827";24;24;"2025-02-01 00:08:12";"2025-12-24 01:54:35";93.4167;794.4583;1;24;"2025-02-01 00:08:12";"2025-12-24 01:54:35";6;0
"user_2828";77;67;"2025-01-08 13:30:04";"2025-09-07 11:05:08";91.974;735.2078;2;77;"2025-01-08 13:30:04";"2025-09-07 11:05:08";114;1
"user_2829";45;44;"2025-02-22 05:20:08";"2025-12-24 19:34:54";93.1556;728.8667;2;45;"2025-02-22 05:20:08";"2025-12-24 19:34:54";6;0
"user_283";47;46;"2025-03-05 16:29:48";"2025-12-20 20:54:19";87.383;679.5745;2;47;"2025-03-05 16:29:48";"2025-12-20 20:54:19";10;0
"user_2830";70;57;"2025-01-08 14:59:16";"2025-09-02 15:31:25";91.1;749.6857;1;70;"2025-01-08 14:59:16";"2025-09-02 15:31:25";119;1
"user_2831";50;48;"2025-03-02 01:08:29";"2025-12-13 18:46:14";91.04;740.04;1;50;"2025-03-02 01:08:29";"2025-12-13 18:46:14";17;0
"user_2832";26;26;"2025-02-03 05:14:27";"2025-11-19 17:22:55";88.0769;714.8846;1;26;"2025-02-03 05:14:27";"2025-11-19 17:22:55";41;1
"user_2833";77;63;"2025-01-11 00:15:27";"2025-09-12 12:34:27";90.0519;739.1299;2;77;"2025-01-11 00:15:27";"2025-09-12 12:34:27";109;1
"user_2834";100;87;"2025-01-12 13:16:39";"2025-12-04 11:27:09";92.76;756.32;2;100;"2025-01-12 13:16:39";"2025-12-04 11:27:09";26;1
"user_2835";47;45;"2025-01-16 08:10:00";"2025-12-06 20:39:41";92.4681;731.5319;2;47;"2025-01-16 08:10:00";"2025-12-06 20:39:41";24;1
"user_2836";21;21;"2025-02-07 11:01:19";"2025-12-23 17:04:49";81.3333;636.619;2;21;"2025-02-07 11:01:19";"2025-12-23 17:04:49";7;0
"user_2837";18;18;"2025-01-05 05:47:15";"2025-12-19 13:08:13";83.3333;667.3889;2;18;"2025-01-05 05:47:15";"2025-12-19 13:08:13";11;0
"user_2838";80;70;"2025-02-05 10:48:04";"2025-11-30 10:10:40";92.6625;756.55;1;80;"2025-02-05 10:48:04";"2025-11-30 10:10:40";30;1
"user_2839";22;21;"2025-01-31 01:52:47";"2025-12-23 17:59:05";90.3182;735.7273;1;22;"2025-01-31 01:52:47";"2025-12-23 17:59:05";7;0
"user_284";75;65;"2025-01-18 06:04:55";"2025-08-31 14:31:49";89.9733;708.9733;1;75;"2025-01-18 06:04:55";"2025-08-31 14:31:49";121;1
"user_2840";39;37;"2025-02-28 09:36:06";"2025-12-27 12:56:20";91.3333;719.3077;1;39;"2025-02-28 09:36:06";"2025-12-27 12:56:20";3;0
"user_2841";41;37;"2025-01-21 16:24:15";"2025-12-25 14:23:47";91.8537;695.9756;1;41;"2025-01-21 16:24:15";"2025-12-25 14:23:47";5;0
"user_2842";31;29;"2025-02-07 03:31:24";"2025-12-08 10:29:08";92.0323;713.3548;2;31;"2025-02-07 03:31:24";"2025-12-08 10:29:08";22;1
"user_2843";10;10;"2025-04-22 09:49:40";"2025-12-13 16:46:35";96.1;720.7;2;10;"2025-04-22 09:49:40";"2025-12-13 16:46:35";17;0
"user_2844";21;21;"2025-02-13 20:07:53";"2025-12-23 22:07:46";88.7143;713.7143;2;21;"2025-02-13 20:07:53";"2025-12-23 22:07:46";7;0
"user_2845";40;39;"2025-02-11 13:45:26";"2025-12-26 08:46:23";89.15;730.075;2;40;"2025-02-11 13:45:26";"2025-12-26 08:46:23";4;0
"user_2846";43;41;"2025-02-22 03:34:24";"2025-12-17 23:18:51";86.3953;677.9535;2;43;"2025-02-22 03:34:24";"2025-12-17 23:18:51";13;0
"user_2847";23;23;"2025-01-28 13:15:36";"2025-10-31 08:18:49";89.6522;751.0;2;23;"2025-01-28 13:15:36";"2025-10-31 08:18:49";60;1
"user_2848";115;101;"2025-01-16 18:36:32";"2025-10-19 15:19:20";87.7652;707.6174;2;115;"2025-01-16 18:36:32";"2025-10-19 15:19:20";72;1
"user_2849";41;38;"2025-02-08 00:10:42";"2025-12-30 08:13:56";90.6341;739.3171;1;41;"2025-02-08 00:10:42";"2025-12-30 08:13:56";0;0
"user_285";36;35;"2025-02-11 17:37:43";"2025-12-30 05:31:34";91.75;749.4722;2;36;"2025-02-11 17:37:43";"2025-12-30 05:31:34";0;0
"user_2850";52;48;"2025-01-16 03:50:15";"2025-12-20 23:31:07";91.0769;717.6538;1;52;"2025-01-16 03:50:15";"2025-12-20 23:31:07";10;0
"user_2851";18;16;"2025-02-11 14:01:02";"2025-11-01 13:29:14";88.7778;646.3333;2;18;"2025-02-11 14:01:02";"2025-11-01 13:29:14";59;1
"user_2852";62;59;"2025-01-15 05:02:26";"2025-07-01 08:18:20";89.7581;729.9032;1;62;"2025-01-15 05:02:26";"2025-07-01 08:18:20";182;1
"user_2853";63;52;"2025-01-11 14:03:35";"2025-06-05 17:34:32";91.127;739.3333;1;63;"2025-01-11 14:03:35";"2025-06-05 17:34:32";208;1
"user_2854";24;23;"2025-02-02 05:32:44";"2025-12-05 22:17:40";81.4583;665.0833;1;24;"2025-02-02 05:32:44";"2025-12-05 22:17:40";25;1
"user_2855";94;78;"2025-01-31 11:48:08";"2025-11-04 22:55:23";89.2128;732.6702;1;94;"2025-01-31 11:48:08";"2025-11-04 22:55:23";56;1
"user_2856";50;46;"2025-01-25 17:54:52";"2025-12-24 04:51:29";87.22;711.34;1;50;"2025-01-25 17:54:52";"2025-12-24 04:51:29";6;0
"user_2857";109;91;"2025-01-31 18:09:03";"2025-12-28 05:48:28";87.5046;702.1835;1;109;"2025-01-31 18:09:03";"2025-12-28 05:48:28";2;0
"user_2858";67;59;"2025-01-04 05:49:04";"2025-07-19 12:55:19";93.6418;767.9403;1;67;"2025-01-04 05:49:04";"2025-07-19 12:55:19";164;1
"user_2859";66;53;"2025-02-10 06:34:41";"2025-08-12 16:59:41";88.0909;733.803;2;66;"2025-02-10 06:34:41";"2025-08-12 16:59:41";140;1
"user_286";67;57;"2025-02-26 03:22:56";"2025-08-29 22:03:03";86.4925;696.6418;1;67;"2025-02-26 03:22:56";"2025-08-29 22:03:03";123;1
"user_2860";77;68;"2025-01-21 10:38:27";"2025-09-04 23:02:16";91.2857;737.6234;2;77;"2025-01-21 10:38:27";"2025-09-04 23:02:16";117;1
"user_2861";14;14;"2025-04-23 12:26:19";"2025-12-25 04:33:29";92.9286;729.4286;1;14;"2025-04-23 12:26:19";"2025-12-25 04:33:29";5;0
"user_2862";62;54;"2025-01-15 17:58:36";"2025-06-05 19:44:30";89.6935;720.3226;1;62;"2025-01-15 17:58:36";"2025-06-05 19:44:30";208;1
"user_2863";16;15;"2025-02-26 02:30:31";"2025-12-06 06:30:40";83.6875;624.6875;2;16;"2025-02-26 02:30:31";"2025-12-06 06:30:40";24;1
"user_2864";30;30;"2025-02-21 13:36:12";"2025-12-19 00:22:37";85.6;693.1;2;30;"2025-02-21 13:36:12";"2025-12-19 00:22:37";11;0
"user_2865";46;44;"2025-01-09 06:04:15";"2025-12-26 17:21:29";91.5217;734.4565;2;46;"2025-01-09 06:04:15";"2025-12-26 17:21:29";4;0
"user_2866";48;46;"2025-01-13 02:34:16";"2025-12-27 13:46:34";91.3333;737.9792;1;48;"2025-01-13 02:34:16";"2025-12-27 13:46:34";3;0
"user_2867";60;53;"2025-02-03 06:17:59";"2025-12-29 01:16:25";92.7167;759.1333;1;60;"2025-02-03 06:17:59";"2025-12-29 01:16:25";1;0
"user_2868";30;27;"2025-01-09 23:49:37";"2025-12-30 03:26:44";91.6667;739.4667;1;30;"2025-01-09 23:49:37";"2025-12-30 03:26:44";0;0
"user_2869";62;50;"2025-01-17 08:33:36";"2025-07-23 06:17:21";87.7742;693.7903;2;62;"2025-01-17 08:33:36";"2025-07-23 06:17:21";160;1
"user_287";51;50;"2025-01-12 21:34:12";"2025-12-28 21:22:29";96.9216;816.3725;1;51;"2025-01-12 21:34:12";"2025-12-28 21:22:29";2;0
"user_2870";37;37;"2025-02-25 11:29:48";"2025-12-29 07:50:02";92.6486;739.7297;2;37;"2025-02-25 11:29:48";"2025-12-29 07:50:02";1;0
"user_2871";20;20;"2025-01-29 07:49:34";"2025-12-16 01:33:26";87.45;678.45;2;20;"2025-01-29 07:49:34";"2025-12-16 01:33:26";14;0
"user_2872";21;21;"2025-02-06 08:56:08";"2025-10-29 08:15:36";88.8571;697.8095;1;21;"2025-02-06 08:56:08";"2025-10-29 08:15:36";62;1
"user_2873";14;14;"2025-01-30 03:29:06";"2025-12-19 11:21:57";87.4286;697.5714;1;14;"2025-01-30 03:29:06";"2025-12-19 11:21:57";11;0
"user_2874";44;41;"2025-01-24 10:18:20";"2025-12-16 22:54:38";86.6136;716.2727;1;44;"2025-01-24 10:18:20";"2025-12-16 22:54:38";14;0
"user_2875";25;25;"2025-02-16 22:30:11";"2025-12-30 20:17:40";82.96;634.84;2;25;"2025-02-16 22:30:11";"2025-12-30 20:17:40";0;0
"user_2876";62;57;"2025-03-04 19:48:11";"2025-12-24 06:25:50";86.3065;685.2903;1;62;"2025-03-04 19:48:11";"2025-12-24 06:25:50";6;0
"user_2877";45;43;"2025-01-25 11:19:20";"2025-11-25 03:25:56";88.8889;703.5556;2;45;"2025-01-25 11:19:20";"2025-11-25 03:25:56";35;1
"user_2878";67;55;"2025-01-08 19:09:25";"2025-06-21 02:04:00";85.0597;671.6269;2;67;"2025-01-08 19:09:25";"2025-06-21 02:04:00";192;1
"user_2879";66;60;"2025-02-09 20:03:04";"2025-12-28 07:09:03";89.6667;718.7424;2;66;"2025-02-09 20:03:04";"2025-12-28 07:09:03";2;0
"user_288";45;44;"2025-02-16 16:25:20";"2025-12-29 00:50:00";94.3556;764.2667;1;45;"2025-02-16 16:25:20";"2025-12-29 00:50:00";1;0
"user_2880";105;90;"2025-01-13 04:26:15";"2025-12-21 14:02:29";87.1238;717.9905;1;105;"2025-01-13 04:26:15";"2025-12-21 14:02:29";9;0
"user_2881";52;50;"2025-01-28 09:10:01";"2025-12-04 10:20:07";83.5962;677.1923;1;52;"2025-01-28 09:10:01";"2025-12-04 10:20:07";26;1
"user_2882";11;11;"2025-02-13 06:23:57";"2025-10-16 23:37:09";96.4545;742.5455;1;11;"2025-02-13 06:23:57";"2025-10-16 23:37:09";75;1
"user_2883";77;68;"2025-01-06 10:31:32";"2025-08-29 04:17:03";92.3377;745.961;1;77;"2025-01-06 10:31:32";"2025-08-29 04:17:03";123;1
"user_2884";64;51;"2025-02-17 12:14:00";"2025-08-09 16:58:32";88.875;718.2031;1;64;"2025-02-17 12:14:00";"2025-08-09 16:58:32";143;1
"user_2885";60;50;"2025-01-19 15:10:49";"2025-06-19 20:45:29";85.6333;692.25;2;60;"2025-01-19 15:10:49";"2025-06-19 20:45:29";194;1
"user_2886";12;12;"2025-02-06 20:53:24";"2025-12-12 14:56:28";88.5833;719.5;2;12;"2025-02-06 20:53:24";"2025-12-12 14:56:28";18;0
"user_2887";54;48;"2025-01-07 11:10:35";"2025-12-23 13:53:25";90.6111;698.5;2;54;"2025-01-07 11:10:35";"2025-12-23 13:53:25";7;0
"user_2888";54;50;"2025-01-26 13:04:55";"2025-12-30 20:35:49";97.0926;794.6296;1;54;"2025-01-26 13:04:55";"2025-12-30 20:35:49";0;0
"user_2889";19;19;"2025-01-09 12:36:20";"2025-12-11 17:58:58";89.8421;660.2105;1;19;"2025-01-09 12:36:20";"2025-12-11 17:58:58";19;0
"user_289";72;63;"2025-01-29 16:45:59";"2025-08-27 11:16:56";90.0833;727.4722;1;72;"2025-01-29 16:45:59";"2025-08-27 11:16:56";125;1
"user_2890";16;16;"2025-03-01 19:12:29";"2025-12-20 08:22:19";92.625;811.6875;2;16;"2025-03-01 19:12:29";"2025-12-20 08:22:19";10;0
"user_2891";49;46;"2025-02-08 14:00:38";"2025-12-25 18:44:23";91.9184;717.2449;1;49;"2025-02-08 14:00:38";"2025-12-25 18:44:23";5;0
"user_2892";30;28;"2025-02-01 02:37:19";"2025-12-02 11:59:04";94.0667;755.5333;1;30;"2025-02-01 02:37:19";"2025-12-02 11:59:04";28;1
"user_2893";28;28;"2025-01-21 09:11:07";"2025-12-13 03:44:46";93.5714;767.1429;1;28;"2025-01-21 09:11:07";"2025-12-13 03:44:46";17;0
"user_2894";21;20;"2025-03-09 05:25:07";"2025-12-05 06:15:39";90.9524;770.6667;2;21;"2025-03-09 05:25:07";"2025-12-05 06:15:39";25;1
"user_2895";109;94;"2025-01-29 15:32:47";"2025-12-29 01:45:45";88.1101;711.1651;2;109;"2025-01-29 15:32:47";"2025-12-29 01:45:45";1;0
"user_2896";11;11;"2025-02-15 03:36:13";"2025-12-10 22:05:30";86.0909;713.6364;1;11;"2025-02-15 03:36:13";"2025-12-10 22:05:30";20;0
"user_2897";49;45;"2025-02-08 20:23:35";"2025-12-15 07:09:28";88.9388;712.0612;1;49;"2025-02-08 20:23:35";"2025-12-15 07:09:28";15;0
"user_2898";87;68;"2025-01-02 07:40:36";"2025-10-05 15:54:09";86.7241;700.9885;1;87;"2025-01-02 07:40:36";"2025-10-05 15:54:09";86;1
"user_2899";54;49;"2025-01-19 22:58:41";"2025-12-24 03:24:34";91.2037;746.1481;2;54;"2025-01-19 22:58:41";"2025-12-24 03:24:34";6;0
"user_29";51;47;"2025-01-06 06:54:03";"2025-12-15 06:15:36";95.451;769.1176;1;51;"2025-01-06 06:54:03";"2025-12-15 06:15:36";15;0
"user_290";36;36;"2025-02-09 03:03:58";"2025-11-23 03:10:58";88.5833;724.7222;2;36;"2025-02-09 03:03:58";"2025-11-23 03:10:58";37;1
"user_2900";71;64;"2025-01-06 10:48:48";"2025-08-19 23:41:01";90.0282;734.5634;1;71;"2025-01-06 10:48:48";"2025-08-19 23:41:01";133;1
"user_2901";84;69;"2025-03-03 23:37:38";"2025-09-30 20:14:10";95.2381;780.881;2;84;"2025-03-03 23:37:38";"2025-09-30 20:14:10";91;1
"user_2902";27;25;"2025-01-08 06:18:50";"2025-12-26 04:53:45";92.037;749.7778;1;27;"2025-01-08 06:18:50";"2025-12-26 04:53:45";4;0
"user_2903";66;56;"2025-02-19 16:56:37";"2025-09-06 10:07:38";89.0909;709.5606;1;66;"2025-02-19 16:56:37";"2025-09-06 10:07:38";115;1
"user_2904";39;38;"2025-02-27 10:49:31";"2025-12-17 18:29:04";89.7692;719.6667;1;39;"2025-02-27 10:49:31";"2025-12-17 18:29:04";13;0
"user_2905";46;46;"2025-02-23 08:51:42";"2025-12-28 03:07:52";84.1522;685.0435;2;46;"2025-02-23 08:51:42";"2025-12-28 03:07:52";2;0
"user_2906";69;60;"2025-02-01 01:39:00";"2025-08-09 13:31:26";92.3333;738.2754;2;69;"2025-02-01 01:39:00";"2025-08-09 13:31:26";143;1
"user_2907";14;13;"2025-03-29 14:02:03";"2025-12-25 00:37:58";87.0714;703.6429;2;14;"2025-03-29 14:02:03";"2025-12-25 00:37:58";5;0
"user_2908";123;104;"2025-01-09 01:39:08";"2025-12-24 00:17:46";89.2358;711.9756;1;123;"2025-01-09 01:39:08";"2025-12-24 00:17:46";6;0
"user_2909";50;48;"2025-01-14 07:27:08";"2025-12-13 10:56:29";88.12;692.48;1;50;"2025-01-14 07:27:08";"2025-12-13 10:56:29";17;0
"user_291";66;57;"2025-02-05 14:39:03";"2025-08-18 09:18:46";90.803;732.4242;2;66;"2025-02-05 14:39:03";"2025-08-18 09:18:46";134;1
"user_2910";43;41;"2025-01-27 07:49:05";"2025-12-27 01:53:50";91.3023;745.6279;2;43;"2025-01-27 07:49:05";"2025-12-27 01:53:50";3;0
"user_2911";75;60;"2025-02-03 22:52:16";"2025-10-31 10:32:36";87.32;681.5867;2;75;"2025-02-03 22:52:16";"2025-10-31 10:32:36";60;1
"user_2912";65;58;"2025-01-02 08:12:48";"2025-07-24 12:53:47";88.9385;726.0923;1;65;"2025-01-02 08:12:48";"2025-07-24 12:53:47";159;1
"user_2913";26;25;"2025-02-25 16:38:18";"2025-11-22 11:29:12";102.0769;804.0385;1;26;"2025-02-25 16:38:18";"2025-11-22 11:29:12";38;1
"user_2914";21;21;"2025-02-02 16:27:41";"2025-12-20 01:32:08";94.9524;776.0952;2;21;"2025-02-02 16:27:41";"2025-12-20 01:32:08";10;0
"user_2915";80;69;"2025-01-18 17:58:05";"2025-09-12 07:46:15";90.125;734.325;2;80;"2025-01-18 17:58:05";"2025-09-12 07:46:15";109;1
"user_2916";25;23;"2025-02-19 13:25:14";"2025-12-28 17:52:18";84.4;673.04;1;25;"2025-02-19 13:25:14";"2025-12-28 17:52:18";2;0
"user_2917";22;22;"2025-02-04 17:00:01";"2025-12-26 01:36:27";85.1818;707.5909;1;22;"2025-02-04 17:00:01";"2025-12-26 01:36:27";4;0
"user_2918";27;27;"2025-02-01 13:56:20";"2025-12-07 00:11:12";94.5185;727.3704;2;27;"2025-02-01 13:56:20";"2025-12-07 00:11:12";23;1
"user_2919";51;48;"2025-02-04 15:03:56";"2025-12-23 08:17:53";85.2157;670.1961;2;51;"2025-02-04 15:03:56";"2025-12-23 08:17:53";7;0
"user_292";71;64;"2025-01-17 09:19:42";"2025-09-05 12:46:15";91.1831;720.8028;1;71;"2025-01-17 09:19:42";"2025-09-05 12:46:15";116;1
"user_2920";53;49;"2025-01-07 16:46:37";"2025-12-27 06:52:05";89.2453;707.1321;2;53;"2025-01-07 16:46:37";"2025-12-27 06:52:05";3;0
"user_2921";49;44;"2025-01-18 13:21:16";"2025-12-30 23:13:49";93.2041;755.6939;2;49;"2025-01-18 13:21:16";"2025-12-30 23:13:49";0;0
"user_2922";23;23;"2025-02-12 21:38:10";"2025-12-14 05:42:16";95.9565;728.5652;2;23;"2025-02-12 21:38:10";"2025-12-14 05:42:16";16;0
"user_2923";24;24;"2025-01-22 12:17:35";"2025-12-06 05:43:42";87.625;678.5;1;24;"2025-01-22 12:17:35";"2025-12-06 05:43:42";24;1
"user_2924";114;98;"2025-01-12 01:11:39";"2025-12-01 01:15:30";88.2105;711.0877;2;114;"2025-01-12 01:11:39";"2025-12-01 01:15:30";29;1
"user_2925";42;38;"2025-03-12 13:20:49";"2025-12-22 17:01:01";92.3571;744.619;2;42;"2025-03-12 13:20:49";"2025-12-22 17:01:01";8;0
"user_2926";17;17;"2025-01-08 23:15:48";"2025-12-16 22:01:37";88.4118;751.9412;2;17;"2025-01-08 23:15:48";"2025-12-16 22:01:37";14;0
"user_2927";18;17;"2025-01-22 10:52:56";"2025-11-04 16:06:24";84.1667;678.7222;2;18;"2025-01-22 10:52:56";"2025-11-04 16:06:24";56;1
"user_2928";11;11;"2025-02-15 07:29:59";"2025-12-11 23:15:44";89.7273;693.6364;1;11;"2025-02-15 07:29:59";"2025-12-11 23:15:44";19;0
"user_2929";24;22;"2025-01-20 01:26:04";"2025-11-28 04:08:54";88.5417;699.375;1;24;"2025-01-20 01:26:04";"2025-11-28 04:08:54";32;1
"user_293";24;23;"2025-02-22 21:01:04";"2025-12-28 22:54:50";87.8333;690.7083;2;24;"2025-02-22 21:01:04";"2025-12-28 22:54:50";2;0
"user_2930";40;39;"2025-02-05 04:05:08";"2025-12-22 07:51:00";86.7;737.175;1;40;"2025-02-05 04:05:08";"2025-12-22 07:51:00";8;0
"user_2931";56;52;"2025-01-28 03:21:55";"2025-12-30 23:22:07";88.6607;703.75;1;56;"2025-01-28 03:21:55";"2025-12-30 23:22:07";0;0
"user_2932";35;34;"2025-01-18 05:48:17";"2025-12-26 18:49:15";92.7143;723.1143;1;35;"2025-01-18 05:48:17";"2025-12-26 18:49:15";4;0
"user_2933";97;84;"2025-02-26 08:44:46";"2025-12-26 06:28:01";86.8454;705.0515;2;97;"2025-02-26 08:44:46";"2025-12-26 06:28:01";4;0
"user_2934";41;37;"2025-02-15 12:38:56";"2025-12-26 12:20:37";86.4634;717.0;2;41;"2025-02-15 12:38:56";"2025-12-26 12:20:37";4;0
"user_2935";25;24;"2025-02-01 23:32:20";"2025-11-20 14:28:56";86.56;698.84;2;25;"2025-02-01 23:32:20";"2025-11-20 14:28:56";40;1
"user_2936";110;92;"2025-02-06 13:11:37";"2025-12-08 17:06:41";87.7727;701.9182;1;110;"2025-02-06 13:11:37";"2025-12-08 17:06:41";22;1
"user_2937";20;18;"2025-02-20 14:12:28";"2025-12-05 10:51:33";87.0;698.1;1;20;"2025-02-20 14:12:28";"2025-12-05 10:51:33";25;1
"user_2938";46;44;"2025-01-29 07:41:17";"2025-12-26 04:41:25";92.0435;736.2609;2;46;"2025-01-29 07:41:17";"2025-12-26 04:41:25";4;0
"user_2939";20;20;"2025-02-23 08:01:22";"2025-12-23 20:37:42";84.8;682.25;1;20;"2025-02-23 08:01:22";"2025-12-23 20:37:42";7;0
"user_294";38;35;"2025-02-28 07:30:54";"2025-12-30 13:26:50";87.9474;709.7105;1;38;"2025-02-28 07:30:54";"2025-12-30 13:26:50";0;0
"user_2940";66;57;"2025-01-18 17:54:46";"2025-08-12 03:49:39";91.9091;735.803;1;66;"2025-01-18 17:54:46";"2025-08-12 03:49:39";140;1
"user_2941";71;57;"2025-01-28 07:50:26";"2025-08-05 18:30:00";89.9296;728.0;2;71;"2025-01-28 07:50:26";"2025-08-05 18:30:00";147;1
"user_2942";39;34;"2025-01-31 05:13:47";"2025-12-08 15:39:54";90.359;709.7436;2;39;"2025-01-31 05:13:47";"2025-12-08 15:39:54";22;1
"user_2943";64;56;"2025-01-02 11:48:02";"2025-07-28 00:56:04";88.9219;730.875;2;64;"2025-01-02 11:48:02";"2025-07-28 00:56:04";155;1
"user_2944";19;19;"2025-03-01 23:35:03";"2025-12-24 08:33:38";86.2632;684.6842;2;19;"2025-03-01 23:35:03";"2025-12-24 08:33:38";6;0
"user_2945";18;17;"2025-02-12 21:21:55";"2025-12-01 09:01:34";86.5;725.3333;1;18;"2025-02-12 21:21:55";"2025-12-01 09:01:34";29;1
"user_2946";64;57;"2025-01-06 13:34:25";"2025-07-04 07:58:10";86.5781;692.8281;2;64;"2025-01-06 13:34:25";"2025-07-04 07:58:10";179;1
"user_2947";70;68;"2025-01-17 09:25:10";"2025-12-29 13:23:45";87.4714;699.0714;1;70;"2025-01-17 09:25:10";"2025-12-29 13:23:45";1;0
"user_2948";45;39;"2025-02-05 07:29:00";"2025-12-29 23:32:32";92.1556;707.3778;2;45;"2025-02-05 07:29:00";"2025-12-29 23:32:32";1;0
"user_2949";54;51;"2025-01-06 00:27:56";"2025-12-23 15:58:24";86.7222;685.8889;2;54;"2025-01-06 00:27:56";"2025-12-23 15:58:24";7;0
"user_295";71;58;"2025-01-22 01:45:02";"2025-08-01 08:35:59";94.4225;750.7606;2;71;"2025-01-22 01:45:02";"2025-08-01 08:35:59";151;1
"user_2950";15;14;"2025-03-04 22:21:38";"2025-12-09 04:51:10";86.4;675.0;2;15;"2025-03-04 22:21:38";"2025-12-09 04:51:10";21;0
"user_2951";27;27;"2025-01-22 15:10:11";"2025-12-26 02:18:46";91.1481;745.0;1;27;"2025-01-22 15:10:11";"2025-12-26 02:18:46";4;0
"user_2952";22;22;"2025-01-21 14:26:28";"2025-12-04 00:53:17";89.9545;716.3182;2;22;"2025-01-21 14:26:28";"2025-12-04 00:53:17";26;1
"user_2953";21;21;"2025-03-09 13:15:22";"2025-12-23 21:51:55";83.1429;688.9048;2;21;"2025-03-09 13:15:22";"2025-12-23 21:51:55";7;0
"user_2954";59;57;"2025-02-22 11:50:04";"2025-12-28 20:22:38";87.6102;717.4068;1;59;"2025-02-22 11:50:04";"2025-12-28 20:22:38";2;0
"user_2955";9;9;"2025-02-24 21:43:10";"2025-10-21 11:45:30";86.6667;698.0;2;9;"2025-02-24 21:43:10";"2025-10-21 11:45:30";70;1
"user_2956";38;36;"2025-01-26 20:42:46";"2025-11-28 10:22:16";89.4737;744.1053;1;38;"2025-01-26 20:42:46";"2025-11-28 10:22:16";32;1
"user_2957";27;27;"2025-02-07 05:33:02";"2025-12-29 02:03:12";82.4815;634.4815;1;27;"2025-02-07 05:33:02";"2025-12-29 02:03:12";1;0
"user_2958";12;12;"2025-03-17 06:37:19";"2025-12-19 08:32:42";88.5;767.5833;1;12;"2025-03-17 06:37:19";"2025-12-19 08:32:42";11;0
"user_2959";64;53;"2025-02-08 12:40:05";"2025-07-25 17:42:43";96.6406;786.4375;1;64;"2025-02-08 12:40:05";"2025-07-25 17:42:43";158;1
"user_296";49;47;"2025-01-10 22:13:53";"2025-12-25 01:34:07";87.0204;698.898;1;49;"2025-01-10 22:13:53";"2025-12-25 01:34:07";5;0
"user_2960";31;31;"2025-01-29 15:45:18";"2025-12-30 16:55:42";92.5161;708.3871;2;31;"2025-01-29 15:45:18";"2025-12-30 16:55:42";0;0
"user_2961";64;52;"2025-02-06 00:29:28";"2025-08-04 13:23:14";91.5313;750.9688;1;64;"2025-02-06 00:29:28";"2025-08-04 13:23:14";148;1
"user_2962";45;42;"2025-01-30 04:07:33";"2025-12-30 21:16:48";89.9556;723.4444;1;45;"2025-01-30 04:07:33";"2025-12-30 21:16:48";0;0
"user_2963";41;40;"2025-03-03 13:31:17";"2025-12-23 10:49:37";87.4146;701.9756;2;41;"2025-03-03 13:31:17";"2025-12-23 10:49:37";7;0
"user_2964";19;19;"2025-02-21 10:52:31";"2025-12-19 18:46:03";89.3684;708.7895;1;19;"2025-02-21 10:52:31";"2025-12-19 18:46:03";11;0
"user_2965";11;10;"2025-01-23 17:24:04";"2025-11-06 12:25:36";83.0;674.8182;2;11;"2025-01-23 17:24:04";"2025-11-06 12:25:36";54;1
"user_2966";30;30;"2025-02-01 09:10:58";"2025-12-28 16:37:00";91.5;725.7667;1;30;"2025-02-01 09:10:58";"2025-12-28 16:37:00";2;0
"user_2967";24;23;"2025-02-16 19:40:54";"2025-12-24 14:02:56";93.625;782.0833;1;24;"2025-02-16 19:40:54";"2025-12-24 14:02:56";6;0
"user_2968";50;49;"2025-01-17 02:20:11";"2025-12-27 15:08:39";92.18;768.72;1;50;"2025-01-17 02:20:11";"2025-12-27 15:08:39";3;0
"user_2969";19;19;"2025-02-22 23:31:49";"2025-12-12 01:33:31";92.0526;728.7368;1;19;"2025-02-22 23:31:49";"2025-12-12 01:33:31";18;0
"user_297";16;16;"2025-02-09 07:51:46";"2025-12-23 17:11:30";96.8125;790.4375;2;16;"2025-02-09 07:51:46";"2025-12-23 17:11:30";7;0
"user_2970";42;41;"2025-01-17 05:18:30";"2025-12-30 15:37:30";91.6429;768.6905;1;42;"2025-01-17 05:18:30";"2025-12-30 15:37:30";0;0
"user_2971";50;48;"2025-02-27 09:04:53";"2025-12-22 11:26:46";92.6;730.56;2;50;"2025-02-27 09:04:53";"2025-12-22 11:26:46";8;0
"user_2972";97;82;"2025-01-20 17:12:40";"2025-11-23 02:29:57";88.0412;698.2784;1;97;"2025-01-20 17:12:40";"2025-11-23 02:29:57";37;1
"user_2973";27;27;"2025-02-03 16:04:56";"2025-12-16 04:00:06";94.3333;747.5926;2;27;"2025-02-03 16:04:56";"2025-12-16 04:00:06";14;0
"user_2974";19;19;"2025-02-16 20:36:32";"2025-12-06 13:55:41";83.8947;720.6316;1;19;"2025-02-16 20:36:32";"2025-12-06 13:55:41";24;1
"user_2975";57;51;"2025-01-11 09:40:31";"2025-12-29 18:14:29";88.1754;722.1053;2;57;"2025-01-11 09:40:31";"2025-12-29 18:14:29";1;0
"user_2976";88;75;"2025-01-26 16:45:00";"2025-11-08 18:10:22";90.0341;704.5114;2;88;"2025-01-26 16:45:00";"2025-11-08 18:10:22";52;1
"user_2977";20;20;"2025-01-13 13:33:53";"2025-12-27 23:48:42";94.85;734.85;1;20;"2025-01-13 13:33:53";"2025-12-27 23:48:42";3;0
"user_2978";102;83;"2025-01-29 08:38:07";"2025-10-20 00:31:36";88.1765;706.2255;1;102;"2025-01-29 08:38:07";"2025-10-20 00:31:36";71;1
"user_2979";20;20;"2025-02-04 16:57:51";"2025-12-03 15:51:29";87.35;734.25;1;20;"2025-02-04 16:57:51";"2025-12-03 15:51:29";27;1
"user_298";71;62;"2025-01-05 06:39:40";"2025-07-12 11:42:42";83.5915;672.7042;1;71;"2025-01-05 06:39:40";"2025-07-12 11:42:42";171;1
"user_2980";14;14;"2025-02-12 14:54:57";"2025-12-23 13:25:33";84.4286;717.5714;2;14;"2025-02-12 14:54:57";"2025-12-23 13:25:33";7;0
"user_2981";61;56;"2025-01-03 22:26:28";"2025-12-27 02:34:49";82.541;664.1639;2;61;"2025-01-03 22:26:28";"2025-12-27 02:34:49";3;0
"user_2982";111;100;"2025-01-15 19:32:38";"2025-11-25 14:49:05";92.4505;729.2973;1;111;"2025-01-15 19:32:38";"2025-11-25 14:49:05";35;1
"user_2983";27;27;"2025-01-22 14:43:55";"2025-12-22 12:09:21";85.7037;689.7407;2;27;"2025-01-22 14:43:55";"2025-12-22 12:09:21";8;0
"user_2984";26;25;"2025-03-17 14:11:04";"2025-12-23 16:57:45";89.0769;703.1923;1;26;"2025-03-17 14:11:04";"2025-12-23 16:57:45";7;0
"user_2985";71;68;"2025-01-15 11:28:19";"2025-12-29 04:26:17";89.6338;725.2676;2;71;"2025-01-15 11:28:19";"2025-12-29 04:26:17";1;0
"user_2986";11;11;"2025-02-08 07:57:54";"2025-09-08 23:38:44";88.2727;688.0909;2;11;"2025-02-08 07:57:54";"2025-09-08 23:38:44";113;1
"user_2987";79;67;"2025-01-22 18:59:21";"2025-09-28 06:09:46";91.2911;732.6203;1;79;"2025-01-22 18:59:21";"2025-09-28 06:09:46";93;1
"user_2988";36;32;"2025-03-06 03:42:14";"2025-12-02 23:23:34";91.9167;700.9722;2;36;"2025-03-06 03:42:14";"2025-12-02 23:23:34";28;1
"user_2989";24;24;"2025-03-07 15:27:47";"2025-12-15 16:30:10";87.0417;677.375;2;24;"2025-03-07 15:27:47";"2025-12-15 16:30:10";15;0
"user_299";52;49;"2025-01-21 03:32:40";"2025-12-26 16:45:35";94.4808;725.6538;2;52;"2025-01-21 03:32:40";"2025-12-26 16:45:35";4;0
"user_2990";20;19;"2025-02-01 14:57:28";"2025-12-23 06:47:22";93.85;710.6;1;20;"2025-02-01 14:57:28";"2025-12-23 06:47:22";7;0
"user_2991";134;113;"2025-01-21 02:09:34";"2025-12-26 23:10:49";87.5075;693.3731;2;134;"2025-01-21 02:09:34";"2025-12-26 23:10:49";4;0
"user_2992";23;22;"2025-02-02 14:22:32";"2025-12-28 21:21:08";92.5652;742.6087;2;23;"2025-02-02 14:22:32";"2025-12-28 21:21:08";2;0
"user_2993";63;58;"2025-01-08 15:26:11";"2025-12-29 15:32:05";88.9683;724.9048;2;63;"2025-01-08 15:26:11";"2025-12-29 15:32:05";1;0
"user_2994";57;50;"2025-01-26 07:16:12";"2025-12-29 10:31:15";87.0702;700.3509;2;57;"2025-01-26 07:16:12";"2025-12-29 10:31:15";1;0
"user_2995";101;86;"2025-01-18 13:51:07";"2025-12-06 19:32:29";91.2475;729.1683;1;101;"2025-01-18 13:51:07";"2025-12-06 19:32:29";24;1
"user_2996";23;23;"2025-02-03 04:43:42";"2025-12-17 12:47:55";96.4783;777.913;2;23;"2025-02-03 04:43:42";"2025-12-17 12:47:55";13;0
"user_2997";104;86;"2025-03-02 01:45:56";"2025-12-27 04:37:42";89.7981;717.4712;1;104;"2025-03-02 01:45:56";"2025-12-27 04:37:42";3;0
"user_2998";54;49;"2025-01-16 03:34:11";"2025-12-24 21:36:38";89.2593;723.963;2;54;"2025-01-16 03:34:11";"2025-12-24 21:36:38";6;0
"user_2999";99;88;"2025-01-28 16:12:51";"2025-12-30 20:54:19";88.9697;727.9697;1;99;"2025-01-28 16:12:51";"2025-12-30 20:54:19";0;0
"user_3";30;28;"2025-01-11 12:09:42";"2025-12-29 20:08:08";84.0333;672.0667;2;30;"2025-01-11 12:09:42";"2025-12-29 20:08:08";1;0
"user_30";77;65;"2025-01-19 06:40:15";"2025-10-08 08:19:04";87.2597;698.5584;1;77;"2025-01-19 06:40:15";"2025-10-08 08:19:04";83;1
"user_300";115;93;"2025-02-21 04:15:02";"2025-12-24 03:24:08";86.487;690.6261;2;115;"2025-02-21 04:15:02";"2025-12-24 03:24:08";6;0
"user_3000";24;22;"2025-01-10 03:46:10";"2025-12-21 12:41:45";89.5833;741.7917;2;24;"2025-01-10 03:46:10";"2025-12-21 12:41:45";9;0
"user_3001";16;16;"2025-02-16 06:21:02";"2025-12-08 01:34:44";87.5;732.0;2;16;"2025-02-16 06:21:02";"2025-12-08 01:34:44";22;1
"user_3002";33;31;"2025-02-23 05:06:52";"2025-12-19 10:37:29";90.3939;762.9394;1;33;"2025-02-23 05:06:52";"2025-12-19 10:37:29";11;0
"user_3003";64;51;"2025-02-22 01:03:47";"2025-08-01 19:56:38";89.9375;713.1719;1;64;"2025-02-22 01:03:47";"2025-08-01 19:56:38";151;1
"user_3004";42;40;"2025-02-02 04:32:03";"2025-12-12 06:47:59";88.881;717.5238;1;42;"2025-02-02 04:32:03";"2025-12-12 06:47:59";18;0
"user_3005";51;48;"2025-02-04 07:19:24";"2025-12-28 09:14:08";89.1961;710.7059;1;51;"2025-02-04 07:19:24";"2025-12-28 09:14:08";2;0
"user_3006";25;25;"2025-02-22 03:06:43";"2025-12-25 12:18:37";91.48;714.68;1;25;"2025-02-22 03:06:43";"2025-12-25 12:18:37";5;0
"user_3007";10;10;"2025-02-05 22:44:27";"2025-12-07 22:40:59";100.9;808.4;1;10;"2025-02-05 22:44:27";"2025-12-07 22:40:59";23;1
"user_3008";84;67;"2025-01-13 23:56:21";"2025-10-10 11:20:33";88.5833;736.0595;1;84;"2025-01-13 23:56:21";"2025-10-10 11:20:33";81;1
"user_3009";30;30;"2025-02-16 20:10:53";"2025-12-30 11:36:52";88.9333;717.4333;2;30;"2025-02-16 20:10:53";"2025-12-30 11:36:52";0;0
"user_301";83;67;"2025-01-28 23:21:02";"2025-10-03 17:16:35";86.7108;707.3012;2;83;"2025-01-28 23:21:02";"2025-10-03 17:16:35";88;1
"user_3010";62;52;"2025-02-14 03:02:29";"2025-07-23 15:35:37";89.4194;728.3226;1;62;"2025-02-14 03:02:29";"2025-07-23 15:35:37";160;1
"user_3011";50;46;"2025-02-05 19:14:18";"2025-12-25 16:47:22";90.14;712.64;2;50;"2025-02-05 19:14:18";"2025-12-25 16:47:22";5;0
"user_3012";100;91;"2025-02-12 00:36:24";"2025-12-27 18:50:59";88.9;708.55;2;100;"2025-02-12 00:36:24";"2025-12-27 18:50:59";3;0
"user_3013";58;55;"2025-01-29 21:34:22";"2025-12-27 13:28:06";94.2586;738.9655;1;58;"2025-01-29 21:34:22";"2025-12-27 13:28:06";3;0
"user_3014";29;28;"2025-02-20 01:55:17";"2025-12-16 20:39:43";89.931;715.3793;2;29;"2025-02-20 01:55:17";"2025-12-16 20:39:43";14;0
"user_3015";32;31;"2025-02-18 04:43:40";"2025-12-23 17:40:10";85.75;696.9063;2;32;"2025-02-18 04:43:40";"2025-12-23 17:40:10";7;0
"user_3016";36;35;"2025-01-24 16:07:34";"2025-12-28 12:12:04";89.5833;685.4444;2;36;"2025-01-24 16:07:34";"2025-12-28 12:12:04";2;0
"user_3017";25;24;"2025-03-09 23:10:00";"2025-12-12 11:03:50";89.76;668.56;2;25;"2025-03-09 23:10:00";"2025-12-12 11:03:50";18;0
"user_3018";47;44;"2025-01-28 08:39:26";"2025-12-25 17:27:44";90.0213;712.766;2;47;"2025-01-28 08:39:26";"2025-12-25 17:27:44";5;0
"user_3019";95;79;"2025-01-20 21:30:08";"2025-11-02 01:32:36";89.8211;730.0;2;95;"2025-01-20 21:30:08";"2025-11-02 01:32:36";58;1
"user_302";62;59;"2025-02-07 10:50:23";"2025-12-26 22:31:32";91.4516;732.4677;2;62;"2025-02-07 10:50:23";"2025-12-26 22:31:32";4;0
"user_3020";20;20;"2025-01-13 04:23:51";"2025-12-27 10:56:50";81.5;653.6;1;20;"2025-01-13 04:23:51";"2025-12-27 10:56:50";3;0
"user_3021";68;54;"2025-02-26 06:07:17";"2025-08-27 16:38:11";88.8088;713.2353;1;68;"2025-02-26 06:07:17";"2025-08-27 16:38:11";125;1
"user_3022";42;39;"2025-03-17 22:59:14";"2025-12-24 02:54:38";94.381;757.3571;2;42;"2025-03-17 22:59:14";"2025-12-24 02:54:38";6;0
"user_3023";25;24;"2025-03-04 03:57:36";"2025-12-01 01:37:02";87.8;716.36;2;25;"2025-03-04 03:57:36";"2025-12-01 01:37:02";29;1
"user_3024";53;51;"2025-01-10 00:48:01";"2025-11-30 13:47:47";90.5849;724.6604;1;53;"2025-01-10 00:48:01";"2025-11-30 13:47:47";30;1
"user_3025";84;68;"2025-01-11 10:47:01";"2025-09-05 00:43:56";89.0357;704.8929;1;84;"2025-01-11 10:47:01";"2025-09-05 00:43:56";116;1
"user_3026";39;36;"2025-02-13 23:10:39";"2025-12-18 11:15:26";86.8718;699.8718;1;39;"2025-02-13 23:10:39";"2025-12-18 11:15:26";12;0
"user_3027";11;11;"2025-03-10 08:55:17";"2025-12-15 13:02:09";90.4545;687.7273;1;11;"2025-03-10 08:55:17";"2025-12-15 13:02:09";15;0
"user_3028";44;43;"2025-01-11 02:40:37";"2025-12-21 14:21:53";83.8864;649.7727;2;44;"2025-01-11 02:40:37";"2025-12-21 14:21:53";9;0
"user_3029";26;26;"2025-02-18 21:39:57";"2025-12-23 03:04:24";95.2692;747.5;2;26;"2025-02-18 21:39:57";"2025-12-23 03:04:24";7;0
"user_303";58;50;"2025-01-30 13:16:10";"2025-12-17 12:08:03";95.1552;768.431;1;58;"2025-01-30 13:16:10";"2025-12-17 12:08:03";13;0
"user_3030";52;49;"2025-02-11 02:12:13";"2025-12-24 22:07:11";90.1538;738.0962;2;52;"2025-02-11 02:12:13";"2025-12-24 22:07:11";6;0
"user_3031";65;58;"2025-01-14 05:26:15";"2025-08-14 15:03:00";88.5692;698.5385;2;65;"2025-01-14 05:26:15";"2025-08-14 15:03:00";138;1
"user_3032";41;38;"2025-02-18 05:19:27";"2025-12-28 18:19:48";91.561;723.439;1;41;"2025-02-18 05:19:27";"2025-12-28 18:19:48";2;0
"user_3033";14;13;"2025-03-22 08:06:31";"2025-12-26 02:09:13";77.0714;616.4286;1;14;"2025-03-22 08:06:31";"2025-12-26 02:09:13";4;0
"user_3034";86;73;"2025-01-24 01:56:18";"2025-10-14 12:41:59";90.3023;718.9884;2;86;"2025-01-24 01:56:18";"2025-10-14 12:41:59";77;1
"user_3035";108;89;"2025-02-04 13:01:43";"2025-12-02 23:11:58";89.5556;725.4444;2;108;"2025-02-04 13:01:43";"2025-12-02 23:11:58";28;1
"user_3036";76;64;"2025-03-03 08:02:06";"2025-09-18 01:25:51";89.4868;700.4737;2;76;"2025-03-03 08:02:06";"2025-09-18 01:25:51";103;1
"user_3037";57;53;"2025-03-02 19:14:04";"2025-12-28 23:05:37";90.8947;723.6316;2;57;"2025-03-02 19:14:04";"2025-12-28 23:05:37";2;0
"user_3038";18;18;"2025-04-03 09:17:18";"2025-12-23 21:41:41";82.5556;653.8889;1;18;"2025-04-03 09:17:18";"2025-12-23 21:41:41";7;0
"user_3039";114;97;"2025-02-06 07:34:01";"2025-12-24 02:37:54";86.1491;688.2018;1;114;"2025-02-06 07:34:01";"2025-12-24 02:37:54";6;0
"user_304";58;56;"2025-02-08 19:38:22";"2025-12-23 23:06:59";87.8793;713.1552;2;58;"2025-02-08 19:38:22";"2025-12-23 23:06:59";7;0
"user_3040";47;44;"2025-01-06 00:18:12";"2025-12-10 16:18:09";86.3191;693.2553;1;47;"2025-01-06 00:18:12";"2025-12-10 16:18:09";20;0
"user_3041";60;54;"2025-01-01 07:49:45";"2025-07-12 03:47:34";88.5833;708.6167;2;60;"2025-01-01 07:49:45";"2025-07-12 03:47:34";171;1
"user_3042";12;12;"2025-01-08 10:42:31";"2025-11-25 11:32:47";98.4167;735.5833;2;12;"2025-01-08 10:42:31";"2025-11-25 11:32:47";35;1
"user_3043";78;67;"2025-02-21 10:47:16";"2025-10-16 03:58:55";88.6538;712.859;1;78;"2025-02-21 10:47:16";"2025-10-16 03:58:55";75;1
"user_3044";62;56;"2025-01-29 04:54:24";"2025-12-15 10:54:06";88.8065;713.1452;1;62;"2025-01-29 04:54:24";"2025-12-15 10:54:06";15;0
"user_3045";16;16;"2025-02-12 15:30:56";"2025-12-12 12:21:35";81.875;684.875;2;16;"2025-02-12 15:30:56";"2025-12-12 12:21:35";18;0
"user_3046";18;17;"2025-02-26 09:43:50";"2025-12-10 13:14:07";91.5;786.0;2;18;"2025-02-26 09:43:50";"2025-12-10 13:14:07";20;0
"user_3047";53;48;"2025-02-01 23:19:05";"2025-12-17 14:40:32";93.9623;731.1132;1;53;"2025-02-01 23:19:05";"2025-12-17 14:40:32";13;0
"user_3048";52;50;"2025-01-20 17:16:40";"2025-12-30 14:29:39";87.5577;736.8462;1;52;"2025-01-20 17:16:40";"2025-12-30 14:29:39";0;0
"user_3049";48;47;"2025-02-19 04:29:55";"2025-12-20 08:21:11";88.7083;703.8958;1;48;"2025-02-19 04:29:55";"2025-12-20 08:21:11";10;0
"user_305";26;26;"2025-01-30 20:00:44";"2025-12-16 16:29:53";80.1538;656.3077;1;26;"2025-01-30 20:00:44";"2025-12-16 16:29:53";14;0
"user_3050";78;71;"2025-01-08 08:11:03";"2025-09-05 17:35:02";88.2308;699.6795;1;78;"2025-01-08 08:11:03";"2025-09-05 17:35:02";116;1
"user_3051";70;62;"2025-02-23 00:46:02";"2025-10-20 02:54:25";88.0429;713.5857;2;70;"2025-02-23 00:46:02";"2025-10-20 02:54:25";71;1
"user_3052";45;42;"2025-01-29 23:21:08";"2025-12-30 01:14:53";90.7111;732.4667;2;45;"2025-01-29 23:21:08";"2025-12-30 01:14:53";0;0
"user_3053";65;53;"2025-02-21 11:15:11";"2025-08-06 12:16:24";91.3692;728.0615;2;65;"2025-02-21 11:15:11";"2025-08-06 12:16:24";146;1
"user_3054";108;96;"2025-02-09 19:40:30";"2025-12-30 06:30:14";88.4815;692.6296;1;108;"2025-02-09 19:40:30";"2025-12-30 06:30:14";0;0
"user_3055";22;21;"2025-02-02 03:29:32";"2025-12-28 19:01:15";92.9545;711.7273;2;22;"2025-02-02 03:29:32";"2025-12-28 19:01:15";2;0
"user_3056";12;12;"2025-03-20 14:13:47";"2025-12-22 03:24:42";97.3333;790.8333;2;12;"2025-03-20 14:13:47";"2025-12-22 03:24:42";8;0
"user_3057";46;44;"2025-02-07 12:52:46";"2025-12-25 17:55:01";82.9348;673.7826;2;46;"2025-02-07 12:52:46";"2025-12-25 17:55:01";5;0
"user_3058";88;73;"2025-02-11 07:18:06";"2025-11-12 10:26:24";89.125;698.0227;2;88;"2025-02-11 07:18:06";"2025-11-12 10:26:24";48;1
"user_3059";74;60;"2025-01-01 03:52:57";"2025-08-01 06:10:24";91.0135;743.5811;2;74;"2025-01-01 03:52:57";"2025-08-01 06:10:24";151;1
"user_306";16;16;"2025-03-30 21:39:38";"2025-12-28 15:36:28";84.375;693.25;1;16;"2025-03-30 21:39:38";"2025-12-28 15:36:28";2;0
"user_3060";21;20;"2025-04-08 14:57:42";"2025-12-24 05:24:29";82.8571;645.619;1;21;"2025-04-08 14:57:42";"2025-12-24 05:24:29";6;0
"user_3061";87;69;"2025-02-18 05:42:40";"2025-12-10 15:35:18";92.8391;732.2414;1;87;"2025-02-18 05:42:40";"2025-12-10 15:35:18";20;0
"user_3062";66;55;"2025-02-05 08:53:58";"2025-08-21 13:09:04";88.6818;723.0758;1;66;"2025-02-05 08:53:58";"2025-08-21 13:09:04";131;1
"user_3063";39;37;"2025-03-08 11:47:17";"2025-12-27 10:27:33";91.0;757.4359;1;39;"2025-03-08 11:47:17";"2025-12-27 10:27:33";3;0
"user_3064";60;54;"2025-01-23 07:00:43";"2025-12-02 07:19:53";89.9167;698.3833;1;60;"2025-01-23 07:00:43";"2025-12-02 07:19:53";28;1
"user_3065";43;42;"2025-02-10 15:12:54";"2025-12-20 23:36:54";89.8605;719.814;2;43;"2025-02-10 15:12:54";"2025-12-20 23:36:54";10;0
"user_3066";82;67;"2025-01-12 06:35:41";"2025-09-18 15:10:27";89.0244;724.3293;1;82;"2025-01-12 06:35:41";"2025-09-18 15:10:27";103;1
"user_3067";64;54;"2025-01-12 09:08:39";"2025-08-01 13:14:50";92.9844;734.5;1;64;"2025-01-12 09:08:39";"2025-08-01 13:14:50";151;1
"user_3068";17;16;"2025-02-24 19:05:50";"2025-12-05 23:31:25";83.1765;665.2353;2;17;"2025-02-24 19:05:50";"2025-12-05 23:31:25";25;1
"user_3069";67;57;"2025-02-19 21:19:48";"2025-08-14 13:10:54";95.2687;748.9701;1;67;"2025-02-19 21:19:48";"2025-08-14 13:10:54";138;1
"user_307";36;34;"2025-02-15 03:54:32";"2025-12-22 19:16:30";91.6389;730.8333;1;36;"2025-02-15 03:54:32";"2025-12-22 19:16:30";8;0
"user_3070";26;26;"2025-02-10 19:12:12";"2025-12-05 20:10:26";93.3462;720.3846;2;26;"2025-02-10 19:12:12";"2025-12-05 20:10:26";25;1
"user_3071";21;21;"2025-01-11 16:26:32";"2025-12-26 20:27:15";92.5238;770.0;1;21;"2025-01-11 16:26:32";"2025-12-26 20:27:15";4;0
"user_3072";56;50;"2025-01-12 01:49:37";"2025-12-30 17:23:13";86.0536;708.8393;1;56;"2025-01-12 01:49:37";"2025-12-30 17:23:13";0;0
"user_3073";51;49;"2025-02-08 11:43:27";"2025-12-21 04:28:00";90.3137;731.1961;1;51;"2025-02-08 11:43:27";"2025-12-21 04:28:00";9;0
"user_3074";70;62;"2025-03-05 17:41:24";"2025-11-14 07:31:37";86.2143;695.3143;1;70;"2025-03-05 17:41:24";"2025-11-14 07:31:37";46;1
"user_3075";44;42;"2025-02-03 05:53:19";"2025-12-27 22:34:03";87.0909;670.2955;2;44;"2025-02-03 05:53:19";"2025-12-27 22:34:03";3;0
"user_3076";17;16;"2025-02-02 22:17:57";"2025-11-23 16:44:44";89.5882;734.9412;1;17;"2025-02-02 22:17:57";"2025-11-23 16:44:44";37;1
"user_3077";18;17;"2025-02-07 15:29:44";"2025-12-02 00:07:03";83.5;639.5;1;18;"2025-02-07 15:29:44";"2025-12-02 00:07:03";28;1
"user_3078";72;59;"2025-01-24 22:39:11";"2025-10-03 21:35:45";90.0694;702.5139;2;72;"2025-01-24 22:39:11";"2025-10-03 21:35:45";88;1
"user_3079";63;54;"2025-02-16 13:14:40";"2025-09-14 14:15:45";84.3175;671.9683;2;63;"2025-02-16 13:14:40";"2025-09-14 14:15:45";107;1
"user_308";38;37;"2025-02-25 06:06:23";"2025-12-27 05:12:46";91.1579;761.2895;2;38;"2025-02-25 06:06:23";"2025-12-27 05:12:46";3;0
"user_3080";14;14;"2025-05-05 12:32:08";"2025-12-20 19:20:32";99.9286;793.2143;2;14;"2025-05-05 12:32:08";"2025-12-20 19:20:32";10;0
"user_3081";16;16;"2025-03-25 18:39:23";"2025-11-14 19:08:01";82.6875;645.9375;2;16;"2025-03-25 18:39:23";"2025-11-14 19:08:01";46;1
"user_3082";10;10;"2025-04-17 11:00:34";"2025-12-18 10:50:21";87.7;695.1;2;10;"2025-04-17 11:00:34";"2025-12-18 10:50:21";12;0
"user_3083";78;69;"2025-01-15 05:24:29";"2025-09-08 17:13:02";91.0513;741.0256;1;78;"2025-01-15 05:24:29";"2025-09-08 17:13:02";113;1
"user_3084";36;32;"2025-02-02 14:31:13";"2025-12-27 00:48:21";81.5556;652.9444;2;36;"2025-02-02 14:31:13";"2025-12-27 00:48:21";3;0
"user_3085";28;27;"2025-02-28 18:33:04";"2025-11-19 12:18:01";94.1786;763.6429;1;28;"2025-02-28 18:33:04";"2025-11-19 12:18:01";41;1
"user_3086";26;26;"2025-02-28 23:29:33";"2025-12-27 13:13:20";85.3462;677.8077;2;26;"2025-02-28 23:29:33";"2025-12-27 13:13:20";3;0
"user_3087";51;47;"2025-01-22 08:59:04";"2025-12-26 15:45:46";89.3137;725.1765;2;51;"2025-01-22 08:59:04";"2025-12-26 15:45:46";4;0
"user_3088";100;88;"2025-03-05 22:49:03";"2025-12-05 02:19:07";85.77;680.09;1;100;"2025-03-05 22:49:03";"2025-12-05 02:19:07";25;1
"user_3089";45;40;"2025-01-17 00:34:41";"2025-12-23 15:47:47";87.6889;734.5111;1;45;"2025-01-17 00:34:41";"2025-12-23 15:47:47";7;0
"user_309";17;17;"2025-03-11 22:48:29";"2025-11-10 16:35:25";91.8235;690.3529;1;17;"2025-03-11 22:48:29";"2025-11-10 16:35:25";50;1
"user_3090";101;83;"2025-02-13 10:36:54";"2025-12-24 18:07:24";89.8911;733.9901;2;101;"2025-02-13 10:36:54";"2025-12-24 18:07:24";6;0
"user_3091";54;51;"2025-01-16 06:54:31";"2025-12-19 02:07:43";89.2778;731.6667;1;54;"2025-01-16 06:54:31";"2025-12-19 02:07:43";11;0
"user_3092";14;14;"2025-01-04 07:38:40";"2025-12-28 21:59:18";89.5714;710.2143;1;14;"2025-01-04 07:38:40";"2025-12-28 21:59:18";2;0
"user_3093";48;47;"2025-02-16 10:02:45";"2025-12-15 22:59:41";88.6458;726.8958;1;48;"2025-02-16 10:02:45";"2025-12-15 22:59:41";15;0
"user_3094";15;14;"2025-02-27 20:59:11";"2025-12-24 16:25:11";87.4667;679.8667;1;15;"2025-02-27 20:59:11";"2025-12-24 16:25:11";6;0
"user_3095";108;97;"2025-01-08 04:33:26";"2025-12-30 00:54:07";90.3981;722.2315;2;108;"2025-01-08 04:33:26";"2025-12-30 00:54:07";0;0
"user_3096";26;26;"2025-01-03 11:58:23";"2025-12-23 04:14:15";85.0385;674.4615;2;26;"2025-01-03 11:58:23";"2025-12-23 04:14:15";7;0
"user_3097";14;14;"2025-03-16 18:01:53";"2025-10-27 08:13:33";85.5714;707.1429;2;14;"2025-03-16 18:01:53";"2025-10-27 08:13:33";64;1
"user_3098";86;73;"2025-01-23 07:06:34";"2025-10-20 10:35:52";87.7209;695.9186;2;86;"2025-01-23 07:06:34";"2025-10-20 10:35:52";71;1
"user_3099";78;68;"2025-01-15 14:18:23";"2025-10-22 00:36:41";93.3974;759.3974;2;78;"2025-01-15 14:18:23";"2025-10-22 00:36:41";69;1
"user_31";52;49;"2025-02-22 22:41:37";"2025-12-20 08:25:36";87.0;694.4423;1;52;"2025-02-22 22:41:37";"2025-12-20 08:25:36";10;0
"user_310";62;52;"2025-01-27 12:54:57";"2025-08-03 23:34:27";95.4194;767.0645;1;62;"2025-01-27 12:54:57";"2025-08-03 23:34:27";149;1
"user_3100";38;34;"2025-02-17 16:37:09";"2025-12-24 17:32:09";93.3684;739.6316;2;38;"2025-02-17 16:37:09";"2025-12-24 17:32:09";6;0
"user_3101";96;83;"2025-02-25 15:36:25";"2025-12-27 04:07:17";87.2813;703.2396;1;96;"2025-02-25 15:36:25";"2025-12-27 04:07:17";3;0
"user_3102";32;29;"2025-01-29 02:09:48";"2025-11-20 16:47:48";92.625;736.4688;2;32;"2025-01-29 02:09:48";"2025-11-20 16:47:48";40;1
"user_3103";15;15;"2025-01-20 04:55:19";"2025-11-24 22:01:20";87.5333;745.2;1;15;"2025-01-20 04:55:19";"2025-11-24 22:01:20";36;1
"user_3104";63;58;"2025-03-12 21:36:43";"2025-12-26 17:22:18";90.9048;690.7937;2;63;"2025-03-12 21:36:43";"2025-12-26 17:22:18";4;0
"user_3105";74;61;"2025-02-16 09:55:34";"2025-09-11 02:07:21";88.7027;740.527;2;74;"2025-02-16 09:55:34";"2025-09-11 02:07:21";110;1
"user_3106";39;37;"2025-02-28 07:56:45";"2025-12-21 18:43:42";87.4872;714.7179;1;39;"2025-02-28 07:56:45";"2025-12-21 18:43:42";9;0
"user_3107";22;22;"2025-02-22 22:29:14";"2025-11-26 09:14:49";83.1364;686.0909;2;22;"2025-02-22 22:29:14";"2025-11-26 09:14:49";34;1
"user_3108";62;49;"2025-02-23 13:01:38";"2025-07-29 03:19:06";88.2258;717.8871;2;62;"2025-02-23 13:01:38";"2025-07-29 03:19:06";154;1
"user_3109";46;41;"2025-01-14 11:16:26";"2025-12-28 03:05:32";86.4783;692.5435;2;46;"2025-01-14 11:16:26";"2025-12-28 03:05:32";2;0
"user_311";61;54;"2025-02-17 03:47:13";"2025-12-29 11:10:19";91.3279;725.3934;1;61;"2025-02-17 03:47:13";"2025-12-29 11:10:19";1;0
"user_3110";46;46;"2025-01-25 03:44:11";"2025-12-29 10:29:25";90.2174;708.087;2;46;"2025-01-25 03:44:11";"2025-12-29 10:29:25";1;0
"user_3111";57;55;"2025-01-19 00:20:33";"2025-12-30 13:36:45";89.8947;738.2982;1;57;"2025-01-19 00:20:33";"2025-12-30 13:36:45";0;0
"user_3112";78;67;"2025-01-20 07:13:38";"2025-08-18 19:27:50";89.7051;702.0897;1;78;"2025-01-20 07:13:38";"2025-08-18 19:27:50";134;1
"user_3113";21;20;"2025-02-24 05:58:47";"2025-11-30 11:31:18";97.4286;763.5238;2;21;"2025-02-24 05:58:47";"2025-11-30 11:31:18";30;1
"user_3114";64;52;"2025-02-12 10:07:55";"2025-07-24 23:53:58";89.8594;723.2813;2;64;"2025-02-12 10:07:55";"2025-07-24 23:53:58";159;1
"user_3115";64;54;"2025-01-26 10:34:15";"2025-06-25 07:52:09";93.2344;745.8438;2;64;"2025-01-26 10:34:15";"2025-06-25 07:52:09";188;1
"user_3116";10;10;"2025-01-21 15:58:59";"2025-10-31 23:21:16";88.1;691.8;1;10;"2025-01-21 15:58:59";"2025-10-31 23:21:16";60;1
"user_3117";21;21;"2025-02-21 15:57:56";"2025-12-25 21:26:18";93.0476;787.4286;1;21;"2025-02-21 15:57:56";"2025-12-25 21:26:18";5;0
"user_3118";85;77;"2025-01-22 16:04:08";"2025-10-26 18:55:05";91.3882;733.6471;1;85;"2025-01-22 16:04:08";"2025-10-26 18:55:05";65;1
"user_3119";86;75;"2025-02-06 03:31:31";"2025-11-11 00:39:46";85.7907;700.3953;1;86;"2025-02-06 03:31:31";"2025-11-11 00:39:46";49;1
"user_312";78;64;"2025-02-12 23:42:57";"2025-09-28 11:35:10";87.5641;720.8846;2;78;"2025-02-12 23:42:57";"2025-09-28 11:35:10";93;1
"user_3120";63;58;"2025-02-12 23:05:28";"2025-09-23 18:52:53";90.2698;725.1111;2;63;"2025-02-12 23:05:28";"2025-09-23 18:52:53";98;1
"user_3121";81;71;"2025-01-29 00:45:36";"2025-09-04 01:36:33";92.4938;755.1481;2;81;"2025-01-29 00:45:36";"2025-09-04 01:36:33";117;1
"user_3122";63;53;"2025-01-07 11:23:10";"2025-07-13 07:33:53";89.2381;703.2857;2;63;"2025-01-07 11:23:10";"2025-07-13 07:33:53";170;1
"user_3123";92;76;"2025-02-08 14:35:19";"2025-12-08 15:04:52";86.4783;717.663;1;92;"2025-02-08 14:35:19";"2025-12-08 15:04:52";22;1
"user_3124";41;40;"2025-01-30 07:01:14";"2025-12-12 08:12:46";89.6098;725.8537;2;41;"2025-01-30 07:01:14";"2025-12-12 08:12:46";18;0
"user_3125";20;20;"2025-04-13 12:49:00";"2025-12-28 13:17:54";91.85;687.5;2;20;"2025-04-13 12:49:00";"2025-12-28 13:17:54";2;0
"user_3126";46;43;"2025-01-05 04:46:17";"2025-12-02 12:54:26";91.1087;704.3043;1;46;"2025-01-05 04:46:17";"2025-12-02 12:54:26";28;1
"user_3127";25;25;"2025-01-24 11:39:18";"2025-12-17 05:28:13";93.68;761.32;1;25;"2025-01-24 11:39:18";"2025-12-17 05:28:13";13;0
"user_3128";61;52;"2025-01-01 06:36:13";"2025-07-02 02:01:51";89.5902;705.3279;1;61;"2025-01-01 06:36:13";"2025-07-02 02:01:51";181;1
"user_3129";22;22;"2025-02-23 03:07:01";"2025-12-22 12:51:42";83.0455;701.2727;1;22;"2025-02-23 03:07:01";"2025-12-22 12:51:42";8;0
"user_313";68;60;"2025-01-13 10:21:49";"2025-09-14 09:47:53";95.0;791.0735;1;68;"2025-01-13 10:21:49";"2025-09-14 09:47:53";107;1
"user_3130";19;16;"2025-03-24 09:55:28";"2025-12-28 13:50:41";95.7368;748.5789;1;19;"2025-03-24 09:55:28";"2025-12-28 13:50:41";2;0
"user_3131";27;27;"2025-01-08 04:49:10";"2025-12-11 01:45:15";91.7407;721.6296;2;27;"2025-01-08 04:49:10";"2025-12-11 01:45:15";19;0
"user_3132";21;21;"2025-01-21 23:45:25";"2025-12-15 06:50:46";80.8571;639.619;2;21;"2025-01-21 23:45:25";"2025-12-15 06:50:46";15;0
"user_3133";18;17;"2025-03-09 21:41:45";"2025-12-30 13:57:36";86.1667;734.2778;2;18;"2025-03-09 21:41:45";"2025-12-30 13:57:36";0;0
"user_3134";60;55;"2025-01-29 18:42:02";"2025-12-28 08:44:35";83.7167;676.0667;1;60;"2025-01-29 18:42:02";"2025-12-28 08:44:35";2;0
"user_3135";104;91;"2025-01-21 06:32:27";"2025-10-22 05:10:06";89.5;736.6923;2;104;"2025-01-21 06:32:27";"2025-10-22 05:10:06";69;1
"user_3136";48;47;"2025-01-23 01:10:39";"2025-12-29 01:20:51";86.5;698.8125;1;48;"2025-01-23 01:10:39";"2025-12-29 01:20:51";1;0
"user_3137";27;27;"2025-02-05 08:20:38";"2025-12-23 17:06:01";94.3704;798.7778;2;27;"2025-02-05 08:20:38";"2025-12-23 17:06:01";7;0
"user_3138";23;23;"2025-02-10 02:48:38";"2025-11-23 18:07:29";92.8261;734.7826;2;23;"2025-02-10 02:48:38";"2025-11-23 18:07:29";37;1
"user_3139";52;50;"2025-01-05 05:13:37";"2025-12-28 08:16:27";92.5769;717.2692;1;52;"2025-01-05 05:13:37";"2025-12-28 08:16:27";2;0
"user_314";18;15;"2025-01-29 04:43:21";"2025-12-21 23:41:28";84.7778;653.8889;2;18;"2025-01-29 04:43:21";"2025-12-21 23:41:28";9;0
"user_3140";89;76;"2025-01-12 00:11:47";"2025-09-27 08:39:44";90.3708;733.0787;2;89;"2025-01-12 00:11:47";"2025-09-27 08:39:44";94;1
"user_3141";60;52;"2025-01-24 08:03:16";"2025-12-27 14:06:48";90.2333;720.8333;2;60;"2025-01-24 08:03:16";"2025-12-27 14:06:48";3;0
"user_3142";19;19;"2025-01-24 07:52:55";"2025-12-22 04:36:13";90.3158;714.5789;1;19;"2025-01-24 07:52:55";"2025-12-22 04:36:13";8;0
"user_3143";41;39;"2025-01-28 02:39:54";"2025-12-25 12:14:33";85.9512;674.8537;1;41;"2025-01-28 02:39:54";"2025-12-25 12:14:33";5;0
"user_3144";50;47;"2025-01-03 05:05:04";"2025-12-27 17:33:58";91.52;749.62;2;50;"2025-01-03 05:05:04";"2025-12-27 17:33:58";3;0
"user_3145";87;71;"2025-01-31 12:08:38";"2025-10-23 02:59:39";91.4713;739.3563;1;87;"2025-01-31 12:08:38";"2025-10-23 02:59:39";68;1
"user_3146";44;43;"2025-02-04 23:22:53";"2025-12-30 17:00:03";90.1364;711.4318;2;44;"2025-02-04 23:22:53";"2025-12-30 17:00:03";0;0
"user_3147";15;15;"2025-05-08 12:35:15";"2025-12-18 04:47:58";89.1333;670.2;2;15;"2025-05-08 12:35:15";"2025-12-18 04:47:58";12;0
"user_3148";20;20;"2025-02-06 06:31:16";"2025-12-28 07:21:12";90.7;741.45;2;20;"2025-02-06 06:31:16";"2025-12-28 07:21:12";2;0
"user_3149";24;23;"2025-02-16 02:54:50";"2025-11-10 09:27:18";90.5;722.625;1;24;"2025-02-16 02:54:50";"2025-11-10 09:27:18";50;1
"user_315";28;28;"2025-03-07 08:40:01";"2025-12-30 19:36:13";89.2143;737.8571;1;28;"2025-03-07 08:40:01";"2025-12-30 19:36:13";0;0
"user_3150";43;41;"2025-01-17 01:06:01";"2025-12-22 12:18:27";91.1628;733.4884;1;43;"2025-01-17 01:06:01";"2025-12-22 12:18:27";8;0
"user_3151";46;44;"2025-01-17 20:54:42";"2025-12-28 23:10:31";91.4565;746.3261;1;46;"2025-01-17 20:54:42";"2025-12-28 23:10:31";2;0
"user_3152";84;72;"2025-02-05 10:06:50";"2025-11-05 01:40:05";90.7619;682.9643;1;84;"2025-02-05 10:06:50";"2025-11-05 01:40:05";55;1
"user_3153";22;21;"2025-03-12 05:31:05";"2025-12-13 23:33:30";90.1364;724.8182;2;22;"2025-03-12 05:31:05";"2025-12-13 23:33:30";17;0
"user_3154";36;34;"2025-02-10 19:22:43";"2025-12-19 06:45:29";82.4167;672.9722;1;36;"2025-02-10 19:22:43";"2025-12-19 06:45:29";11;0
"user_3155";39;36;"2025-02-27 07:09:12";"2025-12-26 19:43:16";92.4359;723.3846;1;39;"2025-02-27 07:09:12";"2025-12-26 19:43:16";4;0
"user_3156";44;39;"2025-01-15 02:49:41";"2025-12-05 06:05:24";89.0682;740.4091;2;44;"2025-01-15 02:49:41";"2025-12-05 06:05:24";25;1
"user_3157";24;22;"2025-03-07 04:20:53";"2025-12-15 13:30:40";96.2917;774.625;2;24;"2025-03-07 04:20:53";"2025-12-15 13:30:40";15;0
"user_3158";66;56;"2025-01-26 02:25:11";"2025-08-09 20:18:31";91.4242;734.6515;1;66;"2025-01-26 02:25:11";"2025-08-09 20:18:31";143;1
"user_3159";34;33;"2025-01-21 11:11:42";"2025-12-22 13:30:41";91.6765;771.5294;2;34;"2025-01-21 11:11:42";"2025-12-22 13:30:41";8;0
"user_316";30;29;"2025-01-25 02:31:05";"2025-12-07 10:15:24";82.4333;620.4;1;30;"2025-01-25 02:31:05";"2025-12-07 10:15:24";23;1
"user_3160";82;70;"2025-01-24 06:58:29";"2025-09-30 18:26:03";90.2561;718.3902;2;82;"2025-01-24 06:58:29";"2025-09-30 18:26:03";91;1
"user_3161";46;44;"2025-03-13 02:50:24";"2025-12-25 05:47:13";87.7391;701.5217;1;46;"2025-03-13 02:50:24";"2025-12-25 05:47:13";5;0
"user_3162";63;54;"2025-01-28 19:47:06";"2025-08-13 09:06:36";86.619;696.6032;2;63;"2025-01-28 19:47:06";"2025-08-13 09:06:36";139;1
"user_3163";50;45;"2025-01-11 21:37:02";"2025-12-24 22:22:40";85.84;677.06;2;50;"2025-01-11 21:37:02";"2025-12-24 22:22:40";6;0
"user_3164";44;43;"2025-01-29 06:56:38";"2025-12-25 13:48:35";89.4091;703.8864;2;44;"2025-01-29 06:56:38";"2025-12-25 13:48:35";5;0
"user_3165";82;74;"2025-02-07 04:49:18";"2025-10-11 18:10:23";90.4634;727.561;2;82;"2025-02-07 04:49:18";"2025-10-11 18:10:23";80;1
"user_3166";41;36;"2025-02-21 06:00:27";"2025-12-18 22:47:10";94.2439;743.1951;1;41;"2025-02-21 06:00:27";"2025-12-18 22:47:10";12;0
"user_3167";19;19;"2025-01-19 12:50:01";"2025-09-25 08:01:28";88.6842;775.4211;1;19;"2025-01-19 12:50:01";"2025-09-25 08:01:28";96;1
"user_3168";73;64;"2025-02-22 11:29:00";"2025-09-18 13:44:43";88.0;680.8082;1;73;"2025-02-22 11:29:00";"2025-09-18 13:44:43";103;1
"user_3169";19;19;"2025-01-19 05:27:41";"2025-12-22 19:41:57";92.4211;749.2632;2;19;"2025-01-19 05:27:41";"2025-12-22 19:41:57";8;0
"user_317";60;58;"2025-01-30 18:37:31";"2025-12-28 09:52:17";86.3333;682.9667;1;60;"2025-01-30 18:37:31";"2025-12-28 09:52:17";2;0
"user_3170";39;38;"2025-02-27 03:08:21";"2025-12-19 10:51:21";93.6923;746.4103;2;39;"2025-02-27 03:08:21";"2025-12-19 10:51:21";11;0
"user_3171";13;13;"2025-03-06 11:37:19";"2025-12-15 00:35:11";92.3846;754.3077;1;13;"2025-03-06 11:37:19";"2025-12-15 00:35:11";15;0
"user_3172";107;96;"2025-02-23 09:13:53";"2025-12-29 13:34:12";89.3364;714.8224;1;107;"2025-02-23 09:13:53";"2025-12-29 13:34:12";1;0
"user_3173";69;59;"2025-01-29 21:57:51";"2025-08-27 22:24:01";86.9275;698.4058;1;69;"2025-01-29 21:57:51";"2025-08-27 22:24:01";125;1
"user_3174";123;95;"2025-02-09 12:42:28";"2025-12-30 05:56:42";89.0325;705.0;1;123;"2025-02-09 12:42:28";"2025-12-30 05:56:42";0;0
"user_3175";96;84;"2025-01-18 03:23:47";"2025-12-01 13:13:28";89.5729;733.1458;1;96;"2025-01-18 03:23:47";"2025-12-01 13:13:28";29;1
"user_3176";66;51;"2025-02-27 12:34:23";"2025-08-21 20:56:18";89.8636;710.5909;1;66;"2025-02-27 12:34:23";"2025-08-21 20:56:18";131;1
"user_3177";23;22;"2025-03-24 06:58:40";"2025-11-28 10:05:33";83.3043;674.3478;2;23;"2025-03-24 06:58:40";"2025-11-28 10:05:33";32;1
"user_3178";15;15;"2025-03-25 03:44:07";"2025-12-21 16:13:01";94.2667;757.9333;1;15;"2025-03-25 03:44:07";"2025-12-21 16:13:01";9;0
"user_3179";23;21;"2025-04-10 15:38:27";"2025-12-22 08:22:27";92.7826;746.4783;1;23;"2025-04-10 15:38:27";"2025-12-22 08:22:27";8;0
"user_318";74;64;"2025-01-04 03:04:09";"2025-09-06 18:12:23";89.5;705.2027;2;74;"2025-01-04 03:04:09";"2025-09-06 18:12:23";115;1
"user_3180";18;18;"2025-01-28 11:00:17";"2025-12-27 16:07:36";85.0556;691.6111;2;18;"2025-01-28 11:00:17";"2025-12-27 16:07:36";3;0
"user_3181";73;59;"2025-02-01 09:32:35";"2025-08-30 20:24:45";87.6712;717.9041;2;73;"2025-02-01 09:32:35";"2025-08-30 20:24:45";122;1
"user_3182";82;64;"2025-02-16 06:26:06";"2025-09-30 15:14:19";87.2439;719.5976;2;82;"2025-02-16 06:26:06";"2025-09-30 15:14:19";91;1
"user_3183";48;46;"2025-01-14 08:03:28";"2025-12-23 21:11:23";90.3333;753.3333;2;48;"2025-01-14 08:03:28";"2025-12-23 21:11:23";7;0
"user_3184";63;54;"2025-02-23 08:27:10";"2025-07-23 15:04:26";87.1746;679.6825;2;63;"2025-02-23 08:27:10";"2025-07-23 15:04:26";160;1
"user_3185";58;54;"2025-01-13 03:56:11";"2025-12-10 22:21:50";92.431;733.7931;1;58;"2025-01-13 03:56:11";"2025-12-10 22:21:50";20;0
"user_3186";39;35;"2025-03-05 23:54:20";"2025-12-27 00:07:22";92.3333;747.7692;2;39;"2025-03-05 23:54:20";"2025-12-27 00:07:22";3;0
"user_3187";40;37;"2025-02-13 15:17:15";"2025-12-20 08:52:03";95.25;781.625;2;40;"2025-02-13 15:17:15";"2025-12-20 08:52:03";10;0
"user_3188";54;46;"2025-01-23 09:22:38";"2025-12-29 09:32:19";87.537;691.7778;1;54;"2025-01-23 09:22:38";"2025-12-29 09:32:19";1;0
"user_3189";36;33;"2025-01-15 23:15:56";"2025-12-26 17:32:43";94.3611;761.5833;2;36;"2025-01-15 23:15:56";"2025-12-26 17:32:43";4;0
"user_319";88;69;"2025-02-11 13:53:32";"2025-10-02 17:32:47";88.75;735.0114;1;88;"2025-02-11 13:53:32";"2025-10-02 17:32:47";89;1
"user_3190";16;16;"2025-03-13 10:22:21";"2025-11-15 14:31:25";90.625;700.8125;1;16;"2025-03-13 10:22:21";"2025-11-15 14:31:25";45;1
"user_3191";38;36;"2025-03-06 13:13:52";"2025-12-24 05:38:07";91.6579;734.9737;1;38;"2025-03-06 13:13:52";"2025-12-24 05:38:07";6;0
"user_3192";10;10;"2025-01-30 14:29:39";"2025-12-05 06:23:47";94.9;751.4;1;10;"2025-01-30 14:29:39";"2025-12-05 06:23:47";25;1
"user_3193";17;17;"2025-02-06 21:09:00";"2025-12-24 14:19:14";95.5294;759.1765;2;17;"2025-02-06 21:09:00";"2025-12-24 14:19:14";6;0
"user_3194";67;60;"2025-02-02 16:57:38";"2025-12-28 00:33:09";93.6119;758.403;2;67;"2025-02-02 16:57:38";"2025-12-28 00:33:09";2;0
"user_3195";47;44;"2025-02-20 12:57:33";"2025-12-26 22:53:46";85.2766;699.9574;2;47;"2025-02-20 12:57:33";"2025-12-26 22:53:46";4;0
"user_3196";58;54;"2025-02-08 11:22:57";"2025-12-28 10:05:14";88.6724;716.8793;1;58;"2025-02-08 11:22:57";"2025-12-28 10:05:14";2;0
"user_3197";20;20;"2025-02-23 05:21:18";"2025-12-29 20:25:49";87.85;662.1;1;20;"2025-02-23 05:21:18";"2025-12-29 20:25:49";1;0
"user_3198";15;15;"2025-03-14 00:24:40";"2025-12-11 07:40:38";79.5333;647.3333;2;15;"2025-03-14 00:24:40";"2025-12-11 07:40:38";19;0
"user_3199";106;92;"2025-01-26 06:25:25";"2025-12-02 23:40:21";92.6792;745.8491;2;106;"2025-01-26 06:25:25";"2025-12-02 23:40:21";28;1
"user_32";71;60;"2025-01-22 06:21:57";"2025-08-14 12:15:36";89.7887;714.831;1;71;"2025-01-22 06:21:57";"2025-08-14 12:15:36";138;1
"user_320";89;79;"2025-01-21 04:34:00";"2025-10-23 10:33:06";87.7978;699.4944;2;89;"2025-01-21 04:34:00";"2025-10-23 10:33:06";68;1
"user_3200";44;41;"2025-03-08 05:46:46";"2025-12-29 05:31:37";90.1591;734.8409;1;44;"2025-03-08 05:46:46";"2025-12-29 05:31:37";1;0
"user_3201";50;45;"2025-03-01 02:19:38";"2025-12-18 22:44:29";92.5;753.56;1;50;"2025-03-01 02:19:38";"2025-12-18 22:44:29";12;0
"user_3202";57;54;"2025-02-13 07:28:10";"2025-12-20 08:48:45";94.2281;756.2632;1;57;"2025-02-13 07:28:10";"2025-12-20 08:48:45";10;0
"user_3203";84;70;"2025-01-02 10:01:08";"2025-09-29 21:35:04";91.5476;719.119;2;84;"2025-01-02 10:01:08";"2025-09-29 21:35:04";92;1
"user_3204";16;16;"2025-02-04 16:28:20";"2025-11-24 17:08:43";93.875;754.375;1;16;"2025-02-04 16:28:20";"2025-11-24 17:08:43";36;1
"user_3205";20;19;"2025-01-31 16:36:00";"2025-12-13 10:05:39";93.6;730.1;2;20;"2025-01-31 16:36:00";"2025-12-13 10:05:39";17;0
"user_3206";24;23;"2025-03-11 04:25:51";"2025-12-29 06:57:50";91.7083;707.4583;2;24;"2025-03-11 04:25:51";"2025-12-29 06:57:50";1;0
"user_3207";15;14;"2025-02-08 10:28:24";"2025-12-17 20:05:23";98.3333;799.2667;2;15;"2025-02-08 10:28:24";"2025-12-17 20:05:23";13;0
"user_3208";34;31;"2025-01-08 21:42:08";"2025-12-28 20:00:06";94.1471;747.2941;1;34;"2025-01-08 21:42:08";"2025-12-28 20:00:06";2;0
"user_3209";41;38;"2025-02-22 01:07:53";"2025-12-26 02:26:59";87.0488;709.0244;2;41;"2025-02-22 01:07:53";"2025-12-26 02:26:59";4;0
"user_321";53;50;"2025-02-09 15:45:39";"2025-12-30 09:46:06";84.283;671.1509;2;53;"2025-02-09 15:45:39";"2025-12-30 09:46:06";0;0
"user_3210";42;40;"2025-02-05 17:03:38";"2025-12-30 12:37:55";84.9048;689.881;1;42;"2025-02-05 17:03:38";"2025-12-30 12:37:55";0;0
"user_3211";90;81;"2025-01-17 07:35:05";"2025-08-24 02:21:52";90.6;735.8667;1;90;"2025-01-17 07:35:05";"2025-08-24 02:21:52";128;1
"user_3212";39;37;"2025-02-15 00:41:14";"2025-12-26 05:21:52";91.2051;743.4103;2;39;"2025-02-15 00:41:14";"2025-12-26 05:21:52";4;0
"user_3213";77;66;"2025-02-04 13:06:41";"2025-10-05 16:07:41";87.2857;695.3766;1;77;"2025-02-04 13:06:41";"2025-10-05 16:07:41";86;1
"user_3214";21;19;"2025-03-04 21:39:17";"2025-12-17 21:59:23";82.2381;652.3333;1;21;"2025-03-04 21:39:17";"2025-12-17 21:59:23";13;0
"user_3215";63;52;"2025-02-18 23:21:49";"2025-08-16 08:41:54";90.746;722.6032;2;63;"2025-02-18 23:21:49";"2025-08-16 08:41:54";136;1
"user_3216";83;72;"2025-01-01 16:33:47";"2025-08-07 13:33:26";92.8554;734.2651;1;83;"2025-01-01 16:33:47";"2025-08-07 13:33:26";145;1
"user_3217";66;55;"2025-01-11 06:52:03";"2025-08-10 18:51:19";85.5303;711.0758;2;66;"2025-01-11 06:52:03";"2025-08-10 18:51:19";142;1
"user_3218";127;103;"2025-01-24 02:23:25";"2025-12-29 12:25:34";88.1417;691.622;2;127;"2025-01-24 02:23:25";"2025-12-29 12:25:34";1;0
"user_3219";31;29;"2025-03-03 06:00:32";"2025-12-29 16:50:48";89.4839;739.7419;2;31;"2025-03-03 06:00:32";"2025-12-29 16:50:48";1;0
"user_322";21;19;"2025-03-18 00:06:15";"2025-12-11 23:18:02";84.9048;658.0952;1;21;"2025-03-18 00:06:15";"2025-12-11 23:18:02";19;0
"user_3220";22;22;"2025-01-30 14:02:54";"2025-12-30 19:51:03";89.5909;737.0909;2;22;"2025-01-30 14:02:54";"2025-12-30 19:51:03";0;0
"user_3221";47;42;"2025-02-05 06:54:38";"2025-12-21 19:31:58";86.9787;725.234;1;47;"2025-02-05 06:54:38";"2025-12-21 19:31:58";9;0
"user_3222";87;77;"2025-03-15 08:49:19";"2025-11-30 10:22:31";91.046;726.3448;2;87;"2025-03-15 08:49:19";"2025-11-30 10:22:31";30;1
"user_3223";61;50;"2025-02-12 05:19:10";"2025-07-27 08:14:35";91.0984;743.1803;2;61;"2025-02-12 05:19:10";"2025-07-27 08:14:35";156;1
"user_3224";88;74;"2025-02-15 00:11:20";"2025-10-19 14:07:10";90.4659;742.0455;1;88;"2025-02-15 00:11:20";"2025-10-19 14:07:10";72;1
"user_3225";87;75;"2025-01-11 02:28:14";"2025-09-08 17:36:20";82.5862;654.4368;2;87;"2025-01-11 02:28:14";"2025-09-08 17:36:20";113;1
"user_3226";22;22;"2025-01-16 23:19:19";"2025-12-05 07:52:37";91.2273;705.8636;1;22;"2025-01-16 23:19:19";"2025-12-05 07:52:37";25;1
"user_3227";100;88;"2025-02-14 11:28:27";"2025-12-26 04:21:19";92.35;724.44;1;100;"2025-02-14 11:28:27";"2025-12-26 04:21:19";4;0
"user_3228";50;47;"2025-01-26 15:17:02";"2025-12-29 07:51:34";87.94;696.96;1;50;"2025-01-26 15:17:02";"2025-12-29 07:51:34";1;0
"user_3229";67;55;"2025-01-18 13:15:21";"2025-08-02 12:23:26";91.8657;757.8209;1;67;"2025-01-18 13:15:21";"2025-08-02 12:23:26";150;1
"user_323";14;14;"2025-03-06 15:36:12";"2025-12-24 04:26:09";88.1429;701.8571;2;14;"2025-03-06 15:36:12";"2025-12-24 04:26:09";6;0
"user_3230";73;65;"2025-01-15 10:39:10";"2025-08-23 17:18:27";90.7397;735.3014;1;73;"2025-01-15 10:39:10";"2025-08-23 17:18:27";129;1
"user_3231";51;44;"2025-02-11 20:47:48";"2025-12-21 17:38:39";89.8235;736.902;2;51;"2025-02-11 20:47:48";"2025-12-21 17:38:39";9;0
"user_3232";37;36;"2025-02-22 00:41:24";"2025-12-11 03:09:30";89.8378;716.2162;2;37;"2025-02-22 00:41:24";"2025-12-11 03:09:30";19;0
"user_3233";81;67;"2025-02-08 18:04:19";"2025-09-06 22:27:23";87.8889;719.2963;2;81;"2025-02-08 18:04:19";"2025-09-06 22:27:23";115;1
"user_3234";80;74;"2025-01-14 03:31:45";"2025-10-30 16:36:45";86.1625;688.6;1;80;"2025-01-14 03:31:45";"2025-10-30 16:36:45";61;1
"user_3235";52;49;"2025-01-12 20:35:10";"2025-12-30 03:20:41";90.5385;739.75;2;52;"2025-01-12 20:35:10";"2025-12-30 03:20:41";0;0
"user_3236";109;96;"2025-01-19 18:39:49";"2025-12-05 20:45:55";92.633;741.6972;1;109;"2025-01-19 18:39:49";"2025-12-05 20:45:55";25;1
"user_3237";82;66;"2025-02-18 11:17:42";"2025-09-09 10:01:16";87.6463;734.878;1;82;"2025-02-18 11:17:42";"2025-09-09 10:01:16";112;1
"user_3238";17;17;"2025-02-27 16:03:23";"2025-11-07 00:47:18";93.5294;748.5294;2;17;"2025-02-27 16:03:23";"2025-11-07 00:47:18";53;1
"user_3239";58;52;"2025-01-08 23:18:23";"2025-12-23 09:59:54";89.569;742.1379;1;58;"2025-01-08 23:18:23";"2025-12-23 09:59:54";7;0
"user_324";60;49;"2025-01-26 23:32:42";"2025-07-24 11:17:52";90.6333;731.7667;2;60;"2025-01-26 23:32:42";"2025-07-24 11:17:52";159;1
"user_3240";50;48;"2025-01-16 10:57:25";"2025-12-29 11:46:43";86.9;697.86;2;50;"2025-01-16 10:57:25";"2025-12-29 11:46:43";1;0
"user_3241";55;51;"2025-01-08 05:32:11";"2025-12-25 15:58:23";90.8364;729.6909;1;55;"2025-01-08 05:32:11";"2025-12-25 15:58:23";5;0
"user_3242";60;54;"2025-01-20 17:04:11";"2025-12-28 12:40:24";89.2;727.7667;2;60;"2025-01-20 17:04:11";"2025-12-28 12:40:24";2;0
"user_3243";37;36;"2025-01-15 23:43:51";"2025-12-17 05:22:11";83.973;674.3243;1;37;"2025-01-15 23:43:51";"2025-12-17 05:22:11";13;0
"user_3244";18;18;"2025-02-20 20:27:11";"2025-12-21 17:52:10";92.6111;704.1111;2;18;"2025-02-20 20:27:11";"2025-12-21 17:52:10";9;0
"user_3245";19;19;"2025-02-07 22:25:35";"2025-12-20 23:54:05";89.5263;702.7895;1;19;"2025-02-07 22:25:35";"2025-12-20 23:54:05";10;0
"user_3246";84;73;"2025-02-12 22:33:52";"2025-10-22 17:32:01";90.4048;715.131;2;84;"2025-02-12 22:33:52";"2025-10-22 17:32:01";69;1
"user_3247";61;53;"2025-01-19 17:57:31";"2025-12-26 05:42:23";89.2459;703.6557;2;61;"2025-01-19 17:57:31";"2025-12-26 05:42:23";4;0
"user_3248";50;47;"2025-02-24 18:15:29";"2025-12-29 09:13:29";91.42;745.76;2;50;"2025-02-24 18:15:29";"2025-12-29 09:13:29";1;0
"user_3249";17;17;"2025-04-11 10:54:01";"2025-12-24 08:34:13";82.3529;701.2941;1;17;"2025-04-11 10:54:01";"2025-12-24 08:34:13";6;0
"user_325";11;11;"2025-03-02 09:37:04";"2025-11-26 01:14:12";88.1818;744.9091;1;11;"2025-03-02 09:37:04";"2025-11-26 01:14:12";34;1
"user_3250";52;50;"2025-02-04 06:06:21";"2025-12-30 00:50:13";89.4808;701.3654;1;52;"2025-02-04 06:06:21";"2025-12-30 00:50:13";0;0
"user_3251";45;44;"2025-02-07 17:55:20";"2025-12-16 18:02:37";91.8;716.2667;1;45;"2025-02-07 17:55:20";"2025-12-16 18:02:37";14;0
"user_3252";114;96;"2025-01-22 09:19:44";"2025-12-28 18:58:30";86.5614;687.7807;1;114;"2025-01-22 09:19:44";"2025-12-28 18:58:30";2;0
"user_3253";50;47;"2025-01-13 18:43:28";"2025-12-06 17:35:19";90.88;745.24;1;50;"2025-01-13 18:43:28";"2025-12-06 17:35:19";24;1
"user_3254";64;52;"2025-02-06 04:14:42";"2025-07-06 09:01:13";86.2813;684.3906;1;64;"2025-02-06 04:14:42";"2025-07-06 09:01:13";177;1
"user_3255";39;38;"2025-01-04 09:38:12";"2025-12-19 03:08:38";88.5897;699.3333;2;39;"2025-01-04 09:38:12";"2025-12-19 03:08:38";11;0
"user_3256";75;66;"2025-02-02 18:39:10";"2025-09-15 21:54:02";86.68;712.0533;1;75;"2025-02-02 18:39:10";"2025-09-15 21:54:02";106;1
"user_3257";32;31;"2025-03-01 18:18:24";"2025-12-28 00:27:37";86.6563;695.9688;2;32;"2025-03-01 18:18:24";"2025-12-28 00:27:37";2;0
"user_3258";103;90;"2025-01-23 14:31:38";"2025-11-21 08:48:09";91.1942;723.9417;1;103;"2025-01-23 14:31:38";"2025-11-21 08:48:09";39;1
"user_3259";33;31;"2025-03-01 01:25:24";"2025-12-06 13:43:39";90.0303;680.697;2;33;"2025-03-01 01:25:24";"2025-12-06 13:43:39";24;1
"user_326";18;17;"2025-03-03 02:08:48";"2025-12-27 14:31:34";91.6111;771.1667;2;18;"2025-03-03 02:08:48";"2025-12-27 14:31:34";3;0
"user_3260";18;16;"2025-04-18 05:24:32";"2025-12-27 08:01:21";86.8889;660.3889;2;18;"2025-04-18 05:24:32";"2025-12-27 08:01:21";3;0
"user_3261";62;55;"2025-02-17 22:14:18";"2025-09-13 14:49:15";89.7742;738.8387;1;62;"2025-02-17 22:14:18";"2025-09-13 14:49:15";108;1
"user_3262";34;33;"2025-02-27 07:27:04";"2025-12-27 23:47:19";90.2647;749.2647;2;34;"2025-02-27 07:27:04";"2025-12-27 23:47:19";3;0
"user_3263";51;47;"2025-01-13 18:19:52";"2025-12-25 20:23:59";90.1961;742.7451;2;51;"2025-01-13 18:19:52";"2025-12-25 20:23:59";5;0
"user_3264";63;53;"2025-01-28 20:37:13";"2025-08-07 18:08:28";87.7778;715.2381;1;63;"2025-01-28 20:37:13";"2025-08-07 18:08:28";145;1
"user_3265";21;21;"2025-03-02 19:00:05";"2025-12-28 01:42:42";85.7143;709.4286;2;21;"2025-03-02 19:00:05";"2025-12-28 01:42:42";2;0
"user_3266";63;58;"2025-01-11 01:13:35";"2025-06-23 07:35:22";88.0794;725.5397;2;63;"2025-01-11 01:13:35";"2025-06-23 07:35:22";190;1
"user_3267";46;41;"2025-02-15 05:13:12";"2025-12-30 00:16:01";90.3261;749.1304;1;46;"2025-02-15 05:13:12";"2025-12-30 00:16:01";0;0
"user_3268";42;38;"2025-01-12 13:02:16";"2025-12-12 22:34:04";84.7857;678.9286;2;42;"2025-01-12 13:02:16";"2025-12-12 22:34:04";18;0
"user_3269";44;39;"2025-01-20 15:59:59";"2025-12-24 13:59:28";85.7045;682.3409;1;44;"2025-01-20 15:59:59";"2025-12-24 13:59:28";6;0
"user_327";55;53;"2025-01-30 11:11:18";"2025-12-27 05:01:32";93.4545;756.4909;1;55;"2025-01-30 11:11:18";"2025-12-27 05:01:32";3;0
"user_3270";24;23;"2025-01-27 13:06:33";"2025-12-05 20:10:05";89.2083;706.125;1;24;"2025-01-27 13:06:33";"2025-12-05 20:10:05";25;1
"user_3271";71;59;"2025-01-15 14:55:50";"2025-07-31 14:58:15";89.7887;751.9155;1;71;"2025-01-15 14:55:50";"2025-07-31 14:58:15";152;1
"user_3272";95;79;"2025-01-26 15:50:28";"2025-09-21 14:44:08";89.0211;709.7263;2;95;"2025-01-26 15:50:28";"2025-09-21 14:44:08";100;1
"user_3273";26;24;"2025-02-28 06:51:39";"2025-11-08 21:51:48";85.5385;679.8846;1;26;"2025-02-28 06:51:39";"2025-11-08 21:51:48";52;1
"user_3274";53;48;"2025-01-30 09:22:51";"2025-12-29 11:52:47";83.0566;687.0943;1;53;"2025-01-30 09:22:51";"2025-12-29 11:52:47";1;0
"user_3275";22;21;"2025-01-14 18:24:16";"2025-12-02 19:26:20";87.0455;685.5455;2;22;"2025-01-14 18:24:16";"2025-12-02 19:26:20";28;1
"user_3276";23;22;"2025-02-18 00:23:35";"2025-12-17 14:10:51";89.2174;670.8261;2;23;"2025-02-18 00:23:35";"2025-12-17 14:10:51";13;0
"user_3277";28;27;"2025-03-09 01:18:32";"2025-12-20 21:40:28";92.3214;747.8929;2;28;"2025-03-09 01:18:32";"2025-12-20 21:40:28";10;0
"user_3278";43;41;"2025-02-28 15:32:26";"2025-12-25 07:37:54";91.6977;729.6512;1;43;"2025-02-28 15:32:26";"2025-12-25 07:37:54";5;0
"user_3279";58;51;"2025-01-23 04:05:22";"2025-12-19 14:53:04";91.9483;753.4828;2;58;"2025-01-23 04:05:22";"2025-12-19 14:53:04";11;0
"user_328";48;44;"2025-02-26 14:05:20";"2025-12-20 12:22:34";89.8542;718.5625;1;48;"2025-02-26 14:05:20";"2025-12-20 12:22:34";10;0
"user_3280";34;32;"2025-01-21 05:17:38";"2025-12-14 21:47:01";95.0;794.5;2;34;"2025-01-21 05:17:38";"2025-12-14 21:47:01";16;0
"user_3281";52;49;"2025-02-06 11:20:05";"2025-12-29 22:26:33";85.9231;645.2308;1;52;"2025-02-06 11:20:05";"2025-12-29 22:26:33";1;0
"user_3282";66;51;"2025-02-07 01:45:26";"2025-07-28 18:02:05";90.2121;738.197;2;66;"2025-02-07 01:45:26";"2025-07-28 18:02:05";155;1
"user_3283";12;11;"2025-04-02 03:59:46";"2025-11-17 01:20:20";88.9167;692.3333;1;12;"2025-04-02 03:59:46";"2025-11-17 01:20:20";43;1
"user_3284";10;10;"2025-03-16 20:18:21";"2025-11-12 10:38:53";85.8;699.3;1;10;"2025-03-16 20:18:21";"2025-11-12 10:38:53";48;1
"user_3285";53;52;"2025-01-10 03:29:48";"2025-12-23 05:37:50";91.6415;747.4906;2;53;"2025-01-10 03:29:48";"2025-12-23 05:37:50";7;0
"user_3286";71;64;"2025-01-02 08:39:47";"2025-06-28 17:05:15";88.3521;719.9577;1;71;"2025-01-02 08:39:47";"2025-06-28 17:05:15";185;1
"user_3287";43;39;"2025-02-14 18:44:53";"2025-12-24 02:57:02";85.5349;683.2326;1;43;"2025-02-14 18:44:53";"2025-12-24 02:57:02";6;0
"user_3288";20;20;"2025-01-25 01:27:05";"2025-12-25 15:41:14";97.05;789.75;1;20;"2025-01-25 01:27:05";"2025-12-25 15:41:14";5;0
"user_3289";17;17;"2025-01-09 15:17:49";"2025-12-17 15:01:02";87.0;704.0588;1;17;"2025-01-09 15:17:49";"2025-12-17 15:01:02";13;0
"user_329";47;45;"2025-02-17 17:43:38";"2025-12-18 18:00:52";91.6596;738.0;2;47;"2025-02-17 17:43:38";"2025-12-18 18:00:52";12;0
"user_3290";75;61;"2025-03-04 23:57:17";"2025-10-20 19:47:22";88.16;714.0933;1;75;"2025-03-04 23:57:17";"2025-10-20 19:47:22";71;1
"user_3291";75;65;"2025-02-18 07:35:32";"2025-09-27 09:36:36";90.2667;736.36;2;75;"2025-02-18 07:35:32";"2025-09-27 09:36:36";94;1
"user_3292";17;17;"2025-01-24 04:31:32";"2025-12-10 04:35:33";87.6471;733.0;1;17;"2025-01-24 04:31:32";"2025-12-10 04:35:33";20;0
"user_3293";44;40;"2025-02-08 02:33:45";"2025-12-27 02:37:23";84.9545;683.6818;2;44;"2025-02-08 02:33:45";"2025-12-27 02:37:23";3;0
"user_3294";49;45;"2025-03-19 12:48:01";"2025-12-10 11:21:24";96.7755;766.551;1;49;"2025-03-19 12:48:01";"2025-12-10 11:21:24";20;0
"user_3295";22;21;"2025-01-18 05:06:34";"2025-12-15 11:52:42";89.8636;768.6364;1;22;"2025-01-18 05:06:34";"2025-12-15 11:52:42";15;0
"user_3296";79;71;"2025-02-15 19:36:41";"2025-11-04 05:13:31";90.9873;730.4177;2;79;"2025-02-15 19:36:41";"2025-11-04 05:13:31";56;1
"user_3297";38;35;"2025-04-09 00:49:48";"2025-12-21 14:47:40";89.6316;705.8947;1;38;"2025-04-09 00:49:48";"2025-12-21 14:47:40";9;0
"user_3298";60;52;"2025-01-22 04:43:45";"2025-06-19 06:08:38";90.9833;747.9;2;60;"2025-01-22 04:43:45";"2025-06-19 06:08:38";194;1
"user_3299";44;40;"2025-02-24 17:31:27";"2025-12-14 04:23:36";91.7955;725.4091;2;44;"2025-02-24 17:31:27";"2025-12-14 04:23:36";16;0
"user_33";73;65;"2025-01-08 11:51:47";"2025-08-08 13:57:46";89.9863;730.2192;2;73;"2025-01-08 11:51:47";"2025-08-08 13:57:46";144;1
"user_330";65;56;"2025-02-02 12:35:17";"2025-08-23 19:41:59";92.6462;718.0923;2;65;"2025-02-02 12:35:17";"2025-08-23 19:41:59";129;1
"user_3300";22;22;"2025-01-26 13:32:51";"2025-12-05 23:04:59";94.3182;750.8182;2;22;"2025-01-26 13:32:51";"2025-12-05 23:04:59";25;1
"user_3301";44;41;"2025-01-18 16:58:14";"2025-11-27 15:42:58";91.9318;755.9091;1;44;"2025-01-18 16:58:14";"2025-11-27 15:42:58";33;1
"user_3302";16;16;"2025-03-18 06:11:38";"2025-12-12 01:44:15";95.25;760.4375;2;16;"2025-03-18 06:11:38";"2025-12-12 01:44:15";18;0
"user_3303";43;43;"2025-01-26 11:10:57";"2025-12-30 02:10:12";86.3488;705.3721;1;43;"2025-01-26 11:10:57";"2025-12-30 02:10:12";0;0
"user_3304";56;52;"2025-02-15 12:06:07";"2025-12-30 15:46:26";85.9107;680.1071;1;56;"2025-02-15 12:06:07";"2025-12-30 15:46:26";0;0
"user_3305";60;51;"2025-01-26 15:08:05";"2025-07-12 12:40:17";91.1;744.85;1;60;"2025-01-26 15:08:05";"2025-07-12 12:40:17";171;1
"user_3306";49;47;"2025-02-02 03:28:33";"2025-12-29 20:54:52";93.0;768.7347;1;49;"2025-02-02 03:28:33";"2025-12-29 20:54:52";1;0
"user_3307";42;40;"2025-02-16 02:07:51";"2025-12-30 11:13:39";93.1429;754.6905;1;42;"2025-02-16 02:07:51";"2025-12-30 11:13:39";0;0
"user_3308";121;94;"2025-01-06 00:21:53";"2025-11-15 00:23:53";90.3471;736.9587;1;121;"2025-01-06 00:21:53";"2025-11-15 00:23:53";45;1
"user_3309";47;45;"2025-02-28 22:01:41";"2025-12-20 06:13:30";92.4681;752.6383;1;47;"2025-02-28 22:01:41";"2025-12-20 06:13:30";10;0
"user_331";47;46;"2025-01-28 22:14:38";"2025-12-28 09:05:53";93.617;712.766;1;47;"2025-01-28 22:14:38";"2025-12-28 09:05:53";2;0
"user_3310";42;40;"2025-02-07 17:40:16";"2025-12-20 19:28:17";86.0714;698.4524;1;42;"2025-02-07 17:40:16";"2025-12-20 19:28:17";10;0
"user_3311";26;26;"2025-01-24 08:53:10";"2025-11-20 02:04:31";83.2308;638.3077;1;26;"2025-01-24 08:53:10";"2025-11-20 02:04:31";40;1
"user_3312";29;28;"2025-03-04 12:49:41";"2025-12-23 04:38:14";89.1379;693.7241;1;29;"2025-03-04 12:49:41";"2025-12-23 04:38:14";7;0
"user_3313";25;24;"2025-02-20 14:25:35";"2025-12-26 23:04:51";87.4;755.2;2;25;"2025-02-20 14:25:35";"2025-12-26 23:04:51";4;0
"user_3314";91;77;"2025-02-05 21:19:56";"2025-10-07 14:11:31";92.033;733.8022;1;91;"2025-02-05 21:19:56";"2025-10-07 14:11:31";84;1
"user_3315";95;84;"2025-02-20 01:24:21";"2025-12-28 09:09:39";89.8421;716.3368;1;95;"2025-02-20 01:24:21";"2025-12-28 09:09:39";2;0
"user_3316";21;21;"2025-03-24 23:10:13";"2025-12-27 13:28:56";83.0;687.2857;1;21;"2025-03-24 23:10:13";"2025-12-27 13:28:56";3;0
"user_3317";39;39;"2025-01-07 09:06:03";"2025-12-25 15:19:58";91.5641;766.9231;2;39;"2025-01-07 09:06:03";"2025-12-25 15:19:58";5;0
"user_3318";84;74;"2025-02-09 05:13:38";"2025-10-12 23:05:01";91.3452;737.9286;2;84;"2025-02-09 05:13:38";"2025-10-12 23:05:01";79;1
"user_3319";22;21;"2025-02-14 10:48:15";"2025-12-21 13:24:01";87.0455;702.4091;2;22;"2025-02-14 10:48:15";"2025-12-21 13:24:01";9;0
"user_332";26;26;"2025-01-11 02:33:48";"2025-12-19 04:10:50";87.6538;703.5;1;26;"2025-01-11 02:33:48";"2025-12-19 04:10:50";11;0
"user_3320";16;16;"2025-02-08 14:05:26";"2025-11-25 04:13:05";81.75;641.0625;1;16;"2025-02-08 14:05:26";"2025-11-25 04:13:05";35;1
"user_3321";53;48;"2025-02-24 02:16:38";"2025-12-15 20:51:22";88.717;718.3962;1;53;"2025-02-24 02:16:38";"2025-12-15 20:51:22";15;0
"user_3322";97;78;"2025-01-29 06:33:43";"2025-10-29 23:47:51";90.2887;739.8144;2;97;"2025-01-29 06:33:43";"2025-10-29 23:47:51";62;1
"user_3323";25;23;"2025-03-08 17:12:05";"2025-12-26 15:23:59";83.92;679.52;2;25;"2025-03-08 17:12:05";"2025-12-26 15:23:59";4;0
"user_3324";53;50;"2025-01-15 07:45:05";"2025-12-21 20:28:11";90.283;736.6415;2;53;"2025-01-15 07:45:05";"2025-12-21 20:28:11";9;0
"user_3325";23;22;"2025-02-16 15:25:40";"2025-12-25 20:45:42";95.2609;762.7391;2;23;"2025-02-16 15:25:40";"2025-12-25 20:45:42";5;0
"user_3326";20;17;"2025-02-20 11:43:47";"2025-12-17 20:27:23";89.15;737.6;1;20;"2025-02-20 11:43:47";"2025-12-17 20:27:23";13;0
"user_3327";19;18;"2025-03-13 10:54:46";"2025-12-21 05:19:24";96.2105;774.9474;2;19;"2025-03-13 10:54:46";"2025-12-21 05:19:24";9;0
"user_3328";47;45;"2025-01-21 07:43:41";"2025-12-15 08:30:02";91.9787;748.5745;1;47;"2025-01-21 07:43:41";"2025-12-15 08:30:02";15;0
"user_3329";63;48;"2025-01-10 00:47:22";"2025-07-14 13:12:41";90.6984;746.1111;1;63;"2025-01-10 00:47:22";"2025-07-14 13:12:41";169;1
"user_333";84;68;"2025-01-21 02:16:03";"2025-07-22 01:24:43";90.369;724.4048;1;84;"2025-01-21 02:16:03";"2025-07-22 01:24:43";161;1
"user_3330";29;29;"2025-02-12 20:03:32";"2025-12-23 16:27:47";81.1724;661.2759;1;29;"2025-02-12 20:03:32";"2025-12-23 16:27:47";7;0
"user_3331";41;39;"2025-02-07 09:54:29";"2025-12-29 22:09:08";91.5122;716.439;1;41;"2025-02-07 09:54:29";"2025-12-29 22:09:08";1;0
"user_3332";24;24;"2025-02-26 06:12:13";"2025-12-21 11:29:10";84.375;679.2917;1;24;"2025-02-26 06:12:13";"2025-12-21 11:29:10";9;0
"user_3333";65;58;"2025-01-21 04:48:33";"2025-08-16 20:40:12";88.5231;715.8923;2;65;"2025-01-21 04:48:33";"2025-08-16 20:40:12";136;1
"user_3334";102;82;"2025-01-31 08:06:45";"2025-12-16 04:53:01";87.9706;710.5392;1;102;"2025-01-31 08:06:45";"2025-12-16 04:53:01";14;0
"user_3335";18;18;"2025-02-03 10:17:51";"2025-12-09 21:13:08";97.0;771.3333;1;18;"2025-02-03 10:17:51";"2025-12-09 21:13:08";21;0
"user_3336";19;19;"2025-01-20 06:38:23";"2025-12-20 19:22:48";91.8421;728.4737;1;19;"2025-01-20 06:38:23";"2025-12-20 19:22:48";10;0
"user_3337";13;13;"2025-01-23 07:10:35";"2025-11-01 06:47:47";83.0769;695.0;2;13;"2025-01-23 07:10:35";"2025-11-01 06:47:47";59;1
"user_3338";15;14;"2025-01-14 05:54:19";"2025-09-12 15:12:51";82.4;630.6;1;15;"2025-01-14 05:54:19";"2025-09-12 15:12:51";109;1
"user_3339";49;46;"2025-01-16 13:29:51";"2025-12-05 04:07:50";86.2857;694.0;1;49;"2025-01-16 13:29:51";"2025-12-05 04:07:50";25;1
"user_334";65;56;"2025-01-13 17:34:14";"2025-08-07 23:33:57";89.2923;700.2;1;65;"2025-01-13 17:34:14";"2025-08-07 23:33:57";145;1
"user_3340";24;21;"2025-02-27 01:16:42";"2025-11-24 11:18:36";83.9583;640.25;1;24;"2025-02-27 01:16:42";"2025-11-24 11:18:36";36;1
"user_3341";16;16;"2025-02-20 15:36:03";"2025-12-26 02:34:19";95.3125;756.75;2;16;"2025-02-20 15:36:03";"2025-12-26 02:34:19";4;0
"user_3342";42;42;"2025-02-23 05:39:50";"2025-12-29 12:22:48";89.3095;760.619;2;42;"2025-02-23 05:39:50";"2025-12-29 12:22:48";1;0
"user_3343";42;38;"2025-02-16 07:50:31";"2025-12-20 07:33:39";90.3095;734.6429;2;42;"2025-02-16 07:50:31";"2025-12-20 07:33:39";10;0
"user_3344";62;50;"2025-02-10 12:22:45";"2025-07-01 01:03:53";88.7419;715.9839;1;62;"2025-02-10 12:22:45";"2025-07-01 01:03:53";182;1
"user_3345";45;40;"2025-01-29 13:58:27";"2025-12-19 11:29:02";88.3778;717.0667;2;45;"2025-01-29 13:58:27";"2025-12-19 11:29:02";11;0
"user_3346";24;23;"2025-02-12 15:34:47";"2025-12-12 16:42:20";89.8333;733.25;2;24;"2025-02-12 15:34:47";"2025-12-12 16:42:20";18;0
"user_3347";61;55;"2025-01-17 15:58:37";"2025-08-05 23:06:52";90.5902;711.0328;2;61;"2025-01-17 15:58:37";"2025-08-05 23:06:52";147;1
"user_3348";66;55;"2025-02-14 14:08:22";"2025-09-04 16:36:00";93.0303;746.6667;2;66;"2025-02-14 14:08:22";"2025-09-04 16:36:00";117;1
"user_3349";56;52;"2025-02-13 00:08:05";"2025-12-26 05:30:59";86.5893;675.375;2;56;"2025-02-13 00:08:05";"2025-12-26 05:30:59";4;0
"user_335";63;53;"2025-03-01 19:36:58";"2025-08-29 22:04:55";90.9841;732.5079;2;63;"2025-03-01 19:36:58";"2025-08-29 22:04:55";123;1
"user_3350";89;82;"2025-01-19 06:38:41";"2025-10-19 21:34:49";89.8876;742.1348;1;89;"2025-01-19 06:38:41";"2025-10-19 21:34:49";72;1
"user_3351";73;59;"2025-01-02 17:01:45";"2025-06-28 09:16:03";88.9315;708.3836;1;73;"2025-01-02 17:01:45";"2025-06-28 09:16:03";185;1
"user_3352";52;47;"2025-02-09 20:42:12";"2025-12-25 14:47:03";92.2308;736.8462;1;52;"2025-02-09 20:42:12";"2025-12-25 14:47:03";5;0
"user_3353";11;11;"2025-02-23 14:51:41";"2025-12-25 01:27:38";86.0;681.2727;1;11;"2025-02-23 14:51:41";"2025-12-25 01:27:38";5;0
"user_3354";47;45;"2025-01-09 21:00:23";"2025-12-25 21:06:35";89.4894;729.9574;1;47;"2025-01-09 21:00:23";"2025-12-25 21:06:35";5;0
"user_3355";61;53;"2025-01-17 23:25:19";"2025-06-26 10:59:40";91.4098;726.2295;1;61;"2025-01-17 23:25:19";"2025-06-26 10:59:40";187;1
"user_3356";87;77;"2025-01-04 10:48:40";"2025-08-13 02:11:18";92.3218;748.5862;1;87;"2025-01-04 10:48:40";"2025-08-13 02:11:18";139;1
"user_3357";23;23;"2025-03-07 13:34:14";"2025-12-17 03:34:47";82.5217;682.087;2;23;"2025-03-07 13:34:14";"2025-12-17 03:34:47";13;0
"user_3358";37;35;"2025-01-26 11:55:54";"2025-12-24 15:26:35";87.7297;701.1892;1;37;"2025-01-26 11:55:54";"2025-12-24 15:26:35";6;0
"user_3359";16;16;"2025-03-13 00:26:00";"2025-12-19 08:25:45";86.125;698.5625;1;16;"2025-03-13 00:26:00";"2025-12-19 08:25:45";11;0
"user_336";74;64;"2025-03-02 19:54:37";"2025-09-21 02:46:50";87.3378;667.9324;2;74;"2025-03-02 19:54:37";"2025-09-21 02:46:50";100;1
"user_3360";29;27;"2025-01-27 04:18:23";"2025-12-20 20:29:28";88.5172;729.069;1;29;"2025-01-27 04:18:23";"2025-12-20 20:29:28";10;0
"user_3361";27;25;"2025-02-15 08:54:10";"2025-12-15 01:50:37";89.2222;727.8519;1;27;"2025-02-15 08:54:10";"2025-12-15 01:50:37";15;0
"user_3362";71;55;"2025-02-05 22:39:55";"2025-09-04 23:03:47";91.0563;724.2958;1;71;"2025-02-05 22:39:55";"2025-09-04 23:03:47";117;1
"user_3363";31;31;"2025-03-09 11:47:22";"2025-12-28 09:52:44";89.129;729.4516;1;31;"2025-03-09 11:47:22";"2025-12-28 09:52:44";2;0
"user_3364";96;80;"2025-02-15 18:25:48";"2025-10-31 08:21:11";90.5625;738.125;2;96;"2025-02-15 18:25:48";"2025-10-31 08:21:11";60;1
"user_3365";16;16;"2025-03-01 06:52:55";"2025-11-17 23:55:30";92.6875;718.5;1;16;"2025-03-01 06:52:55";"2025-11-17 23:55:30";43;1
"user_3366";49;43;"2025-02-06 08:09:00";"2025-12-30 16:05:47";88.4286;729.0204;2;49;"2025-02-06 08:09:00";"2025-12-30 16:05:47";0;0
"user_3367";51;44;"2025-02-03 12:27:47";"2025-12-28 01:21:39";83.5686;673.7255;2;51;"2025-02-03 12:27:47";"2025-12-28 01:21:39";2;0
"user_3368";64;56;"2025-02-08 15:14:29";"2025-07-21 20:01:57";90.0;718.5781;2;64;"2025-02-08 15:14:29";"2025-07-21 20:01:57";162;1
"user_3369";61;56;"2025-01-10 19:04:57";"2025-09-03 17:49:02";93.0328;739.8525;2;61;"2025-01-10 19:04:57";"2025-09-03 17:49:02";118;1
"user_337";13;10;"2025-03-15 21:09:09";"2025-12-02 14:13:09";97.7692;790.3077;1;13;"2025-03-15 21:09:09";"2025-12-02 14:13:09";28;1
"user_3370";26;26;"2025-03-06 09:18:34";"2025-12-24 02:32:20";94.5;741.7692;2;26;"2025-03-06 09:18:34";"2025-12-24 02:32:20";6;0
"user_3371";93;78;"2025-01-24 05:59:06";"2025-12-02 07:44:35";88.7957;706.9247;1;93;"2025-01-24 05:59:06";"2025-12-02 07:44:35";28;1
"user_3372";56;54;"2025-01-07 08:38:50";"2025-12-29 04:00:29";93.0714;745.7143;1;56;"2025-01-07 08:38:50";"2025-12-29 04:00:29";1;0
"user_3373";105;83;"2025-01-17 07:38:26";"2025-10-06 02:57:28";91.9714;736.7048;2;105;"2025-01-17 07:38:26";"2025-10-06 02:57:28";85;1
"user_3374";21;21;"2025-02-01 20:40:35";"2025-12-01 11:18:30";90.5238;706.1905;1;21;"2025-02-01 20:40:35";"2025-12-01 11:18:30";29;1
"user_3375";24;24;"2025-01-12 18:46:21";"2025-12-24 22:24:01";92.875;770.2917;2;24;"2025-01-12 18:46:21";"2025-12-24 22:24:01";6;0
"user_3376";23;22;"2025-01-20 10:41:55";"2025-12-22 14:52:33";93.3478;764.4783;2;23;"2025-01-20 10:41:55";"2025-12-22 14:52:33";8;0
"user_3377";21;20;"2025-01-18 01:09:23";"2025-12-15 19:28:02";85.8095;675.2381;1;21;"2025-01-18 01:09:23";"2025-12-15 19:28:02";15;0
"user_3378";71;60;"2025-02-21 00:39:15";"2025-09-21 04:49:26";85.6901;690.0;1;71;"2025-02-21 00:39:15";"2025-09-21 04:49:26";100;1
"user_3379";104;86;"2025-01-30 05:39:24";"2025-12-03 13:37:30";87.9327;709.0481;1;104;"2025-01-30 05:39:24";"2025-12-03 13:37:30";27;1
"user_338";19;18;"2025-01-29 07:12:54";"2025-11-27 23:04:25";84.5789;666.0526;2;19;"2025-01-29 07:12:54";"2025-11-27 23:04:25";33;1
"user_3380";24;24;"2025-02-23 11:13:30";"2025-12-20 17:16:42";81.8333;675.9167;2;24;"2025-02-23 11:13:30";"2025-12-20 17:16:42";10;0
"user_3381";48;45;"2025-02-01 16:52:28";"2025-12-27 20:47:50";95.0833;747.6042;2;48;"2025-02-01 16:52:28";"2025-12-27 20:47:50";3;0
"user_3382";36;35;"2025-02-20 00:00:22";"2025-12-29 14:10:47";88.8333;709.2778;1;36;"2025-02-20 00:00:22";"2025-12-29 14:10:47";1;0
"user_3383";94;79;"2025-02-15 02:37:16";"2025-11-01 01:08:29";87.0638;707.9574;1;94;"2025-02-15 02:37:16";"2025-11-01 01:08:29";59;1
"user_3384";72;53;"2025-02-13 10:03:37";"2025-08-14 03:44:56";85.5556;693.3056;1;72;"2025-02-13 10:03:37";"2025-08-14 03:44:56";138;1
"user_3385";78;67;"2025-01-20 00:06:21";"2025-08-23 14:01:08";88.0128;707.7692;2;78;"2025-01-20 00:06:21";"2025-08-23 14:01:08";129;1
"user_3386";18;17;"2025-02-21 16:00:49";"2025-12-17 07:48:58";87.3889;722.2778;1;18;"2025-02-21 16:00:49";"2025-12-17 07:48:58";13;0
"user_3387";64;61;"2025-02-03 07:23:46";"2025-09-27 15:24:54";89.6094;727.8281;2;64;"2025-02-03 07:23:46";"2025-09-27 15:24:54";94;1
"user_3388";48;45;"2025-01-15 03:00:28";"2025-12-24 21:57:41";91.75;717.6458;2;48;"2025-01-15 03:00:28";"2025-12-24 21:57:41";6;0
"user_3389";87;74;"2025-01-19 00:49:56";"2025-10-29 14:50:11";87.3218;682.3908;2;87;"2025-01-19 00:49:56";"2025-10-29 14:50:11";62;1
"user_339";40;38;"2025-03-15 15:34:32";"2025-12-28 21:32:36";93.725;758.725;2;40;"2025-03-15 15:34:32";"2025-12-28 21:32:36";2;0
"user_3390";21;21;"2025-01-19 05:26:59";"2025-12-12 19:10:17";86.7619;679.8571;1;21;"2025-01-19 05:26:59";"2025-12-12 19:10:17";18;0
"user_3391";46;43;"2025-02-04 10:42:35";"2025-12-29 21:55:48";87.8261;725.7826;1;46;"2025-02-04 10:42:35";"2025-12-29 21:55:48";1;0
"user_3392";18;18;"2025-03-05 23:16:25";"2025-11-29 20:11:15";92.2222;720.4444;2;18;"2025-03-05 23:16:25";"2025-11-29 20:11:15";31;1
"user_3393";11;11;"2025-02-16 05:39:45";"2025-11-29 10:28:37";89.7273;736.9091;1;11;"2025-02-16 05:39:45";"2025-11-29 10:28:37";31;1
"user_3394";47;41;"2025-02-15 09:04:21";"2025-12-26 15:30:51";85.4255;713.2553;1;47;"2025-02-15 09:04:21";"2025-12-26 15:30:51";4;0
"user_3395";19;18;"2025-03-06 00:44:52";"2025-12-09 09:10:50";89.7895;745.9474;2;19;"2025-03-06 00:44:52";"2025-12-09 09:10:50";21;0
"user_3396";10;10;"2025-03-20 21:49:53";"2025-12-24 18:54:09";87.6;697.9;2;10;"2025-03-20 21:49:53";"2025-12-24 18:54:09";6;0
"user_3397";24;23;"2025-01-17 08:50:52";"2025-12-10 22:59:50";89.875;710.125;2;24;"2025-01-17 08:50:52";"2025-12-10 22:59:50";20;0
"user_3398";19;19;"2025-02-19 03:02:22";"2025-12-05 08:46:28";93.2105;769.1579;2;19;"2025-02-19 03:02:22";"2025-12-05 08:46:28";25;1
"user_3399";69;64;"2025-01-10 04:27:12";"2025-08-10 05:24:09";84.2319;696.1449;2;69;"2025-01-10 04:27:12";"2025-08-10 05:24:09";142;1
"user_34";18;18;"2025-03-20 15:56:41";"2025-12-26 02:42:04";89.1111;713.6111;1;18;"2025-03-20 15:56:41";"2025-12-26 02:42:04";4;0
"user_340";67;55;"2025-02-08 16:54:45";"2025-08-27 07:28:36";92.2836;760.2836;1;67;"2025-02-08 16:54:45";"2025-08-27 07:28:36";125;1
"user_3400";52;51;"2025-02-01 11:18:59";"2025-12-14 02:09:09";91.1154;718.1346;1;52;"2025-02-01 11:18:59";"2025-12-14 02:09:09";16;0
"user_3401";60;52;"2025-01-11 22:45:24";"2025-08-17 01:16:02";87.6333;698.6167;1;60;"2025-01-11 22:45:24";"2025-08-17 01:16:02";135;1
"user_3402";94;78;"2025-01-22 14:45:34";"2025-11-14 16:51:36";89.3298;720.8298;1;94;"2025-01-22 14:45:34";"2025-11-14 16:51:36";46;1
"user_3403";12;12;"2025-02-01 23:31:59";"2025-12-19 22:11:27";80.8333;646.3333;2;12;"2025-02-01 23:31:59";"2025-12-19 22:11:27";11;0
"user_3404";47;44;"2025-02-28 15:25:09";"2025-12-29 03:45:46";93.1489;766.4894;2;47;"2025-02-28 15:25:09";"2025-12-29 03:45:46";1;0
"user_3405";19;18;"2025-02-22 05:20:53";"2025-12-05 01:00:26";86.4737;674.7368;2;19;"2025-02-22 05:20:53";"2025-12-05 01:00:26";25;1
"user_3406";24;24;"2025-01-12 05:33:51";"2025-12-26 09:31:49";92.5;782.3333;1;24;"2025-01-12 05:33:51";"2025-12-26 09:31:49";4;0
"user_3407";17;17;"2025-01-10 01:41:12";"2025-12-01 01:51:13";87.8824;738.2941;1;17;"2025-01-10 01:41:12";"2025-12-01 01:51:13";29;1
"user_3408";22;21;"2025-03-02 10:27:07";"2025-12-25 08:32:46";89.0455;771.5455;1;22;"2025-03-02 10:27:07";"2025-12-25 08:32:46";5;0
"user_3409";85;71;"2025-01-31 14:48:56";"2025-10-13 00:13:41";92.2353;739.2353;2;85;"2025-01-31 14:48:56";"2025-10-13 00:13:41";78;1
"user_341";44;40;"2025-01-21 07:22:16";"2025-12-29 17:14:28";88.0455;717.6364;1;44;"2025-01-21 07:22:16";"2025-12-29 17:14:28";1;0
"user_3410";105;83;"2025-01-22 12:48:30";"2025-09-22 23:59:33";87.2952;688.3143;2;105;"2025-01-22 12:48:30";"2025-09-22 23:59:33";99;1
"user_3411";48;42;"2025-01-20 08:13:05";"2025-12-30 16:34:54";92.7083;752.9792;1;48;"2025-01-20 08:13:05";"2025-12-30 16:34:54";0;0
"user_3412";120;105;"2025-01-20 16:40:04";"2025-12-26 01:40:20";89.5833;703.7833;2;120;"2025-01-20 16:40:04";"2025-12-26 01:40:20";4;0
"user_3413";77;67;"2025-02-25 23:33:00";"2025-11-02 10:07:21";89.2078;720.1948;2;77;"2025-02-25 23:33:00";"2025-11-02 10:07:21";58;1
"user_3414";52;49;"2025-01-20 06:00:57";"2025-12-19 17:24:47";92.6538;762.3269;2;52;"2025-01-20 06:00:57";"2025-12-19 17:24:47";11;0
"user_3415";24;24;"2025-01-28 23:52:07";"2025-12-24 06:07:47";89.125;718.2917;1;24;"2025-01-28 23:52:07";"2025-12-24 06:07:47";6;0
"user_3416";50;44;"2025-03-08 22:18:24";"2025-12-25 21:24:12";92.52;737.94;1;50;"2025-03-08 22:18:24";"2025-12-25 21:24:12";5;0
"user_3417";70;66;"2025-01-08 03:17:54";"2025-12-17 15:56:52";87.8857;705.6143;2;70;"2025-01-08 03:17:54";"2025-12-17 15:56:52";13;0
"user_3418";25;24;"2025-01-06 19:17:36";"2025-12-29 18:09:21";92.28;728.44;2;25;"2025-01-06 19:17:36";"2025-12-29 18:09:21";1;0
"user_3419";77;66;"2025-02-05 04:36:15";"2025-09-21 14:05:37";87.4675;703.3766;1;77;"2025-02-05 04:36:15";"2025-09-21 14:05:37";100;1
"user_342";57;50;"2025-02-07 22:15:10";"2025-12-27 00:43:01";93.0351;726.614;2;57;"2025-02-07 22:15:10";"2025-12-27 00:43:01";3;0
"user_3420";68;57;"2025-02-23 04:07:06";"2025-09-19 17:22:02";90.4118;728.0735;2;68;"2025-02-23 04:07:06";"2025-09-19 17:22:02";102;1
"user_3421";25;23;"2025-03-02 02:59:17";"2025-11-08 04:15:48";98.12;783.48;1;25;"2025-03-02 02:59:17";"2025-11-08 04:15:48";52;1
"user_3422";55;49;"2025-02-08 14:23:02";"2025-12-26 09:25:20";92.5455;746.1818;1;55;"2025-02-08 14:23:02";"2025-12-26 09:25:20";4;0
"user_3423";28;27;"2025-01-06 00:16:35";"2025-12-23 12:45:35";92.7143;746.4286;2;28;"2025-01-06 00:16:35";"2025-12-23 12:45:35";7;0
"user_3424";94;80;"2025-01-20 11:48:07";"2025-11-09 14:15:34";91.6489;745.1809;1;94;"2025-01-20 11:48:07";"2025-11-09 14:15:34";51;1
"user_3425";25;24;"2025-02-03 09:04:27";"2025-12-29 17:54:12";89.92;717.48;1;25;"2025-02-03 09:04:27";"2025-12-29 17:54:12";1;0
"user_3426";48;45;"2025-01-23 02:36:57";"2025-12-10 05:02:52";90.0417;730.7292;1;48;"2025-01-23 02:36:57";"2025-12-10 05:02:52";20;0
"user_3427";53;49;"2025-01-14 06:50:46";"2025-12-30 03:16:08";90.0943;760.717;2;53;"2025-01-14 06:50:46";"2025-12-30 03:16:08";0;0
"user_3428";52;48;"2025-01-15 10:22:36";"2025-12-29 16:56:14";89.5192;726.2115;1;52;"2025-01-15 10:22:36";"2025-12-29 16:56:14";1;0
"user_3429";14;12;"2025-02-15 00:11:50";"2025-12-16 17:59:38";91.7143;760.4286;1;14;"2025-02-15 00:11:50";"2025-12-16 17:59:38";14;0
"user_343";76;64;"2025-02-15 14:43:58";"2025-08-23 07:54:19";88.3553;689.6974;1;76;"2025-02-15 14:43:58";"2025-08-23 07:54:19";129;1
"user_3430";46;43;"2025-02-18 05:35:28";"2025-12-29 06:55:58";87.6304;703.4783;1;46;"2025-02-18 05:35:28";"2025-12-29 06:55:58";1;0
"user_3431";47;45;"2025-01-18 18:49:51";"2025-12-29 18:41:05";90.5319;763.7234;1;47;"2025-01-18 18:49:51";"2025-12-29 18:41:05";1;0
"user_3432";13;13;"2025-03-14 16:48:46";"2025-12-05 14:30:58";80.6154;646.7692;1;13;"2025-03-14 16:48:46";"2025-12-05 14:30:58";25;1
"user_3433";23;23;"2025-01-22 12:11:14";"2025-12-24 18:25:46";93.913;752.0435;1;23;"2025-01-22 12:11:14";"2025-12-24 18:25:46";6;0
"user_3434";57;52;"2025-01-10 14:45:38";"2025-12-30 14:25:36";92.5614;775.0351;2;57;"2025-01-10 14:45:38";"2025-12-30 14:25:36";0;0
"user_3435";17;17;"2025-03-18 00:45:32";"2025-12-27 01:50:21";84.7647;685.7647;2;17;"2025-03-18 00:45:32";"2025-12-27 01:50:21";3;0
"user_3436";62;57;"2025-01-04 10:25:13";"2025-12-25 01:04:57";87.3065;712.0;2;62;"2025-01-04 10:25:13";"2025-12-25 01:04:57";5;0
"user_3437";62;55;"2025-02-16 17:15:43";"2025-09-20 04:41:41";91.4355;720.4839;2;62;"2025-02-16 17:15:43";"2025-09-20 04:41:41";101;1
"user_3438";61;56;"2025-01-07 03:18:18";"2025-12-16 00:05:41";86.1967;669.9836;1;61;"2025-01-07 03:18:18";"2025-12-16 00:05:41";14;0
"user_3439";14;14;"2025-04-03 13:53:46";"2025-12-08 00:50:23";85.0;710.5;1;14;"2025-04-03 13:53:46";"2025-12-08 00:50:23";22;1
"user_344";47;45;"2025-02-18 17:56:04";"2025-12-29 11:39:05";90.234;731.3191;1;47;"2025-02-18 17:56:04";"2025-12-29 11:39:05";1;0
"user_3440";23;22;"2025-03-09 12:15:07";"2025-12-21 23:53:53";90.6087;700.6957;1;23;"2025-03-09 12:15:07";"2025-12-21 23:53:53";9;0
"user_3441";51;48;"2025-01-18 07:54:22";"2025-12-14 04:12:54";88.1569;712.6667;1;51;"2025-01-18 07:54:22";"2025-12-14 04:12:54";16;0
"user_3442";56;52;"2025-01-12 01:04:08";"2025-12-21 05:16:40";89.3214;726.4643;2;56;"2025-01-12 01:04:08";"2025-12-21 05:16:40";9;0
"user_3443";103;87;"2025-01-06 14:44:04";"2025-10-28 21:37:25";90.0097;706.9515;1;103;"2025-01-06 14:44:04";"2025-10-28 21:37:25";63;1
"user_3444";14;13;"2025-02-24 19:34:35";"2025-12-17 06:13:16";85.6429;705.0714;1;14;"2025-02-24 19:34:35";"2025-12-17 06:13:16";13;0
"user_3445";11;10;"2025-03-25 16:50:33";"2025-12-29 06:06:53";90.2727;751.6364;2;11;"2025-03-25 16:50:33";"2025-12-29 06:06:53";1;0
"user_3446";45;42;"2025-03-10 06:40:31";"2025-12-21 17:03:49";93.6667;755.8222;2;45;"2025-03-10 06:40:31";"2025-12-21 17:03:49";9;0
"user_3447";22;21;"2025-03-29 14:15:31";"2025-12-27 06:20:17";84.4091;653.3182;2;22;"2025-03-29 14:15:31";"2025-12-27 06:20:17";3;0
"user_3448";22;22;"2025-01-25 11:18:21";"2025-12-09 07:45:15";92.5455;750.7273;2;22;"2025-01-25 11:18:21";"2025-12-09 07:45:15";21;0
"user_3449";50;44;"2025-02-12 17:31:03";"2025-12-28 16:20:44";84.12;653.5;1;50;"2025-02-12 17:31:03";"2025-12-28 16:20:44";2;0
"user_345";47;44;"2025-01-14 20:29:59";"2025-12-28 16:13:55";93.4468;754.1489;1;47;"2025-01-14 20:29:59";"2025-12-28 16:13:55";2;0
"user_3450";91;80;"2025-02-24 09:43:14";"2025-12-19 05:04:28";90.2198;721.4286;2;91;"2025-02-24 09:43:14";"2025-12-19 05:04:28";11;0
"user_3451";48;44;"2025-02-16 18:16:39";"2025-12-29 18:52:32";89.6667;722.7708;2;48;"2025-02-16 18:16:39";"2025-12-29 18:52:32";1;0
"user_3452";17;17;"2025-02-10 08:25:58";"2025-12-02 01:14:29";90.7647;763.1176;1;17;"2025-02-10 08:25:58";"2025-12-02 01:14:29";28;1
"user_3453";22;22;"2025-01-23 22:07:44";"2025-10-16 23:26:55";81.3182;670.8636;1;22;"2025-01-23 22:07:44";"2025-10-16 23:26:55";75;1
"user_3454";41;40;"2025-02-16 18:12:36";"2025-12-24 22:44:22";91.9756;733.8049;2;41;"2025-02-16 18:12:36";"2025-12-24 22:44:22";6;0
"user_3455";17;17;"2025-01-12 04:44:50";"2025-12-05 11:25:54";91.7647;709.4118;2;17;"2025-01-12 04:44:50";"2025-12-05 11:25:54";25;1
"user_3456";74;62;"2025-02-19 03:33:54";"2025-10-28 00:10:15";88.973;710.2703;2;74;"2025-02-19 03:33:54";"2025-10-28 00:10:15";63;1
"user_3457";50;48;"2025-01-22 06:54:55";"2025-12-26 07:42:59";86.74;709.06;2;50;"2025-01-22 06:54:55";"2025-12-26 07:42:59";4;0
"user_3458";26;26;"2025-02-25 06:07:55";"2025-12-27 01:23:29";84.3846;701.6538;1;26;"2025-02-25 06:07:55";"2025-12-27 01:23:29";3;0
"user_3459";21;21;"2025-02-08 04:30:45";"2025-11-03 16:20:38";93.6667;706.619;1;21;"2025-02-08 04:30:45";"2025-11-03 16:20:38";57;1
"user_346";49;45;"2025-02-09 12:31:36";"2025-12-27 20:59:59";88.8367;738.449;1;49;"2025-02-09 12:31:36";"2025-12-27 20:59:59";3;0
"user_3460";39;35;"2025-03-02 03:40:07";"2025-12-11 02:52:50";84.8462;690.3077;2;39;"2025-03-02 03:40:07";"2025-12-11 02:52:50";19;0
"user_3461";62;53;"2025-01-11 14:36:40";"2025-08-08 22:32:15";94.0161;760.2581;1;62;"2025-01-11 14:36:40";"2025-08-08 22:32:15";144;1
"user_3462";66;53;"2025-02-24 04:58:30";"2025-08-30 01:29:33";86.0758;701.303;2;66;"2025-02-24 04:58:30";"2025-08-30 01:29:33";122;1
"user_3463";42;39;"2025-02-12 10:34:36";"2025-12-30 21:57:19";91.6429;719.381;1;42;"2025-02-12 10:34:36";"2025-12-30 21:57:19";0;0
"user_3464";54;49;"2025-01-22 14:37:47";"2025-12-22 14:18:16";97.0;756.463;2;54;"2025-01-22 14:37:47";"2025-12-22 14:18:16";8;0
"user_3465";78;64;"2025-01-29 03:16:52";"2025-08-04 12:50:40";85.3333;667.2051;2;78;"2025-01-29 03:16:52";"2025-08-04 12:50:40";148;1
"user_3466";22;22;"2025-01-21 12:42:08";"2025-12-01 04:33:56";84.2273;650.6364;1;22;"2025-01-21 12:42:08";"2025-12-01 04:33:56";29;1
"user_3467";53;50;"2025-02-09 20:21:17";"2025-12-30 12:54:12";91.3396;733.2642;1;53;"2025-02-09 20:21:17";"2025-12-30 12:54:12";0;0
"user_3468";26;26;"2025-02-27 04:48:58";"2025-12-30 09:50:04";89.9615;771.0;2;26;"2025-02-27 04:48:58";"2025-12-30 09:50:04";0;0
"user_3469";29;26;"2025-02-22 20:21:19";"2025-12-19 06:05:17";90.7931;755.2069;2;29;"2025-02-22 20:21:19";"2025-12-19 06:05:17";11;0
"user_347";43;42;"2025-02-14 11:41:27";"2025-12-13 23:06:01";86.093;707.8372;2;43;"2025-02-14 11:41:27";"2025-12-13 23:06:01";17;0
"user_3470";69;62;"2025-01-10 18:07:00";"2025-09-21 14:50:29";89.6522;740.3913;2;69;"2025-01-10 18:07:00";"2025-09-21 14:50:29";100;1
"user_3471";80;65;"2025-02-07 13:07:49";"2025-10-01 13:38:39";87.5125;720.35;2;80;"2025-02-07 13:07:49";"2025-10-01 13:38:39";90;1
"user_3472";26;26;"2025-01-28 13:55:58";"2025-12-23 23:51:06";85.6538;680.6923;1;26;"2025-01-28 13:55:58";"2025-12-23 23:51:06";7;0
"user_3473";52;47;"2025-02-10 21:33:32";"2025-12-25 16:24:29";93.6923;764.1731;2;52;"2025-02-10 21:33:32";"2025-12-25 16:24:29";5;0
"user_3474";20;20;"2025-02-14 08:25:07";"2025-12-21 07:15:46";94.4;743.45;1;20;"2025-02-14 08:25:07";"2025-12-21 07:15:46";9;0
"user_3475";20;18;"2025-03-20 22:12:12";"2025-12-27 04:49:29";93.95;771.1;1;20;"2025-03-20 22:12:12";"2025-12-27 04:49:29";3;0
"user_3476";26;25;"2025-03-24 10:00:27";"2025-12-25 21:48:35";95.3846;764.5769;1;26;"2025-03-24 10:00:27";"2025-12-25 21:48:35";5;0
"user_3477";12;12;"2025-02-09 18:08:37";"2025-10-30 19:24:49";93.1667;756.5833;1;12;"2025-02-09 18:08:37";"2025-10-30 19:24:49";61;1
"user_3478";57;55;"2025-02-16 19:08:02";"2025-12-27 13:44:31";95.1053;775.4211;2;57;"2025-02-16 19:08:02";"2025-12-27 13:44:31";3;0
"user_3479";43;41;"2025-03-06 01:22:51";"2025-12-23 00:12:01";88.7442;707.6744;1;43;"2025-03-06 01:22:51";"2025-12-23 00:12:01";7;0
"user_348";63;53;"2025-02-14 00:11:55";"2025-08-13 15:41:52";86.3016;700.9206;1;63;"2025-02-14 00:11:55";"2025-08-13 15:41:52";139;1
"user_3480";54;51;"2025-01-10 04:46:34";"2025-12-22 08:43:36";94.0185;744.6852;1;54;"2025-01-10 04:46:34";"2025-12-22 08:43:36";8;0
"user_3481";67;61;"2025-01-06 16:50:46";"2025-08-03 04:00:34";95.1642;757.1194;1;67;"2025-01-06 16:50:46";"2025-08-03 04:00:34";149;1
"user_3482";56;54;"2025-01-16 10:17:44";"2025-12-24 10:15:50";87.4286;684.5179;1;56;"2025-01-16 10:17:44";"2025-12-24 10:15:50";6;0
"user_3483";61;52;"2025-01-07 08:13:12";"2025-07-20 02:58:18";89.4098;707.3115;1;61;"2025-01-07 08:13:12";"2025-07-20 02:58:18";163;1
"user_3484";17;17;"2025-02-26 22:22:53";"2025-12-26 12:46:05";94.2941;804.0;2;17;"2025-02-26 22:22:53";"2025-12-26 12:46:05";4;0
"user_3485";43;39;"2025-03-09 19:04:19";"2025-12-25 08:24:30";91.0;718.2093;2;43;"2025-03-09 19:04:19";"2025-12-25 08:24:30";5;0
"user_3486";48;44;"2025-02-20 23:59:55";"2025-12-26 09:32:44";88.7917;682.5;2;48;"2025-02-20 23:59:55";"2025-12-26 09:32:44";4;0
"user_3487";32;30;"2025-02-21 10:10:36";"2025-12-29 09:18:31";91.25;738.8438;2;32;"2025-02-21 10:10:36";"2025-12-29 09:18:31";1;0
"user_3488";71;58;"2025-01-19 09:20:33";"2025-08-09 12:56:57";89.2394;704.9296;2;71;"2025-01-19 09:20:33";"2025-08-09 12:56:57";143;1
"user_3489";69;57;"2025-01-24 11:24:49";"2025-09-06 16:05:34";87.4058;705.6522;1;69;"2025-01-24 11:24:49";"2025-09-06 16:05:34";115;1
"user_349";63;58;"2025-02-27 09:08:10";"2025-12-29 18:32:38";89.9683;720.746;2;63;"2025-02-27 09:08:10";"2025-12-29 18:32:38";1;0
"user_3490";36;35;"2025-02-28 10:11:08";"2025-12-27 01:55:23";84.0556;686.8889;2;36;"2025-02-28 10:11:08";"2025-12-27 01:55:23";3;0
"user_3491";65;55;"2025-02-19 21:23:48";"2025-09-16 05:33:36";88.7231;732.2308;1;65;"2025-02-19 21:23:48";"2025-09-16 05:33:36";105;1
"user_3492";61;55;"2025-01-09 16:27:15";"2025-12-12 21:07:19";87.8197;704.1311;1;61;"2025-01-09 16:27:15";"2025-12-12 21:07:19";18;0
"user_3493";15;14;"2025-02-16 02:20:48";"2025-12-21 18:51:36";78.0;626.6;2;15;"2025-02-16 02:20:48";"2025-12-21 18:51:36";9;0
"user_3494";14;14;"2025-01-18 15:47:20";"2025-09-06 11:59:30";92.9286;706.7143;2;14;"2025-01-18 15:47:20";"2025-09-06 11:59:30";115;1
"user_3495";21;21;"2025-02-08 11:47:30";"2025-12-21 06:43:32";89.8571;722.9048;2;21;"2025-02-08 11:47:30";"2025-12-21 06:43:32";9;0
"user_3496";74;63;"2025-02-02 02:32:07";"2025-10-11 15:22:19";86.6351;711.1622;2;74;"2025-02-02 02:32:07";"2025-10-11 15:22:19";80;1
"user_3497";22;22;"2025-01-27 23:32:16";"2025-12-17 13:44:52";85.4091;674.3182;2;22;"2025-01-27 23:32:16";"2025-12-17 13:44:52";13;0
"user_3498";12;12;"2025-03-12 04:00:45";"2025-11-16 09:41:11";99.5;800.6667;2;12;"2025-03-12 04:00:45";"2025-11-16 09:41:11";44;1
"user_3499";65;53;"2025-01-13 18:19:20";"2025-07-08 15:03:46";93.0615;743.4462;2;65;"2025-01-13 18:19:20";"2025-07-08 15:03:46";175;1
"user_35";15;15;"2025-03-08 23:34:49";"2025-12-11 16:30:48";89.2667;680.2667;1;15;"2025-03-08 23:34:49";"2025-12-11 16:30:48";19;0
"user_350";39;37;"2025-02-27 05:54:37";"2025-12-28 12:04:47";88.3846;696.6667;1;39;"2025-02-27 05:54:37";"2025-12-28 12:04:47";2;0
"user_3500";18;18;"2025-01-26 03:12:55";"2025-12-18 23:29:57";97.0556;767.6111;2;18;"2025-01-26 03:12:55";"2025-12-18 23:29:57";12;0
"user_3501";61;54;"2025-01-26 10:00:04";"2025-07-02 02:21:24";90.9672;719.4098;2;61;"2025-01-26 10:00:04";"2025-07-02 02:21:24";181;1
"user_3502";27;27;"2025-03-06 01:46:21";"2025-12-15 12:25:35";85.2222;660.7407;1;27;"2025-03-06 01:46:21";"2025-12-15 12:25:35";15;0
"user_3503";14;14;"2025-01-29 07:26:18";"2025-11-14 05:45:46";100.0;793.2857;1;14;"2025-01-29 07:26:18";"2025-11-14 05:45:46";46;1
"user_3504";63;58;"2025-02-02 09:36:49";"2025-08-17 08:46:22";92.0;740.6032;1;63;"2025-02-02 09:36:49";"2025-08-17 08:46:22";135;1
"user_3505";11;11;"2025-01-22 11:24:52";"2025-12-08 12:45:47";84.0909;692.6364;1;11;"2025-01-22 11:24:52";"2025-12-08 12:45:47";22;1
"user_3506";57;55;"2025-02-01 17:26:10";"2025-12-30 14:51:57";93.2105;752.386;2;57;"2025-02-01 17:26:10";"2025-12-30 14:51:57";0;0
"user_3507";11;11;"2025-02-23 12:56:17";"2025-12-22 20:07:23";87.1818;715.9091;2;11;"2025-02-23 12:56:17";"2025-12-22 20:07:23";8;0
"user_3508";42;39;"2025-02-16 12:20:49";"2025-12-28 03:12:23";92.2143;732.6667;2;42;"2025-02-16 12:20:49";"2025-12-28 03:12:23";2;0
"user_3509";14;14;"2025-03-11 13:59:37";"2025-12-30 17:45:52";93.6429;756.0;1;14;"2025-03-11 13:59:37";"2025-12-30 17:45:52";0;0
"user_351";57;55;"2025-01-16 11:44:51";"2025-12-30 11:03:41";90.6667;727.8421;1;57;"2025-01-16 11:44:51";"2025-12-30 11:03:41";0;0
"user_3510";113;94;"2025-02-05 02:11:37";"2025-12-24 15:54:33";91.4159;739.9912;2;113;"2025-02-05 02:11:37";"2025-12-24 15:54:33";6;0
"user_3511";59;56;"2025-01-26 05:39:52";"2025-12-23 06:20:38";88.8814;721.7119;2;59;"2025-01-26 05:39:52";"2025-12-23 06:20:38";7;0
"user_3512";75;59;"2025-02-18 06:55:08";"2025-09-17 15:24:44";90.5467;726.76;1;75;"2025-02-18 06:55:08";"2025-09-17 15:24:44";104;1
"user_3513";12;12;"2025-02-14 07:46:59";"2025-12-29 16:27:33";84.5833;690.3333;1;12;"2025-02-14 07:46:59";"2025-12-29 16:27:33";1;0
"user_3514";21;21;"2025-02-10 22:59:31";"2025-12-23 08:22:40";93.7619;727.1429;1;21;"2025-02-10 22:59:31";"2025-12-23 08:22:40";7;0
"user_3515";24;24;"2025-01-15 00:24:34";"2025-12-18 09:46:26";92.3333;738.6667;1;24;"2025-01-15 00:24:34";"2025-12-18 09:46:26";12;0
"user_3516";21;21;"2025-01-03 06:48:11";"2025-12-22 13:03:22";81.1905;670.619;2;21;"2025-01-03 06:48:11";"2025-12-22 13:03:22";8;0
"user_3517";60;54;"2025-01-20 11:35:27";"2025-06-19 12:38:04";88.9833;722.6667;1;60;"2025-01-20 11:35:27";"2025-06-19 12:38:04";194;1
"user_3518";54;51;"2025-01-10 04:24:40";"2025-12-24 05:25:01";86.5185;717.537;1;54;"2025-01-10 04:24:40";"2025-12-24 05:25:01";6;0
"user_3519";66;53;"2025-01-29 12:44:20";"2025-08-18 04:30:41";92.1515;756.1667;1;66;"2025-01-29 12:44:20";"2025-08-18 04:30:41";134;1
"user_352";9;8;"2025-02-21 00:38:17";"2025-11-21 08:48:04";97.5556;789.1111;1;9;"2025-02-21 00:38:17";"2025-11-21 08:48:04";39;1
"user_3520";61;52;"2025-01-13 11:03:14";"2025-06-20 08:15:09";91.5574;748.5902;2;61;"2025-01-13 11:03:14";"2025-06-20 08:15:09";193;1
"user_3521";99;85;"2025-02-05 02:38:05";"2025-12-29 21:19:39";88.0808;713.3333;2;99;"2025-02-05 02:38:05";"2025-12-29 21:19:39";1;0
"user_3522";59;55;"2025-02-11 07:18:37";"2025-12-26 22:49:09";84.678;670.4068;1;59;"2025-02-11 07:18:37";"2025-12-26 22:49:09";4;0
"user_3523";70;61;"2025-01-18 01:02:15";"2025-09-07 10:35:19";91.9143;741.8714;1;70;"2025-01-18 01:02:15";"2025-09-07 10:35:19";114;1
"user_3524";96;82;"2025-02-03 10:42:14";"2025-11-14 06:41:49";86.8958;700.4792;2;96;"2025-02-03 10:42:14";"2025-11-14 06:41:49";46;1
"user_3525";99;87;"2025-01-27 01:27:34";"2025-11-10 17:14:42";86.6667;707.9394;1;99;"2025-01-27 01:27:34";"2025-11-10 17:14:42";50;1
"user_3526";74;61;"2025-02-02 02:15:11";"2025-07-25 22:19:47";87.473;704.7973;2;74;"2025-02-02 02:15:11";"2025-07-25 22:19:47";158;1
"user_3527";20;19;"2025-03-20 16:20:56";"2025-12-14 04:38:15";85.25;674.65;2;20;"2025-03-20 16:20:56";"2025-12-14 04:38:15";16;0
"user_3528";20;19;"2025-02-19 14:31:42";"2025-11-27 19:43:21";88.8;716.7;2;20;"2025-02-19 14:31:42";"2025-11-27 19:43:21";33;1
"user_3529";19;18;"2025-01-13 23:06:10";"2025-12-17 15:05:30";95.0;760.1579;1;19;"2025-01-13 23:06:10";"2025-12-17 15:05:30";13;0
"user_353";33;31;"2025-03-01 06:23:32";"2025-12-23 12:39:49";91.9394;751.6061;2;33;"2025-03-01 06:23:32";"2025-12-23 12:39:49";7;0
"user_3530";38;36;"2025-03-02 20:36:24";"2025-12-27 14:16:07";87.3947;673.6842;2;38;"2025-03-02 20:36:24";"2025-12-27 14:16:07";3;0
"user_3531";60;53;"2025-02-11 10:06:13";"2025-08-16 18:49:29";91.8333;731.4833;1;60;"2025-02-11 10:06:13";"2025-08-16 18:49:29";136;1
"user_3532";17;17;"2025-04-07 04:16:44";"2025-12-28 20:01:15";90.9412;735.5294;2;17;"2025-04-07 04:16:44";"2025-12-28 20:01:15";2;0
"user_3533";49;46;"2025-01-09 19:23:07";"2025-12-24 23:29:34";90.102;724.4898;1;49;"2025-01-09 19:23:07";"2025-12-24 23:29:34";6;0
"user_3534";92;81;"2025-02-08 11:20:23";"2025-12-18 05:26:45";88.4674;722.4239;2;92;"2025-02-08 11:20:23";"2025-12-18 05:26:45";12;0
"user_3535";78;72;"2025-02-02 03:32:21";"2025-10-07 22:31:42";86.6154;693.8718;2;78;"2025-02-02 03:32:21";"2025-10-07 22:31:42";84;1
"user_3536";70;55;"2025-02-24 05:00:41";"2025-09-20 14:11:15";89.2286;729.4;2;70;"2025-02-24 05:00:41";"2025-09-20 14:11:15";101;1
"user_3537";78;67;"2025-02-11 06:16:46";"2025-10-10 18:09:15";89.0769;717.6282;2;78;"2025-02-11 06:16:46";"2025-10-10 18:09:15";81;1
"user_3538";48;42;"2025-03-06 02:39:19";"2025-12-23 05:57:03";88.0625;724.1875;1;48;"2025-03-06 02:39:19";"2025-12-23 05:57:03";7;0
"user_3539";26;26;"2025-02-18 09:50:37";"2025-12-09 11:11:52";88.7308;713.1154;1;26;"2025-02-18 09:50:37";"2025-12-09 11:11:52";21;0
"user_354";93;79;"2025-02-08 17:48:27";"2025-12-14 10:13:42";91.1613;735.828;2;93;"2025-02-08 17:48:27";"2025-12-14 10:13:42";16;0
"user_3540";74;60;"2025-02-06 05:42:11";"2025-08-31 12:08:35";88.7973;717.8243;2;74;"2025-02-06 05:42:11";"2025-08-31 12:08:35";121;1
"user_3541";79;68;"2025-02-12 19:35:44";"2025-09-25 02:51:15";94.0633;738.6582;1;79;"2025-02-12 19:35:44";"2025-09-25 02:51:15";96;1
"user_3542";28;28;"2025-01-12 01:28:52";"2025-12-30 12:04:44";91.2143;734.0714;2;28;"2025-01-12 01:28:52";"2025-12-30 12:04:44";0;0
"user_3543";104;89;"2025-02-12 04:56:23";"2025-12-27 23:44:57";92.5865;748.4135;1;104;"2025-02-12 04:56:23";"2025-12-27 23:44:57";3;0
"user_3544";63;58;"2025-01-18 12:43:27";"2025-12-26 15:30:53";90.0952;702.8254;2;63;"2025-01-18 12:43:27";"2025-12-26 15:30:53";4;0
"user_3545";13;13;"2025-03-06 10:34:00";"2025-12-08 01:22:06";93.6154;771.3846;2;13;"2025-03-06 10:34:00";"2025-12-08 01:22:06";22;1
"user_3546";109;94;"2025-01-22 10:48:22";"2025-12-05 22:44:19";88.7615;725.422;1;109;"2025-01-22 10:48:22";"2025-12-05 22:44:19";25;1
"user_3547";88;75;"2025-02-04 15:16:45";"2025-11-24 06:59:54";92.0795;739.6705;2;88;"2025-02-04 15:16:45";"2025-11-24 06:59:54";36;1
"user_3548";51;50;"2025-01-10 08:05:32";"2025-12-23 00:26:17";87.3333;680.8627;2;51;"2025-01-10 08:05:32";"2025-12-23 00:26:17";7;0
"user_3549";43;42;"2025-02-27 22:44:04";"2025-12-30 10:40:18";84.3256;689.0698;2;43;"2025-02-27 22:44:04";"2025-12-30 10:40:18";0;0
"user_355";72;62;"2025-01-05 10:01:33";"2025-08-22 17:43:46";87.3333;695.4722;1;72;"2025-01-05 10:01:33";"2025-08-22 17:43:46";130;1
"user_3550";45;43;"2025-01-24 20:54:01";"2025-12-28 11:27:16";92.6667;747.4;1;45;"2025-01-24 20:54:01";"2025-12-28 11:27:16";2;0
"user_3551";20;20;"2025-01-19 14:53:21";"2025-12-19 19:46:12";87.5;691.85;1;20;"2025-01-19 14:53:21";"2025-12-19 19:46:12";11;0
"user_3552";60;53;"2025-02-07 17:17:02";"2025-08-21 10:42:53";87.5167;684.85;2;60;"2025-02-07 17:17:02";"2025-08-21 10:42:53";131;1
"user_3553";46;43;"2025-01-13 05:41:09";"2025-12-30 02:41:53";89.1739;728.413;1;46;"2025-01-13 05:41:09";"2025-12-30 02:41:53";0;0
"user_3554";44;41;"2025-02-19 01:59:12";"2025-12-21 14:24:12";88.6818;724.5455;2;44;"2025-02-19 01:59:12";"2025-12-21 14:24:12";9;0
"user_3555";64;58;"2025-01-17 09:09:53";"2025-08-05 19:12:14";92.0469;735.8438;1;64;"2025-01-17 09:09:53";"2025-08-05 19:12:14";147;1
"user_3556";50;44;"2025-01-19 05:24:13";"2025-12-26 12:05:30";87.44;733.02;2;50;"2025-01-19 05:24:13";"2025-12-26 12:05:30";4;0
"user_3557";78;67;"2025-02-05 08:13:47";"2025-10-06 23:41:33";86.1667;691.0513;2;78;"2025-02-05 08:13:47";"2025-10-06 23:41:33";85;1
"user_3558";51;50;"2025-01-06 21:24:06";"2025-12-26 18:58:45";92.902;760.2941;1;51;"2025-01-06 21:24:06";"2025-12-26 18:58:45";4;0
"user_3559";74;56;"2025-01-11 14:12:41";"2025-07-20 06:06:48";89.3108;724.9865;2;74;"2025-01-11 14:12:41";"2025-07-20 06:06:48";163;1
"user_356";47;46;"2025-02-24 03:16:14";"2025-12-13 22:28:27";91.7872;736.8085;1;47;"2025-02-24 03:16:14";"2025-12-13 22:28:27";17;0
"user_3560";30;27;"2025-03-07 00:23:28";"2025-12-26 15:15:51";95.3;775.9333;1;30;"2025-03-07 00:23:28";"2025-12-26 15:15:51";4;0
"user_3561";53;50;"2025-01-10 03:57:25";"2025-12-24 07:23:31";87.2642;714.9811;2;53;"2025-01-10 03:57:25";"2025-12-24 07:23:31";6;0
"user_3562";20;20;"2025-02-07 10:08:33";"2025-12-15 23:48:13";88.45;712.55;1;20;"2025-02-07 10:08:33";"2025-12-15 23:48:13";15;0
"user_3563";63;52;"2025-01-20 07:07:28";"2025-07-06 10:06:45";85.381;683.6984;2;63;"2025-01-20 07:07:28";"2025-07-06 10:06:45";177;1
"user_3564";61;57;"2025-01-21 17:52:04";"2025-12-27 14:25:35";90.4426;731.1803;2;61;"2025-01-21 17:52:04";"2025-12-27 14:25:35";3;0
"user_3565";45;44;"2025-02-23 08:12:39";"2025-12-30 01:03:55";89.8667;726.0444;1;45;"2025-02-23 08:12:39";"2025-12-30 01:03:55";0;0
"user_3566";31;31;"2025-02-14 07:20:41";"2025-12-26 15:23:32";91.0645;720.5806;2;31;"2025-02-14 07:20:41";"2025-12-26 15:23:32";4;0
"user_3567";50;47;"2025-02-07 07:38:00";"2025-12-15 13:00:00";85.48;678.2;2;50;"2025-02-07 07:38:00";"2025-12-15 13:00:00";15;0
"user_3568";23;22;"2025-03-17 14:30:59";"2025-12-26 17:42:56";87.087;692.9565;2;23;"2025-03-17 14:30:59";"2025-12-26 17:42:56";4;0
"user_3569";18;18;"2025-03-29 02:53:25";"2025-11-30 09:06:55";95.1111;742.7778;1;18;"2025-03-29 02:53:25";"2025-11-30 09:06:55";30;1
"user_357";90;75;"2025-02-09 14:26:35";"2025-11-14 21:06:22";89.8667;720.8778;1;90;"2025-02-09 14:26:35";"2025-11-14 21:06:22";46;1
"user_3570";13;13;"2025-02-20 05:52:42";"2025-12-25 04:49:27";83.6923;673.5385;1;13;"2025-02-20 05:52:42";"2025-12-25 04:49:27";5;0
"user_3571";36;34;"2025-03-20 08:38:55";"2025-12-03 18:56:33";89.9444;712.1111;2;36;"2025-03-20 08:38:55";"2025-12-03 18:56:33";27;1
"user_3572";44;41;"2025-03-05 04:51:39";"2025-12-26 13:02:54";83.6364;689.0227;1;44;"2025-03-05 04:51:39";"2025-12-26 13:02:54";4;0
"user_3573";31;31;"2025-02-17 06:37:40";"2025-12-02 21:17:35";89.5806;703.6452;1;31;"2025-02-17 06:37:40";"2025-12-02 21:17:35";28;1
"user_3574";16;16;"2025-03-02 13:54:38";"2025-12-13 01:58:28";89.5625;739.4375;2;16;"2025-03-02 13:54:38";"2025-12-13 01:58:28";17;0
"user_3575";21;20;"2025-01-28 06:16:10";"2025-12-27 10:49:07";94.619;760.5238;2;21;"2025-01-28 06:16:10";"2025-12-27 10:49:07";3;0
"user_3576";56;52;"2025-01-31 16:37:28";"2025-12-22 13:35:58";88.7321;711.0;1;56;"2025-01-31 16:37:28";"2025-12-22 13:35:58";8;0
"user_3577";71;61;"2025-01-26 07:31:24";"2025-08-24 15:18:55";89.1268;713.7887;2;71;"2025-01-26 07:31:24";"2025-08-24 15:18:55";128;1
"user_3578";58;53;"2025-01-27 00:41:58";"2025-12-28 01:13:01";90.7069;752.4655;1;58;"2025-01-27 00:41:58";"2025-12-28 01:13:01";2;0
"user_3579";22;22;"2025-01-25 15:17:10";"2025-12-23 15:18:08";89.5909;731.5455;1;22;"2025-01-25 15:17:10";"2025-12-23 15:18:08";7;0
"user_358";64;61;"2025-01-08 08:22:24";"2025-12-30 04:45:35";91.75;751.8125;1;64;"2025-01-08 08:22:24";"2025-12-30 04:45:35";0;0
"user_3580";38;36;"2025-01-28 01:08:56";"2025-12-12 18:13:41";82.6842;670.0263;2;38;"2025-01-28 01:08:56";"2025-12-12 18:13:41";18;0
"user_3581";67;59;"2025-01-08 10:14:56";"2025-12-12 21:43:18";89.1642;714.0896;1;67;"2025-01-08 10:14:56";"2025-12-12 21:43:18";18;0
"user_3582";22;22;"2025-02-04 10:36:05";"2025-12-27 12:29:55";89.6364;702.0;1;22;"2025-02-04 10:36:05";"2025-12-27 12:29:55";3;0
"user_3583";65;58;"2025-01-06 19:42:07";"2025-12-30 10:41:23";93.1538;743.3846;2;65;"2025-01-06 19:42:07";"2025-12-30 10:41:23";0;0
"user_3584";18;18;"2025-01-31 01:44:11";"2025-12-01 05:18:39";82.9444;625.4444;2;18;"2025-01-31 01:44:11";"2025-12-01 05:18:39";29;1
"user_3585";45;44;"2025-02-15 16:10:45";"2025-12-24 11:04:24";88.2889;744.0;1;45;"2025-02-15 16:10:45";"2025-12-24 11:04:24";6;0
"user_3586";56;55;"2025-01-22 00:42:21";"2025-12-28 06:08:22";90.75;708.4107;2;56;"2025-01-22 00:42:21";"2025-12-28 06:08:22";2;0
"user_3587";42;40;"2025-01-19 03:58:45";"2025-12-24 03:55:58";86.9762;732.2381;2;42;"2025-01-19 03:58:45";"2025-12-24 03:55:58";6;0
"user_3588";23;23;"2025-02-16 14:19:06";"2025-12-24 05:44:02";94.1304;713.087;2;23;"2025-02-16 14:19:06";"2025-12-24 05:44:02";6;0
"user_3589";73;58;"2025-01-22 07:47:53";"2025-07-29 20:07:52";91.7123;733.7671;1;73;"2025-01-22 07:47:53";"2025-07-29 20:07:52";154;1
"user_359";9;9;"2025-04-02 00:41:08";"2025-12-13 06:25:15";92.1111;746.1111;2;9;"2025-04-02 00:41:08";"2025-12-13 06:25:15";17;0
"user_3590";60;53;"2025-01-15 15:28:27";"2025-07-28 06:49:07";89.25;723.1167;1;60;"2025-01-15 15:28:27";"2025-07-28 06:49:07";155;1
"user_3591";17;17;"2025-04-12 07:07:19";"2025-11-27 23:18:34";96.4706;806.7059;2;17;"2025-04-12 07:07:19";"2025-11-27 23:18:34";33;1
"user_3592";65;56;"2025-01-13 06:22:29";"2025-07-07 16:41:14";89.9692;716.0615;2;65;"2025-01-13 06:22:29";"2025-07-07 16:41:14";176;1
"user_3593";45;42;"2025-02-09 12:30:10";"2025-12-30 06:14:41";84.2444;679.2667;2;45;"2025-02-09 12:30:10";"2025-12-30 06:14:41";0;0
"user_3594";59;57;"2025-01-31 14:31:07";"2025-12-25 09:33:54";94.5254;744.661;2;59;"2025-01-31 14:31:07";"2025-12-25 09:33:54";5;0
"user_3595";53;46;"2025-01-14 00:21:11";"2025-12-27 17:25:30";95.1509;781.9434;2;53;"2025-01-14 00:21:11";"2025-12-27 17:25:30";3;0
"user_3596";55;50;"2025-02-18 10:25:29";"2025-12-11 18:22:21";92.2545;715.6545;1;55;"2025-02-18 10:25:29";"2025-12-11 18:22:21";19;0
"user_3597";70;56;"2025-02-02 12:47:06";"2025-07-24 08:15:39";86.9143;680.5714;2;70;"2025-02-02 12:47:06";"2025-07-24 08:15:39";159;1
"user_3598";50;47;"2025-02-25 12:47:52";"2025-11-19 21:23:31";88.24;724.34;2;50;"2025-02-25 12:47:52";"2025-11-19 21:23:31";41;1
"user_3599";51;47;"2025-01-21 18:18:22";"2025-12-28 21:16:19";86.9608;716.1569;1;51;"2025-01-21 18:18:22";"2025-12-28 21:16:19";2;0
"user_36";29;28;"2025-01-27 01:11:56";"2025-12-28 00:40:37";88.6207;696.7931;1;29;"2025-01-27 01:11:56";"2025-12-28 00:40:37";2;0
"user_360";40;37;"2025-03-02 01:28:47";"2025-12-26 13:46:35";86.6;695.8;2;40;"2025-03-02 01:28:47";"2025-12-26 13:46:35";4;0
"user_3600";12;12;"2025-02-14 20:52:37";"2025-11-06 00:45:48";103.1667;826.3333;1;12;"2025-02-14 20:52:37";"2025-11-06 00:45:48";54;1
"user_3601";86;72;"2025-02-23 05:28:56";"2025-11-23 15:26:35";89.1628;707.3256;1;86;"2025-02-23 05:28:56";"2025-11-23 15:26:35";37;1
"user_3602";48;43;"2025-02-16 05:47:44";"2025-12-30 08:23:06";90.7083;744.3333;2;48;"2025-02-16 05:47:44";"2025-12-30 08:23:06";0;0
"user_3603";79;63;"2025-02-15 08:40:48";"2025-07-28 21:47:39";88.1139;696.6203;2;79;"2025-02-15 08:40:48";"2025-07-28 21:47:39";155;1
"user_3604";84;64;"2025-01-12 04:16:32";"2025-10-31 17:58:25";89.8571;696.0476;1;84;"2025-01-12 04:16:32";"2025-10-31 17:58:25";60;1
"user_3605";70;62;"2025-02-21 14:23:01";"2025-09-22 23:43:04";86.7714;692.7714;1;70;"2025-02-21 14:23:01";"2025-09-22 23:43:04";99;1
"user_3606";100;83;"2025-01-08 10:48:22";"2025-10-14 23:53:56";92.61;735.99;2;100;"2025-01-08 10:48:22";"2025-10-14 23:53:56";77;1
"user_3607";26;25;"2025-01-26 16:59:47";"2025-12-27 21:27:17";86.8846;721.1923;2;26;"2025-01-26 16:59:47";"2025-12-27 21:27:17";3;0
"user_3608";69;61;"2025-01-31 00:55:47";"2025-09-13 20:33:30";86.2029;727.0;1;69;"2025-01-31 00:55:47";"2025-09-13 20:33:30";108;1
"user_3609";16;16;"2025-02-26 10:59:24";"2025-12-23 11:25:47";81.3125;615.375;1;16;"2025-02-26 10:59:24";"2025-12-23 11:25:47";7;0
"user_361";53;52;"2025-01-09 11:21:47";"2025-12-21 01:57:23";91.717;729.7925;1;53;"2025-01-09 11:21:47";"2025-12-21 01:57:23";9;0
"user_3610";21;19;"2025-04-05 09:06:08";"2025-09-24 20:23:10";90.5714;694.619;2;21;"2025-04-05 09:06:08";"2025-09-24 20:23:10";97;1
"user_3611";53;47;"2025-02-24 19:37:17";"2025-12-26 17:54:18";89.1698;691.8113;1;53;"2025-02-24 19:37:17";"2025-12-26 17:54:18";4;0
"user_3612";74;66;"2025-02-16 19:19:42";"2025-09-09 23:41:57";87.5811;681.8514;1;74;"2025-02-16 19:19:42";"2025-09-09 23:41:57";112;1
"user_3613";60;57;"2025-02-02 00:38:09";"2025-11-28 11:37:19";89.0667;736.3333;1;60;"2025-02-02 00:38:09";"2025-11-28 11:37:19";32;1
"user_3614";28;26;"2025-02-19 20:38:28";"2025-12-29 03:41:23";84.5357;687.7143;1;28;"2025-02-19 20:38:28";"2025-12-29 03:41:23";1;0
"user_3615";60;53;"2025-03-01 13:07:35";"2025-12-28 18:14:20";88.3167;696.15;2;60;"2025-03-01 13:07:35";"2025-12-28 18:14:20";2;0
"user_3616";60;52;"2025-02-17 06:41:37";"2025-08-12 15:54:35";91.15;728.1;2;60;"2025-02-17 06:41:37";"2025-08-12 15:54:35";140;1
"user_3617";35;34;"2025-01-28 16:08:18";"2025-12-01 16:56:38";85.1143;707.8571;2;35;"2025-01-28 16:08:18";"2025-12-01 16:56:38";29;1
"user_3618";24;23;"2025-02-01 08:53:24";"2025-12-30 08:34:30";94.75;740.2083;1;24;"2025-02-01 08:53:24";"2025-12-30 08:34:30";0;0
"user_3619";16;16;"2025-02-23 13:59:50";"2025-12-29 21:38:02";91.25;753.6875;2;16;"2025-02-23 13:59:50";"2025-12-29 21:38:02";1;0
"user_362";46;44;"2025-02-08 07:03:46";"2025-12-29 08:30:21";82.5652;683.4348;2;46;"2025-02-08 07:03:46";"2025-12-29 08:30:21";1;0
"user_3620";67;59;"2025-01-21 07:45:13";"2025-08-19 13:05:29";89.2687;691.3881;1;67;"2025-01-21 07:45:13";"2025-08-19 13:05:29";133;1
"user_3621";30;29;"2025-03-06 13:11:21";"2025-12-17 08:22:59";86.7667;711.0667;2;30;"2025-03-06 13:11:21";"2025-12-17 08:22:59";13;0
"user_3622";84;74;"2025-01-06 06:07:35";"2025-10-15 06:09:18";91.1071;731.0714;2;84;"2025-01-06 06:07:35";"2025-10-15 06:09:18";76;1
"user_3623";60;50;"2025-01-11 13:10:57";"2025-06-23 12:31:10";89.8167;744.5667;1;60;"2025-01-11 13:10:57";"2025-06-23 12:31:10";190;1
"user_3624";17;16;"2025-02-15 10:18:24";"2025-12-16 00:01:28";87.4706;703.7059;2;17;"2025-02-15 10:18:24";"2025-12-16 00:01:28";14;0
"user_3625";65;57;"2025-01-14 05:22:33";"2025-08-08 15:25:15";83.9385;662.1231;2;65;"2025-01-14 05:22:33";"2025-08-08 15:25:15";144;1
"user_3626";64;56;"2025-01-05 18:35:44";"2025-07-18 12:20:03";85.9531;685.7656;1;64;"2025-01-05 18:35:44";"2025-07-18 12:20:03";165;1
"user_3627";100;84;"2025-01-19 06:57:01";"2025-10-13 20:38:36";89.74;722.17;1;100;"2025-01-19 06:57:01";"2025-10-13 20:38:36";78;1
"user_3628";14;14;"2025-01-11 16:20:50";"2025-12-08 21:54:05";85.8571;718.9286;1;14;"2025-01-11 16:20:50";"2025-12-08 21:54:05";22;1
"user_3629";28;28;"2025-01-28 23:06:58";"2025-12-25 04:37:59";88.1429;727.3571;2;28;"2025-01-28 23:06:58";"2025-12-25 04:37:59";5;0
"user_363";37;35;"2025-02-20 17:59:25";"2025-12-28 18:53:51";85.1081;699.9189;2;37;"2025-02-20 17:59:25";"2025-12-28 18:53:51";2;0
"user_3630";53;49;"2025-03-01 13:14:42";"2025-12-23 15:40:26";87.1509;707.7547;2;53;"2025-03-01 13:14:42";"2025-12-23 15:40:26";7;0
"user_3631";20;20;"2025-03-12 15:42:03";"2025-12-15 17:35:51";89.35;736.3;1;20;"2025-03-12 15:42:03";"2025-12-15 17:35:51";15;0
"user_3632";76;70;"2025-02-07 16:06:05";"2025-09-20 01:32:16";87.9868;729.4342;1;76;"2025-02-07 16:06:05";"2025-09-20 01:32:16";101;1
"user_3633";47;42;"2025-02-28 22:39:10";"2025-12-29 23:14:59";87.5106;691.0638;1;47;"2025-02-28 22:39:10";"2025-12-29 23:14:59";1;0
"user_3634";37;36;"2025-01-16 08:41:26";"2025-12-26 06:47:34";87.2432;681.7568;2;37;"2025-01-16 08:41:26";"2025-12-26 06:47:34";4;0
"user_3635";88;76;"2025-02-09 09:25:31";"2025-10-29 12:01:20";89.0795;715.0455;2;88;"2025-02-09 09:25:31";"2025-10-29 12:01:20";62;1
"user_3636";56;55;"2025-01-28 12:14:58";"2025-12-19 19:49:35";86.9464;728.6786;2;56;"2025-01-28 12:14:58";"2025-12-19 19:49:35";11;0
"user_3637";20;19;"2025-03-24 23:50:30";"2025-12-24 05:59:50";86.2;689.2;2;20;"2025-03-24 23:50:30";"2025-12-24 05:59:50";6;0
"user_3638";65;58;"2025-01-21 22:40:31";"2025-08-08 17:28:31";85.4154;676.8;1;65;"2025-01-21 22:40:31";"2025-08-08 17:28:31";144;1
"user_3639";64;55;"2025-01-27 23:52:15";"2025-07-12 21:53:57";89.0938;714.4063;1;64;"2025-01-27 23:52:15";"2025-07-12 21:53:57";171;1
"user_364";63;58;"2025-01-14 11:15:31";"2025-12-30 12:16:14";86.7778;702.3968;1;63;"2025-01-14 11:15:31";"2025-12-30 12:16:14";0;0
"user_3640";70;60;"2025-01-22 20:39:34";"2025-09-18 08:30:13";89.6571;722.2143;2;70;"2025-01-22 20:39:34";"2025-09-18 08:30:13";103;1
"user_3641";111;91;"2025-02-20 11:56:33";"2025-12-27 09:02:47";92.0541;742.2883;2;111;"2025-02-20 11:56:33";"2025-12-27 09:02:47";3;0
"user_3642";18;18;"2025-01-26 08:42:12";"2025-11-05 19:33:58";92.8889;715.1667;1;18;"2025-01-26 08:42:12";"2025-11-05 19:33:58";55;1
"user_3643";54;51;"2025-01-13 15:31:55";"2025-12-29 10:50:17";87.8519;668.8519;2;54;"2025-01-13 15:31:55";"2025-12-29 10:50:17";1;0
"user_3644";48;43;"2025-03-04 17:42:03";"2025-12-25 04:28:53";85.0;681.8333;2;48;"2025-03-04 17:42:03";"2025-12-25 04:28:53";5;0
"user_3645";18;18;"2025-02-24 20:36:01";"2025-12-19 07:55:17";87.6111;713.4444;1;18;"2025-02-24 20:36:01";"2025-12-19 07:55:17";11;0
"user_3646";73;63;"2025-03-03 15:33:38";"2025-09-30 05:36:44";87.2192;708.3836;1;73;"2025-03-03 15:33:38";"2025-09-30 05:36:44";91;1
"user_3647";61;52;"2025-01-05 12:00:18";"2025-12-10 15:03:59";88.2623;703.3115;2;61;"2025-01-05 12:00:18";"2025-12-10 15:03:59";20;0
"user_3648";31;30;"2025-01-10 18:59:10";"2025-12-26 00:30:16";91.9032;700.3226;1;31;"2025-01-10 18:59:10";"2025-12-26 00:30:16";4;0
"user_3649";44;40;"2025-01-28 18:42:58";"2025-12-22 12:12:53";90.7955;737.1818;1;44;"2025-01-28 18:42:58";"2025-12-22 12:12:53";8;0
"user_365";21;20;"2025-03-12 02:37:09";"2025-12-30 19:00:35";86.0952;686.8571;1;21;"2025-03-12 02:37:09";"2025-12-30 19:00:35";0;0
"user_3650";19;19;"2025-01-16 18:25:15";"2025-12-23 01:40:39";88.2105;710.3158;2;19;"2025-01-16 18:25:15";"2025-12-23 01:40:39";7;0
"user_3651";28;28;"2025-02-28 00:24:21";"2025-12-26 12:08:31";94.6071;731.1786;1;28;"2025-02-28 00:24:21";"2025-12-26 12:08:31";4;0
"user_3652";56;51;"2025-01-22 08:42:17";"2025-12-24 20:06:18";94.8214;766.9464;1;56;"2025-01-22 08:42:17";"2025-12-24 20:06:18";6;0
"user_3653";34;33;"2025-02-04 22:47:35";"2025-12-25 13:47:09";92.8235;742.4706;1;34;"2025-02-04 22:47:35";"2025-12-25 13:47:09";5;0
"user_3654";83;73;"2025-01-15 10:04:36";"2025-09-09 21:22:57";85.8795;672.9759;2;83;"2025-01-15 10:04:36";"2025-09-09 21:22:57";112;1
"user_3655";88;79;"2025-02-19 07:26:23";"2025-11-22 05:59:35";90.4773;710.8864;1;88;"2025-02-19 07:26:23";"2025-11-22 05:59:35";38;1
"user_3656";77;70;"2025-01-22 15:31:00";"2025-10-21 18:46:41";94.5844;751.2468;1;77;"2025-01-22 15:31:00";"2025-10-21 18:46:41";70;1
"user_3657";50;48;"2025-01-27 20:58:15";"2025-12-23 20:02:46";91.66;722.48;1;50;"2025-01-27 20:58:15";"2025-12-23 20:02:46";7;0
"user_3658";43;41;"2025-02-02 23:05:40";"2025-12-18 18:23:49";96.9302;788.3488;2;43;"2025-02-02 23:05:40";"2025-12-18 18:23:49";12;0
"user_3659";42;38;"2025-03-10 21:52:27";"2025-12-28 03:56:17";87.381;725.5;2;42;"2025-03-10 21:52:27";"2025-12-28 03:56:17";2;0
"user_366";39;38;"2025-03-25 18:33:08";"2025-12-29 11:57:16";96.1795;797.8205;2;39;"2025-03-25 18:33:08";"2025-12-29 11:57:16";1;0
"user_3660";18;18;"2025-01-21 14:01:09";"2025-12-29 00:10:47";79.4444;600.1111;1;18;"2025-01-21 14:01:09";"2025-12-29 00:10:47";1;0
"user_3661";42;40;"2025-01-24 02:25:49";"2025-12-17 21:10:25";86.6429;703.4762;1;42;"2025-01-24 02:25:49";"2025-12-17 21:10:25";13;0
"user_3662";63;55;"2025-02-03 21:16:21";"2025-12-24 09:26:15";86.9841;688.1587;2;63;"2025-02-03 21:16:21";"2025-12-24 09:26:15";6;0
"user_3663";68;61;"2025-01-14 00:33:14";"2025-08-30 21:49:55";91.2353;734.8971;2;68;"2025-01-14 00:33:14";"2025-08-30 21:49:55";122;1
"user_3664";84;71;"2025-02-28 11:19:15";"2025-10-07 16:59:27";94.7262;775.9524;2;84;"2025-02-28 11:19:15";"2025-10-07 16:59:27";84;1
"user_3665";48;45;"2025-02-24 06:28:47";"2025-12-27 10:37:50";86.1042;696.1667;2;48;"2025-02-24 06:28:47";"2025-12-27 10:37:50";3;0
"user_3666";44;41;"2025-02-19 11:02:02";"2025-12-25 22:16:46";87.9545;718.25;2;44;"2025-02-19 11:02:02";"2025-12-25 22:16:46";5;0
"user_3667";29;26;"2025-01-25 22:43:03";"2025-12-30 14:52:57";93.1724;732.1379;1;29;"2025-01-25 22:43:03";"2025-12-30 14:52:57";0;0
"user_3668";90;78;"2025-01-02 05:29:07";"2025-10-21 17:28:14";89.1444;707.5778;2;90;"2025-01-02 05:29:07";"2025-10-21 17:28:14";70;1
"user_3669";87;74;"2025-01-18 08:25:38";"2025-11-26 21:30:00";89.2414;716.8506;2;87;"2025-01-18 08:25:38";"2025-11-26 21:30:00";34;1
"user_367";14;13;"2025-01-15 02:20:39";"2025-12-06 14:08:37";86.1429;687.5714;1;14;"2025-01-15 02:20:39";"2025-12-06 14:08:37";24;1
"user_3670";45;40;"2025-02-05 20:39:59";"2025-12-23 05:16:01";91.3111;763.9778;2;45;"2025-02-05 20:39:59";"2025-12-23 05:16:01";7;0
"user_3671";72;63;"2025-02-12 16:46:26";"2025-10-19 04:32:42";93.7917;742.2639;1;72;"2025-02-12 16:46:26";"2025-10-19 04:32:42";72;1
"user_3672";84;69;"2025-01-12 15:53:52";"2025-10-24 01:30:17";94.7262;757.4405;2;84;"2025-01-12 15:53:52";"2025-10-24 01:30:17";67;1
"user_3673";19;19;"2025-03-04 05:46:48";"2025-12-28 11:15:00";83.4211;661.5789;2;19;"2025-03-04 05:46:48";"2025-12-28 11:15:00";2;0
"user_3674";80;72;"2025-01-09 02:27:10";"2025-08-11 22:25:02";91.125;753.3875;2;80;"2025-01-09 02:27:10";"2025-08-11 22:25:02";141;1
"user_3675";46;44;"2025-01-18 08:16:23";"2025-12-24 10:41:12";87.7174;703.3913;2;46;"2025-01-18 08:16:23";"2025-12-24 10:41:12";6;0
"user_3676";62;54;"2025-01-28 04:57:07";"2025-06-20 22:11:42";90.8871;714.9516;2;62;"2025-01-28 04:57:07";"2025-06-20 22:11:42";193;1
"user_3677";99;85;"2025-01-20 07:25:12";"2025-11-24 07:26:03";92.4242;728.7374;2;99;"2025-01-20 07:25:12";"2025-11-24 07:26:03";36;1
"user_3678";43;41;"2025-01-17 23:11:58";"2025-12-27 04:31:57";93.6279;764.7442;2;43;"2025-01-17 23:11:58";"2025-12-27 04:31:57";3;0
"user_3679";28;28;"2025-01-17 15:07:35";"2025-12-24 22:51:44";88.8929;720.3929;1;28;"2025-01-17 15:07:35";"2025-12-24 22:51:44";6;0
"user_368";11;11;"2025-03-08 09:16:43";"2025-12-15 13:55:16";92.3636;767.7273;1;11;"2025-03-08 09:16:43";"2025-12-15 13:55:16";15;0
"user_3680";44;43;"2025-02-28 16:50:06";"2025-12-29 16:00:19";90.5682;730.0909;2;44;"2025-02-28 16:50:06";"2025-12-29 16:00:19";1;0
"user_3681";18;17;"2025-03-27 20:53:41";"2025-12-02 09:19:08";89.2778;740.7778;1;18;"2025-03-27 20:53:41";"2025-12-02 09:19:08";28;1
"user_3682";62;51;"2025-02-19 00:10:40";"2025-08-14 00:27:53";88.7903;706.0484;1;62;"2025-02-19 00:10:40";"2025-08-14 00:27:53";138;1
"user_3683";18;18;"2025-03-18 10:21:49";"2025-12-13 06:12:01";91.5556;704.3333;2;18;"2025-03-18 10:21:49";"2025-12-13 06:12:01";17;0
"user_3684";79;66;"2025-02-18 14:39:15";"2025-09-02 15:11:59";92.481;746.6329;2;79;"2025-02-18 14:39:15";"2025-09-02 15:11:59";119;1
"user_3685";25;24;"2025-03-01 00:49:47";"2025-12-23 03:31:01";84.4;681.32;1;25;"2025-03-01 00:49:47";"2025-12-23 03:31:01";7;0
"user_3686";53;50;"2025-02-27 04:11:00";"2025-12-30 23:47:56";88.2453;700.0755;2;53;"2025-02-27 04:11:00";"2025-12-30 23:47:56";0;0
"user_3687";18;18;"2025-03-10 19:23:24";"2025-11-17 07:40:31";85.7222;691.3333;2;18;"2025-03-10 19:23:24";"2025-11-17 07:40:31";43;1
"user_3688";46;43;"2025-02-05 09:16:11";"2025-12-25 19:54:37";88.587;700.8043;2;46;"2025-02-05 09:16:11";"2025-12-25 19:54:37";5;0
"user_3689";84;74;"2025-02-28 22:36:43";"2025-12-26 13:02:39";88.5357;700.9524;1;84;"2025-02-28 22:36:43";"2025-12-26 13:02:39";4;0
"user_369";66;58;"2025-01-22 08:53:21";"2025-08-24 17:37:45";90.6061;737.7879;2;66;"2025-01-22 08:53:21";"2025-08-24 17:37:45";128;1
"user_3690";73;65;"2025-01-12 03:57:14";"2025-08-21 14:39:54";94.6849;747.5479;1;73;"2025-01-12 03:57:14";"2025-08-21 14:39:54";131;1
"user_3691";19;19;"2025-01-19 11:14:19";"2025-12-26 18:53:45";92.8947;722.0;1;19;"2025-01-19 11:14:19";"2025-12-26 18:53:45";4;0
"user_3692";49;46;"2025-01-28 07:13:54";"2025-12-19 10:17:32";86.3061;690.0816;2;49;"2025-01-28 07:13:54";"2025-12-19 10:17:32";11;0
"user_3693";19;19;"2025-02-28 14:14:14";"2025-12-27 14:39:46";96.0526;775.4211;2;19;"2025-02-28 14:14:14";"2025-12-27 14:39:46";3;0
"user_3694";93;80;"2025-01-23 05:18:33";"2025-11-16 22:17:32";89.6989;731.4086;1;93;"2025-01-23 05:18:33";"2025-11-16 22:17:32";44;1
"user_3695";39;38;"2025-01-17 08:48:18";"2025-12-30 18:15:33";91.0513;714.641;2;39;"2025-01-17 08:48:18";"2025-12-30 18:15:33";0;0
"user_3696";70;62;"2025-02-03 12:52:00";"2025-09-24 19:30:22";91.4429;714.6714;1;70;"2025-02-03 12:52:00";"2025-09-24 19:30:22";97;1
"user_3697";10;10;"2025-04-17 20:51:55";"2025-12-06 07:17:11";93.7;787.2;1;10;"2025-04-17 20:51:55";"2025-12-06 07:17:11";24;1
"user_3698";24;24;"2025-02-15 11:27:05";"2025-12-21 16:47:12";84.7917;659.9167;2;24;"2025-02-15 11:27:05";"2025-12-21 16:47:12";9;0
"user_3699";13;13;"2025-01-19 18:52:48";"2025-12-25 23:07:39";95.6923;756.8462;1;13;"2025-01-19 18:52:48";"2025-12-25 23:07:39";5;0
"user_37";59;52;"2025-02-21 04:11:04";"2025-12-30 09:39:20";84.4407;676.0678;2;59;"2025-02-21 04:11:04";"2025-12-30 09:39:20";0;0
"user_370";90;77;"2025-01-07 02:02:53";"2025-09-02 11:03:27";89.3222;713.8556;1;90;"2025-01-07 02:02:53";"2025-09-02 11:03:27";119;1
"user_3700";67;57;"2025-01-11 04:49:34";"2025-07-11 11:11:52";90.5075;712.5075;2;67;"2025-01-11 04:49:34";"2025-07-11 11:11:52";172;1
"user_3701";56;53;"2025-01-24 20:48:08";"2025-12-25 00:41:53";92.875;748.6964;1;56;"2025-01-24 20:48:08";"2025-12-25 00:41:53";5;0
"user_3702";24;24;"2025-02-23 03:42:46";"2025-12-22 08:48:10";89.2083;747.625;2;24;"2025-02-23 03:42:46";"2025-12-22 08:48:10";8;0
"user_3703";43;42;"2025-02-12 20:42:11";"2025-12-17 09:55:59";94.3256;753.1628;2;43;"2025-02-12 20:42:11";"2025-12-17 09:55:59";13;0
"user_3704";28;27;"2025-02-15 15:24:08";"2025-12-30 20:17:56";87.8214;730.6786;1;28;"2025-02-15 15:24:08";"2025-12-30 20:17:56";0;0
"user_3705";12;11;"2025-02-11 08:56:17";"2025-12-18 20:12:12";87.3333;723.75;1;12;"2025-02-11 08:56:17";"2025-12-18 20:12:12";12;0
"user_3706";23;22;"2025-03-01 16:11:20";"2025-12-16 09:04:24";90.3913;723.7826;2;23;"2025-03-01 16:11:20";"2025-12-16 09:04:24";14;0
"user_3707";12;12;"2025-03-21 11:18:23";"2025-12-11 07:58:03";82.3333;635.25;1;12;"2025-03-21 11:18:23";"2025-12-11 07:58:03";19;0
"user_3708";87;81;"2025-03-02 14:58:38";"2025-12-29 09:09:59";87.4828;703.7816;2;87;"2025-03-02 14:58:38";"2025-12-29 09:09:59";1;0
"user_3709";63;54;"2025-02-26 13:16:16";"2025-08-20 14:21:21";93.0317;751.1746;1;63;"2025-02-26 13:16:16";"2025-08-20 14:21:21";132;1
"user_371";76;64;"2025-02-06 08:25:29";"2025-10-28 13:27:17";87.0921;706.1316;2;76;"2025-02-06 08:25:29";"2025-10-28 13:27:17";63;1
"user_3710";13;13;"2025-02-13 19:44:00";"2025-10-21 10:05:34";82.1538;656.3077;1;13;"2025-02-13 19:44:00";"2025-10-21 10:05:34";70;1
"user_3711";93;79;"2025-01-11 12:13:21";"2025-09-22 14:00:12";87.5484;708.5591;1;93;"2025-01-11 12:13:21";"2025-09-22 14:00:12";99;1
"user_3712";24;23;"2025-01-29 07:08:26";"2025-12-11 21:07:03";90.4167;710.5833;1;24;"2025-01-29 07:08:26";"2025-12-11 21:07:03";19;0
"user_3713";20;20;"2025-02-07 13:37:44";"2025-12-19 09:59:47";82.35;702.6;1;20;"2025-02-07 13:37:44";"2025-12-19 09:59:47";11;0
"user_3714";52;51;"2025-02-08 02:57:10";"2025-12-16 01:46:08";85.5962;701.0769;2;52;"2025-02-08 02:57:10";"2025-12-16 01:46:08";14;0
"user_3715";11;11;"2025-02-26 15:51:41";"2025-12-28 01:07:56";92.0909;707.1818;2;11;"2025-02-26 15:51:41";"2025-12-28 01:07:56";2;0
"user_3716";36;34;"2025-03-10 03:04:03";"2025-12-28 01:54:03";94.6667;754.8333;2;36;"2025-03-10 03:04:03";"2025-12-28 01:54:03";2;0
"user_3717";46;42;"2025-01-31 14:14:09";"2025-12-27 12:46:30";86.3261;713.413;2;46;"2025-01-31 14:14:09";"2025-12-27 12:46:30";3;0
"user_3718";70;60;"2025-02-26 07:09:09";"2025-10-12 14:31:38";85.9;698.5571;2;70;"2025-02-26 07:09:09";"2025-10-12 14:31:38";79;1
"user_3719";57;52;"2025-01-27 04:10:38";"2025-12-25 14:30:35";92.193;719.2105;2;57;"2025-01-27 04:10:38";"2025-12-25 14:30:35";5;0
"user_372";65;57;"2025-01-20 00:58:53";"2025-07-24 22:13:47";84.3692;690.5231;2;65;"2025-01-20 00:58:53";"2025-07-24 22:13:47";159;1
"user_3720";82;70;"2025-01-10 04:59:59";"2025-10-13 10:40:01";87.4024;700.0244;2;82;"2025-01-10 04:59:59";"2025-10-13 10:40:01";78;1
"user_3721";50;44;"2025-01-23 22:43:05";"2025-12-26 10:35:22";93.34;750.88;2;50;"2025-01-23 22:43:05";"2025-12-26 10:35:22";4;0
"user_3722";30;29;"2025-03-06 07:32:14";"2025-12-30 04:20:15";95.5;769.5;1;30;"2025-03-06 07:32:14";"2025-12-30 04:20:15";0;0
"user_3723";8;7;"2025-03-30 13:26:49";"2025-08-26 20:54:04";98.375;847.375;2;8;"2025-03-30 13:26:49";"2025-08-26 20:54:04";126;1
"user_3724";73;60;"2025-01-09 10:55:39";"2025-08-24 08:06:31";85.4521;684.3425;1;73;"2025-01-09 10:55:39";"2025-08-24 08:06:31";128;1
"user_3725";52;49;"2025-01-26 04:49:56";"2025-12-30 00:20:38";89.1346;725.5962;1;52;"2025-01-26 04:49:56";"2025-12-30 00:20:38";0;0
"user_3726";24;24;"2025-02-21 13:39:05";"2025-12-28 19:46:24";93.9167;771.2083;1;24;"2025-02-21 13:39:05";"2025-12-28 19:46:24";2;0
"user_3727";73;63;"2025-01-09 15:03:14";"2025-07-19 23:19:06";89.4247;742.137;1;73;"2025-01-09 15:03:14";"2025-07-19 23:19:06";164;1
"user_3728";65;55;"2025-02-05 18:13:51";"2025-09-22 11:49:09";91.7538;734.8308;1;65;"2025-02-05 18:13:51";"2025-09-22 11:49:09";99;1
"user_3729";71;63;"2025-02-27 04:50:10";"2025-09-21 09:02:26";89.3662;724.3099;1;71;"2025-02-27 04:50:10";"2025-09-21 09:02:26";100;1
"user_373";74;61;"2025-02-26 08:33:03";"2025-10-17 22:53:45";89.1892;727.2162;1;74;"2025-02-26 08:33:03";"2025-10-17 22:53:45";74;1
"user_3730";45;42;"2025-02-02 18:02:43";"2025-12-23 20:51:47";92.6444;730.1778;1;45;"2025-02-02 18:02:43";"2025-12-23 20:51:47";7;0
"user_3731";81;64;"2025-01-22 08:56:38";"2025-07-29 20:25:03";85.6173;678.5185;2;81;"2025-01-22 08:56:38";"2025-07-29 20:25:03";154;1
"user_3732";12;12;"2025-02-24 08:18:16";"2025-12-12 22:28:53";76.9167;608.4167;2;12;"2025-02-24 08:18:16";"2025-12-12 22:28:53";18;0
"user_3733";41;36;"2025-01-25 17:09:09";"2025-12-30 19:53:31";88.7805;720.2439;2;41;"2025-01-25 17:09:09";"2025-12-30 19:53:31";0;0
"user_3734";52;49;"2025-01-13 20:42:19";"2025-12-25 16:27:25";83.2308;651.0962;2;52;"2025-01-13 20:42:19";"2025-12-25 16:27:25";5;0
"user_3735";69;61;"2025-01-17 03:12:15";"2025-08-01 13:41:00";85.3478;690.7391;2;69;"2025-01-17 03:12:15";"2025-08-01 13:41:00";151;1
"user_3736";47;44;"2025-03-03 10:50:54";"2025-12-23 14:41:31";86.1277;688.7021;2;47;"2025-03-03 10:50:54";"2025-12-23 14:41:31";7;0
"user_3737";19;19;"2025-02-18 10:08:10";"2025-11-07 15:03:23";87.2105;708.0526;1;19;"2025-02-18 10:08:10";"2025-11-07 15:03:23";53;1
"user_3738";26;25;"2025-02-20 10:12:53";"2025-12-06 09:38:49";87.4231;721.8077;1;26;"2025-02-20 10:12:53";"2025-12-06 09:38:49";24;1
"user_3739";13;13;"2025-03-28 18:40:40";"2025-11-30 06:05:51";91.5385;775.4615;1;13;"2025-03-28 18:40:40";"2025-11-30 06:05:51";30;1
"user_374";25;24;"2025-03-22 11:56:42";"2025-12-24 08:58:03";87.84;707.24;1;25;"2025-03-22 11:56:42";"2025-12-24 08:58:03";6;0
"user_3740";37;35;"2025-01-15 09:22:11";"2025-12-21 06:02:41";92.9459;717.8108;2;37;"2025-01-15 09:22:11";"2025-12-21 06:02:41";9;0
"user_3741";13;13;"2025-01-06 16:45:28";"2025-12-28 17:52:29";73.3077;559.7692;1;13;"2025-01-06 16:45:28";"2025-12-28 17:52:29";2;0
"user_3742";19;19;"2025-01-26 23:25:36";"2025-11-30 12:12:19";81.9474;626.0;2;19;"2025-01-26 23:25:36";"2025-11-30 12:12:19";30;1
"user_3743";25;25;"2025-01-04 15:47:46";"2025-12-28 01:28:07";89.6;733.16;1;25;"2025-01-04 15:47:46";"2025-12-28 01:28:07";2;0
"user_3744";71;61;"2025-02-09 07:07:56";"2025-08-25 03:30:39";88.7606;721.4085;2;71;"2025-02-09 07:07:56";"2025-08-25 03:30:39";127;1
"user_3745";72;61;"2025-02-27 03:13:01";"2025-10-16 13:47:56";89.4583;723.3056;2;72;"2025-02-27 03:13:01";"2025-10-16 13:47:56";75;1
"user_3746";61;51;"2025-01-16 00:21:10";"2025-07-05 11:01:05";85.9344;676.1311;1;61;"2025-01-16 00:21:10";"2025-07-05 11:01:05";178;1
"user_3747";23;23;"2025-02-07 14:26:19";"2025-12-11 12:22:47";86.9565;666.5652;1;23;"2025-02-07 14:26:19";"2025-12-11 12:22:47";19;0
"user_3748";58;56;"2025-01-31 05:29:42";"2025-12-24 08:06:40";90.8276;738.931;1;58;"2025-01-31 05:29:42";"2025-12-24 08:06:40";6;0
"user_3749";43;39;"2025-02-20 15:08:34";"2025-12-28 12:38:27";93.1395;754.0;1;43;"2025-02-20 15:08:34";"2025-12-28 12:38:27";2;0
"user_375";69;54;"2025-01-20 08:12:31";"2025-08-13 00:44:42";92.1884;750.6232;2;69;"2025-01-20 08:12:31";"2025-08-13 00:44:42";139;1
"user_3750";13;12;"2025-03-02 10:31:57";"2025-11-18 12:47:50";83.1538;651.3846;2;13;"2025-03-02 10:31:57";"2025-11-18 12:47:50";42;1
"user_3751";18;18;"2025-02-24 16:10:54";"2025-12-27 16:14:37";91.1111;731.9444;2;18;"2025-02-24 16:10:54";"2025-12-27 16:14:37";3;0
"user_3752";17;16;"2025-02-16 19:39:55";"2025-12-07 21:51:14";86.9412;718.1765;2;17;"2025-02-16 19:39:55";"2025-12-07 21:51:14";23;1
"user_3753";50;45;"2025-01-12 02:56:53";"2025-12-17 23:10:24";86.36;672.4;1;50;"2025-01-12 02:56:53";"2025-12-17 23:10:24";13;0
"user_3754";17;17;"2025-03-29 01:14:45";"2025-12-25 06:00:45";94.2353;740.0588;1;17;"2025-03-29 01:14:45";"2025-12-25 06:00:45";5;0
"user_3755";79;66;"2025-02-15 21:52:37";"2025-10-07 04:59:27";89.1013;728.8987;2;79;"2025-02-15 21:52:37";"2025-10-07 04:59:27";84;1
"user_3756";63;57;"2025-02-17 04:02:58";"2025-08-01 08:01:47";88.1429;722.9365;2;63;"2025-02-17 04:02:58";"2025-08-01 08:01:47";151;1
"user_3757";67;53;"2025-01-03 14:24:14";"2025-06-26 21:23:33";86.6866;690.2687;1;67;"2025-01-03 14:24:14";"2025-06-26 21:23:33";187;1
"user_3758";40;38;"2025-01-27 11:29:05";"2025-12-10 07:03:06";86.6;687.35;1;40;"2025-01-27 11:29:05";"2025-12-10 07:03:06";20;0
"user_3759";40;40;"2025-02-26 15:17:45";"2025-12-29 14:43:10";90.25;689.925;2;40;"2025-02-26 15:17:45";"2025-12-29 14:43:10";1;0
"user_376";49;49;"2025-01-26 09:12:08";"2025-12-23 13:52:56";92.0204;741.4898;2;49;"2025-01-26 09:12:08";"2025-12-23 13:52:56";7;0
"user_3760";33;31;"2025-02-14 02:56:48";"2025-12-25 14:20:48";88.8788;691.9091;1;33;"2025-02-14 02:56:48";"2025-12-25 14:20:48";5;0
"user_3761";68;59;"2025-01-11 13:29:26";"2025-07-14 06:35:18";89.6912;736.0;1;68;"2025-01-11 13:29:26";"2025-07-14 06:35:18";169;1
"user_3762";20;19;"2025-02-27 20:25:50";"2025-12-13 21:52:04";91.1;735.95;2;20;"2025-02-27 20:25:50";"2025-12-13 21:52:04";17;0
"user_3763";40;36;"2025-01-07 07:27:53";"2025-12-21 07:11:28";89.45;741.075;1;40;"2025-01-07 07:27:53";"2025-12-21 07:11:28";9;0
"user_3764";91;77;"2025-01-07 01:59:19";"2025-10-21 09:34:45";92.3187;751.5495;1;91;"2025-01-07 01:59:19";"2025-10-21 09:34:45";70;1
"user_3765";55;51;"2025-01-20 19:43:51";"2025-12-18 23:53:07";87.3455;697.3091;2;55;"2025-01-20 19:43:51";"2025-12-18 23:53:07";12;0
"user_3766";71;62;"2025-02-26 01:46:53";"2025-10-07 14:44:08";90.7465;733.1972;2;71;"2025-02-26 01:46:53";"2025-10-07 14:44:08";84;1
"user_3767";46;45;"2025-02-27 10:09:01";"2025-12-26 21:50:50";89.6739;704.1087;1;46;"2025-02-27 10:09:01";"2025-12-26 21:50:50";4;0
"user_3768";54;52;"2025-01-29 13:16:32";"2025-12-22 12:59:02";87.9444;723.9815;1;54;"2025-01-29 13:16:32";"2025-12-22 12:59:02";8;0
"user_3769";64;56;"2025-01-15 15:04:54";"2025-08-11 21:11:50";89.3125;719.125;1;64;"2025-01-15 15:04:54";"2025-08-11 21:11:50";141;1
"user_377";22;20;"2025-03-07 13:24:41";"2025-12-24 04:29:27";84.4545;646.8636;2;22;"2025-03-07 13:24:41";"2025-12-24 04:29:27";6;0
"user_3770";86;67;"2025-02-04 09:21:52";"2025-09-12 13:52:44";83.9884;676.0698;2;86;"2025-02-04 09:21:52";"2025-09-12 13:52:44";109;1
"user_3771";48;47;"2025-02-19 06:48:15";"2025-12-30 01:28:52";87.5625;685.6667;1;48;"2025-02-19 06:48:15";"2025-12-30 01:28:52";0;0
"user_3772";19;19;"2025-02-08 09:55:35";"2025-12-23 13:54:07";96.8421;768.3158;1;19;"2025-02-08 09:55:35";"2025-12-23 13:54:07";7;0
"user_3773";39;36;"2025-03-10 00:21:07";"2025-12-23 19:41:27";88.0;705.359;2;39;"2025-03-10 00:21:07";"2025-12-23 19:41:27";7;0
"user_3774";21;20;"2025-02-02 08:27:48";"2025-12-24 21:18:50";79.1905;640.4286;1;21;"2025-02-02 08:27:48";"2025-12-24 21:18:50";6;0
"user_3775";26;25;"2025-02-03 21:47:08";"2025-12-13 11:50:53";87.7692;716.8077;1;26;"2025-02-03 21:47:08";"2025-12-13 11:50:53";17;0
"user_3776";17;16;"2025-01-20 18:48:23";"2025-12-08 17:21:35";85.3529;662.2941;1;17;"2025-01-20 18:48:23";"2025-12-08 17:21:35";22;1
"user_3777";23;23;"2025-02-06 22:11:41";"2025-12-24 16:46:46";85.3478;712.913;2;23;"2025-02-06 22:11:41";"2025-12-24 16:46:46";6;0
"user_3778";57;52;"2025-01-08 20:17:47";"2025-12-30 20:43:30";87.5088;691.6842;1;57;"2025-01-08 20:17:47";"2025-12-30 20:43:30";0;0
"user_3779";22;22;"2025-01-10 07:22:21";"2025-11-20 10:47:20";90.7273;742.0909;1;22;"2025-01-10 07:22:21";"2025-11-20 10:47:20";40;1
"user_378";83;70;"2025-01-06 00:01:50";"2025-08-17 01:05:55";91.8072;727.6386;2;83;"2025-01-06 00:01:50";"2025-08-17 01:05:55";135;1
"user_3780";13;13;"2025-03-20 13:40:17";"2025-10-08 07:38:55";96.1538;793.0769;1;13;"2025-03-20 13:40:17";"2025-10-08 07:38:55";83;1
"user_3781";44;42;"2025-02-12 04:49:31";"2025-12-20 23:29:39";88.75;696.5682;2;44;"2025-02-12 04:49:31";"2025-12-20 23:29:39";10;0
"user_3782";53;49;"2025-02-11 02:08:16";"2025-12-24 10:00:33";88.1509;705.6415;2;53;"2025-02-11 02:08:16";"2025-12-24 10:00:33";6;0
"user_3783";84;69;"2025-01-29 12:58:11";"2025-09-30 03:02:25";91.5714;724.8571;1;84;"2025-01-29 12:58:11";"2025-09-30 03:02:25";91;1
"user_3784";18;17;"2025-01-05 09:11:13";"2025-12-28 17:47:08";85.9444;715.0556;1;18;"2025-01-05 09:11:13";"2025-12-28 17:47:08";2;0
"user_3785";23;22;"2025-01-26 23:21:48";"2025-12-20 21:28:40";90.4348;720.9565;1;23;"2025-01-26 23:21:48";"2025-12-20 21:28:40";10;0
"user_3786";60;49;"2025-01-31 21:09:09";"2025-08-10 00:25:47";90.8;742.05;1;60;"2025-01-31 21:09:09";"2025-08-10 00:25:47";142;1
"user_3787";56;52;"2025-03-07 05:39:32";"2025-12-23 18:29:54";83.9464;689.9107;2;56;"2025-03-07 05:39:32";"2025-12-23 18:29:54";7;0
"user_3788";52;46;"2025-01-28 16:02:36";"2025-12-26 01:53:06";87.8077;735.0;1;52;"2025-01-28 16:02:36";"2025-12-26 01:53:06";4;0
"user_3789";60;53;"2025-01-22 23:07:13";"2025-07-08 15:53:09";89.95;736.7333;1;60;"2025-01-22 23:07:13";"2025-07-08 15:53:09";175;1
"user_379";30;29;"2025-02-02 20:08:09";"2025-12-30 23:15:19";82.3333;664.1;1;30;"2025-02-02 20:08:09";"2025-12-30 23:15:19";0;0
"user_3790";17;17;"2025-01-21 02:28:45";"2025-12-24 19:18:55";92.0;732.2353;1;17;"2025-01-21 02:28:45";"2025-12-24 19:18:55";6;0
"user_3791";63;54;"2025-01-17 19:54:08";"2025-09-11 14:25:54";94.4286;768.6032;1;63;"2025-01-17 19:54:08";"2025-09-11 14:25:54";110;1
"user_3792";66;52;"2025-01-30 17:34:04";"2025-08-13 05:54:09";90.7273;720.6515;1;66;"2025-01-30 17:34:04";"2025-08-13 05:54:09";139;1
"user_3793";50;46;"2025-01-29 12:14:08";"2025-12-25 23:48:10";85.62;689.08;1;50;"2025-01-29 12:14:08";"2025-12-25 23:48:10";5;0
"user_3794";25;25;"2025-02-20 17:27:46";"2025-12-28 02:24:44";89.96;705.96;2;25;"2025-02-20 17:27:46";"2025-12-28 02:24:44";2;0
"user_3795";85;75;"2025-02-24 01:04:18";"2025-11-29 14:05:08";89.1647;701.7647;2;85;"2025-02-24 01:04:18";"2025-11-29 14:05:08";31;1
"user_3796";25;21;"2025-01-31 04:15:05";"2025-12-29 19:51:44";93.6;793.76;1;25;"2025-01-31 04:15:05";"2025-12-29 19:51:44";1;0
"user_3797";54;45;"2025-02-10 05:50:54";"2025-12-24 04:04:51";89.5741;734.4259;1;54;"2025-02-10 05:50:54";"2025-12-24 04:04:51";6;0
"user_3798";83;65;"2025-02-06 02:27:51";"2025-10-08 11:07:25";86.6024;688.4337;2;83;"2025-02-06 02:27:51";"2025-10-08 11:07:25";83;1
"user_3799";64;51;"2025-01-01 21:21:35";"2025-07-18 08:59:58";89.9688;729.3594;2;64;"2025-01-01 21:21:35";"2025-07-18 08:59:58";165;1
"user_38";68;61;"2025-01-08 21:14:36";"2025-08-14 13:24:23";87.2794;699.7647;1;68;"2025-01-08 21:14:36";"2025-08-14 13:24:23";138;1
"user_380";83;72;"2025-01-19 10:09:15";"2025-10-20 18:24:30";85.7229;701.6988;1;83;"2025-01-19 10:09:15";"2025-10-20 18:24:30";71;1
"user_3800";53;46;"2025-01-19 22:54:12";"2025-12-16 01:58:14";80.2075;635.6792;1;53;"2025-01-19 22:54:12";"2025-12-16 01:58:14";14;0
"user_3801";80;70;"2025-02-20 03:09:53";"2025-10-07 20:44:27";84.9125;663.7125;2;80;"2025-02-20 03:09:53";"2025-10-07 20:44:27";84;1
"user_3802";17;17;"2025-03-02 04:49:00";"2025-12-13 13:14:46";87.0588;688.2353;1;17;"2025-03-02 04:49:00";"2025-12-13 13:14:46";17;0
"user_3803";20;19;"2025-01-22 04:58:06";"2025-12-22 01:48:41";87.45;685.35;1;20;"2025-01-22 04:58:06";"2025-12-22 01:48:41";8;0
"user_3804";14;14;"2025-02-10 07:05:18";"2025-11-28 01:43:15";91.8571;747.6429;2;14;"2025-02-10 07:05:18";"2025-11-28 01:43:15";32;1
"user_3805";94;80;"2025-02-28 11:33:34";"2025-12-29 06:10:54";90.2979;720.0213;1;94;"2025-02-28 11:33:34";"2025-12-29 06:10:54";1;0
"user_3806";9;9;"2025-03-05 03:25:33";"2025-11-29 05:11:16";94.0;782.0;1;9;"2025-03-05 03:25:33";"2025-11-29 05:11:16";31;1
"user_3807";41;37;"2025-01-22 21:13:12";"2025-12-27 00:15:47";96.3171;801.7317;2;41;"2025-01-22 21:13:12";"2025-12-27 00:15:47";3;0
"user_3808";44;41;"2025-02-16 18:30:21";"2025-12-19 08:50:26";90.1591;709.6136;1;44;"2025-02-16 18:30:21";"2025-12-19 08:50:26";11;0
"user_3809";71;58;"2025-02-18 12:33:32";"2025-09-05 20:04:52";90.5493;716.7746;2;71;"2025-02-18 12:33:32";"2025-09-05 20:04:52";116;1
"user_381";71;54;"2025-01-19 16:51:15";"2025-07-24 19:32:19";90.6056;740.3662;2;71;"2025-01-19 16:51:15";"2025-07-24 19:32:19";159;1
"user_3810";65;53;"2025-02-15 17:05:59";"2025-08-08 14:21:56";90.5692;717.0769;2;65;"2025-02-15 17:05:59";"2025-08-08 14:21:56";144;1
"user_3811";27;25;"2025-02-07 02:32:29";"2025-12-30 16:29:19";82.4815;665.0741;2;27;"2025-02-07 02:32:29";"2025-12-30 16:29:19";0;0
"user_3812";36;35;"2025-02-10 00:23:10";"2025-12-24 09:23:18";92.3611;716.9722;2;36;"2025-02-10 00:23:10";"2025-12-24 09:23:18";6;0
"user_3813";94;88;"2025-01-24 04:00:47";"2025-11-24 08:43:39";89.1383;714.5638;1;94;"2025-01-24 04:00:47";"2025-11-24 08:43:39";36;1
"user_3814";35;32;"2025-02-13 00:56:50";"2025-12-22 20:29:47";91.6286;726.6857;2;35;"2025-02-13 00:56:50";"2025-12-22 20:29:47";8;0
"user_3815";67;65;"2025-02-20 02:38:56";"2025-09-05 13:32:46";90.1045;727.8209;1;67;"2025-02-20 02:38:56";"2025-09-05 13:32:46";116;1
"user_3816";54;49;"2025-03-06 15:26:44";"2025-12-18 07:06:38";90.8889;730.8704;1;54;"2025-03-06 15:26:44";"2025-12-18 07:06:38";12;0
"user_3817";57;54;"2025-01-11 20:10:23";"2025-12-17 23:49:09";88.7193;680.8947;1;57;"2025-01-11 20:10:23";"2025-12-17 23:49:09";13;0
"user_3818";24;24;"2025-02-06 00:14:30";"2025-12-03 09:41:20";85.375;660.3333;1;24;"2025-02-06 00:14:30";"2025-12-03 09:41:20";27;1
"user_3819";18;18;"2025-02-26 11:17:40";"2025-12-27 18:46:02";87.3889;684.8333;1;18;"2025-02-26 11:17:40";"2025-12-27 18:46:02";3;0
"user_382";16;16;"2025-02-24 01:44:33";"2025-12-18 12:44:22";88.25;706.5625;1;16;"2025-02-24 01:44:33";"2025-12-18 12:44:22";12;0
"user_3820";43;41;"2025-02-11 22:19:55";"2025-12-19 05:18:32";95.5581;780.3488;1;43;"2025-02-11 22:19:55";"2025-12-19 05:18:32";11;0
"user_3821";46;44;"2025-03-27 16:34:49";"2025-12-27 18:00:48";86.2174;707.087;1;46;"2025-03-27 16:34:49";"2025-12-27 18:00:48";3;0
"user_3822";60;58;"2025-02-18 01:26:41";"2025-12-29 11:33:15";91.6333;758.5333;2;60;"2025-02-18 01:26:41";"2025-12-29 11:33:15";1;0
"user_3823";42;38;"2025-01-19 23:25:18";"2025-12-28 21:57:10";81.4286;660.6667;2;42;"2025-01-19 23:25:18";"2025-12-28 21:57:10";2;0
"user_3824";43;40;"2025-01-21 03:30:15";"2025-12-03 02:11:52";86.5349;714.4884;2;43;"2025-01-21 03:30:15";"2025-12-03 02:11:52";27;1
"user_3825";91;79;"2025-01-19 19:07:53";"2025-11-05 23:05:39";86.3297;695.7692;1;91;"2025-01-19 19:07:53";"2025-11-05 23:05:39";55;1
"user_3826";62;54;"2025-02-02 08:21:06";"2025-07-23 10:26:27";90.0484;722.4194;1;62;"2025-02-02 08:21:06";"2025-07-23 10:26:27";160;1
"user_3827";30;30;"2025-02-18 18:08:27";"2025-12-16 00:57:21";85.7333;720.3;2;30;"2025-02-18 18:08:27";"2025-12-16 00:57:21";14;0
"user_3828";38;37;"2025-03-03 01:08:44";"2025-12-26 20:27:13";89.2632;721.2105;2;38;"2025-03-03 01:08:44";"2025-12-26 20:27:13";4;0
"user_3829";25;25;"2025-02-10 14:24:00";"2025-12-29 09:50:45";85.04;707.6;2;25;"2025-02-10 14:24:00";"2025-12-29 09:50:45";1;0
"user_383";53;48;"2025-02-18 12:44:39";"2025-12-03 04:36:37";90.8113;732.6604;1;53;"2025-02-18 12:44:39";"2025-12-03 04:36:37";27;1
"user_3830";73;62;"2025-01-24 07:02:53";"2025-09-25 12:26:41";87.0137;675.2466;1;73;"2025-01-24 07:02:53";"2025-09-25 12:26:41";96;1
"user_3831";36;34;"2025-01-28 16:33:37";"2025-12-18 05:52:05";84.5556;666.0556;1;36;"2025-01-28 16:33:37";"2025-12-18 05:52:05";12;0
"user_3832";22;20;"2025-01-25 14:33:38";"2025-12-30 11:55:08";95.9545;778.6818;1;22;"2025-01-25 14:33:38";"2025-12-30 11:55:08";0;0
"user_3833";27;26;"2025-01-22 21:21:33";"2025-12-21 01:05:54";87.1852;714.7778;2;27;"2025-01-22 21:21:33";"2025-12-21 01:05:54";9;0
"user_3834";52;48;"2025-01-29 15:05:10";"2025-12-26 13:59:09";90.7692;716.7692;2;52;"2025-01-29 15:05:10";"2025-12-26 13:59:09";4;0
"user_3835";48;43;"2025-01-15 12:40:34";"2025-12-24 03:43:04";90.25;704.75;1;48;"2025-01-15 12:40:34";"2025-12-24 03:43:04";6;0
"user_3836";51;46;"2025-01-17 14:03:07";"2025-12-22 17:32:30";95.1373;761.8627;2;51;"2025-01-17 14:03:07";"2025-12-22 17:32:30";8;0
"user_3837";18;18;"2025-03-09 03:42:51";"2025-12-21 04:44:47";83.5;650.8889;2;18;"2025-03-09 03:42:51";"2025-12-21 04:44:47";9;0
"user_3838";81;74;"2025-02-01 04:38:45";"2025-11-11 16:14:59";89.3704;720.5679;2;81;"2025-02-01 04:38:45";"2025-11-11 16:14:59";49;1
"user_3839";16;14;"2025-02-06 13:23:37";"2025-12-11 00:29:34";89.0;721.625;2;16;"2025-02-06 13:23:37";"2025-12-11 00:29:34";19;0
"user_384";20;20;"2025-01-25 14:48:21";"2025-12-10 23:47:36";81.3;673.9;2;20;"2025-01-25 14:48:21";"2025-12-10 23:47:36";20;0
"user_3840";19;17;"2025-03-19 03:15:41";"2025-12-20 20:37:14";90.3684;725.0;2;19;"2025-03-19 03:15:41";"2025-12-20 20:37:14";10;0
"user_3841";46;42;"2025-02-05 11:17:30";"2025-12-29 18:56:39";86.8913;698.2609;1;46;"2025-02-05 11:17:30";"2025-12-29 18:56:39";1;0
"user_3842";62;47;"2025-02-19 23:42:25";"2025-09-16 08:47:14";89.7419;717.0806;2;62;"2025-02-19 23:42:25";"2025-09-16 08:47:14";105;1
"user_3843";56;52;"2025-02-14 04:20:40";"2025-12-20 20:28:12";87.375;704.6429;2;56;"2025-02-14 04:20:40";"2025-12-20 20:28:12";10;0
"user_3844";59;57;"2025-01-03 11:02:56";"2025-12-26 07:58:09";86.9661;689.5593;2;59;"2025-01-03 11:02:56";"2025-12-26 07:58:09";4;0
"user_3845";99;85;"2025-01-18 11:13:04";"2025-12-26 23:49:59";90.798;739.6061;1;99;"2025-01-18 11:13:04";"2025-12-26 23:49:59";4;0
"user_3846";18;18;"2025-02-07 08:53:59";"2025-12-27 08:48:08";92.5556;746.5;2;18;"2025-02-07 08:53:59";"2025-12-27 08:48:08";3;0
"user_3847";9;9;"2025-03-24 03:31:36";"2025-12-15 08:11:02";91.1111;724.4444;2;9;"2025-03-24 03:31:36";"2025-12-15 08:11:02";15;0
"user_3848";52;48;"2025-01-22 17:38:32";"2025-12-29 17:37:39";87.8077;702.5192;2;52;"2025-01-22 17:38:32";"2025-12-29 17:37:39";1;0
"user_3849";24;23;"2025-01-17 14:19:14";"2025-12-30 23:20:02";91.75;736.4167;2;24;"2025-01-17 14:19:14";"2025-12-30 23:20:02";0;0
"user_385";20;20;"2025-01-24 13:42:23";"2025-12-15 07:37:30";92.95;725.3;1;20;"2025-01-24 13:42:23";"2025-12-15 07:37:30";15;0
"user_3850";61;53;"2025-01-13 01:41:25";"2025-07-16 07:17:58";85.7869;694.5574;1;61;"2025-01-13 01:41:25";"2025-07-16 07:17:58";167;1
"user_3851";51;47;"2025-02-11 21:17:29";"2025-12-29 05:43:05";92.5686;749.6078;2;51;"2025-02-11 21:17:29";"2025-12-29 05:43:05";1;0
"user_3852";97;82;"2025-02-06 15:59:58";"2025-12-29 08:22:07";89.732;718.9588;2;97;"2025-02-06 15:59:58";"2025-12-29 08:22:07";1;0
"user_3853";43;42;"2025-01-19 01:03:24";"2025-12-19 07:22:35";88.2558;705.7907;2;43;"2025-01-19 01:03:24";"2025-12-19 07:22:35";11;0
"user_3854";22;21;"2025-01-27 21:45:25";"2025-11-10 16:53:28";85.5;698.0909;2;22;"2025-01-27 21:45:25";"2025-11-10 16:53:28";50;1
"user_3855";29;28;"2025-02-27 06:40:50";"2025-12-12 03:28:35";89.8621;702.069;2;29;"2025-02-27 06:40:50";"2025-12-12 03:28:35";18;0
"user_3856";94;81;"2025-02-24 18:53:13";"2025-12-30 21:21:00";89.6489;742.0745;1;94;"2025-02-24 18:53:13";"2025-12-30 21:21:00";0;0
"user_3857";41;37;"2025-02-06 22:24:06";"2025-12-26 07:50:52";87.1707;696.5366;2;41;"2025-02-06 22:24:06";"2025-12-26 07:50:52";4;0
"user_3858";39;38;"2025-02-28 10:06:10";"2025-12-25 02:13:53";90.1026;725.7949;1;39;"2025-02-28 10:06:10";"2025-12-25 02:13:53";5;0
"user_3859";56;54;"2025-01-21 03:10:41";"2025-12-17 00:27:20";89.9107;733.875;2;56;"2025-01-21 03:10:41";"2025-12-17 00:27:20";13;0
"user_386";31;30;"2025-02-11 20:49:37";"2025-12-21 10:20:52";92.4194;729.6452;2;31;"2025-02-11 20:49:37";"2025-12-21 10:20:52";9;0
"user_3860";28;26;"2025-02-05 12:57:38";"2025-12-20 04:34:59";90.9643;732.1071;2;28;"2025-02-05 12:57:38";"2025-12-20 04:34:59";10;0
"user_3861";23;22;"2025-01-21 16:13:21";"2025-12-28 21:05:36";89.6522;673.3913;2;23;"2025-01-21 16:13:21";"2025-12-28 21:05:36";2;0
"user_3862";51;46;"2025-01-17 07:03:29";"2025-12-22 23:26:27";87.098;693.098;1;51;"2025-01-17 07:03:29";"2025-12-22 23:26:27";8;0
"user_3863";46;45;"2025-02-21 05:28:44";"2025-12-25 23:54:50";92.8043;741.2174;1;46;"2025-02-21 05:28:44";"2025-12-25 23:54:50";5;0
"user_3864";84;70;"2025-01-02 17:51:39";"2025-11-12 13:07:15";88.3214;695.9762;2;84;"2025-01-02 17:51:39";"2025-11-12 13:07:15";48;1
"user_3865";112;98;"2025-01-27 14:55:26";"2025-12-13 02:33:40";90.9196;728.7232;1;112;"2025-01-27 14:55:26";"2025-12-13 02:33:40";17;0
"user_3866";39;32;"2025-03-11 02:39:37";"2025-12-06 07:44:08";94.9231;752.0513;2;39;"2025-03-11 02:39:37";"2025-12-06 07:44:08";24;1
"user_3867";55;48;"2025-02-17 15:46:26";"2025-12-30 06:58:54";92.6909;728.1273;1;55;"2025-02-17 15:46:26";"2025-12-30 06:58:54";0;0
"user_3868";29;28;"2025-01-18 01:48:28";"2025-12-07 23:51:28";88.1724;726.4828;2;29;"2025-01-18 01:48:28";"2025-12-07 23:51:28";23;1
"user_3869";25;25;"2025-01-15 18:48:12";"2025-12-26 22:19:52";80.4;671.0;1;25;"2025-01-15 18:48:12";"2025-12-26 22:19:52";4;0
"user_387";90;78;"2025-02-03 00:53:05";"2025-10-22 09:40:25";88.8222;706.4556;1;90;"2025-02-03 00:53:05";"2025-10-22 09:40:25";69;1
"user_3870";95;80;"2025-01-29 02:58:46";"2025-12-09 17:43:00";89.0947;702.7895;2;95;"2025-01-29 02:58:46";"2025-12-09 17:43:00";21;0
"user_3871";47;43;"2025-02-18 19:37:10";"2025-12-25 20:50:37";89.0426;721.4681;1;47;"2025-02-18 19:37:10";"2025-12-25 20:50:37";5;0
"user_3872";79;71;"2025-02-16 11:12:44";"2025-10-22 00:00:09";89.9241;716.5316;2;79;"2025-02-16 11:12:44";"2025-10-22 00:00:09";69;1
"user_3873";61;53;"2025-01-16 09:15:20";"2025-06-12 07:37:56";91.2951;719.623;1;61;"2025-01-16 09:15:20";"2025-06-12 07:37:56";201;1
"user_3874";29;28;"2025-01-16 10:08:38";"2025-12-03 03:38:26";87.1379;682.6897;1;29;"2025-01-16 10:08:38";"2025-12-03 03:38:26";27;1
"user_3875";78;67;"2025-01-31 23:23:38";"2025-08-22 15:02:08";90.6282;753.6795;2;78;"2025-01-31 23:23:38";"2025-08-22 15:02:08";130;1
"user_3876";37;36;"2025-01-26 00:57:12";"2025-12-27 02:38:26";84.973;692.9189;2;37;"2025-01-26 00:57:12";"2025-12-27 02:38:26";3;0
"user_3877";68;57;"2025-02-17 18:31:03";"2025-09-20 07:38:35";94.8676;770.7647;2;68;"2025-02-17 18:31:03";"2025-09-20 07:38:35";101;1
"user_3878";8;8;"2025-03-03 23:18:30";"2025-12-17 21:01:44";95.125;805.125;2;8;"2025-03-03 23:18:30";"2025-12-17 21:01:44";13;0
"user_3879";44;39;"2025-01-25 13:59:14";"2025-12-17 20:14:11";84.8864;694.8409;2;44;"2025-01-25 13:59:14";"2025-12-17 20:14:11";13;0
"user_388";100;92;"2025-02-09 08:40:52";"2025-12-29 22:38:32";94.05;761.01;1;100;"2025-02-09 08:40:52";"2025-12-29 22:38:32";1;0
"user_3880";86;74;"2025-01-21 04:35:10";"2025-10-21 00:06:52";86.7907;696.7674;2;86;"2025-01-21 04:35:10";"2025-10-21 00:06:52";70;1
"user_3881";53;47;"2025-01-12 14:25:32";"2025-12-11 19:09:35";89.1887;715.6226;2;53;"2025-01-12 14:25:32";"2025-12-11 19:09:35";19;0
"user_3882";29;27;"2025-02-12 22:55:21";"2025-12-17 20:23:21";95.7931;768.8276;1;29;"2025-02-12 22:55:21";"2025-12-17 20:23:21";13;0
"user_3883";17;17;"2025-01-13 15:38:20";"2025-12-26 20:33:50";85.5294;673.5294;1;17;"2025-01-13 15:38:20";"2025-12-26 20:33:50";4;0
"user_3884";93;73;"2025-01-28 00:05:45";"2025-10-08 17:44:18";86.2581;709.7957;2;93;"2025-01-28 00:05:45";"2025-10-08 17:44:18";83;1
"user_3885";16;15;"2025-01-25 23:07:44";"2025-10-30 16:58:40";95.0625;751.375;1;16;"2025-01-25 23:07:44";"2025-10-30 16:58:40";61;1
"user_3886";22;21;"2025-02-22 14:53:42";"2025-12-11 03:15:42";93.2727;731.5;2;22;"2025-02-22 14:53:42";"2025-12-11 03:15:42";19;0
"user_3887";16;15;"2025-04-05 16:50:54";"2025-12-19 17:47:55";90.75;749.125;1;16;"2025-04-05 16:50:54";"2025-12-19 17:47:55";11;0
"user_3888";49;43;"2025-02-18 02:37:04";"2025-12-27 21:36:00";80.7347;629.551;1;49;"2025-02-18 02:37:04";"2025-12-27 21:36:00";3;0
"user_3889";66;62;"2025-01-11 20:22:57";"2025-12-27 18:45:41";87.0303;685.8333;1;66;"2025-01-11 20:22:57";"2025-12-27 18:45:41";3;0
"user_389";25;24;"2025-03-17 15:07:24";"2025-12-29 05:01:52";91.28;740.48;2;25;"2025-03-17 15:07:24";"2025-12-29 05:01:52";1;0
"user_3890";52;49;"2025-01-28 01:30:49";"2025-12-29 00:29:06";90.8654;729.4231;2;52;"2025-01-28 01:30:49";"2025-12-29 00:29:06";1;0
"user_3891";26;24;"2025-02-14 22:09:07";"2025-11-21 13:02:54";83.9231;664.6154;2;26;"2025-02-14 22:09:07";"2025-11-21 13:02:54";39;1
"user_3892";55;52;"2025-01-09 11:25:05";"2025-12-17 23:02:35";91.1273;717.4909;2;55;"2025-01-09 11:25:05";"2025-12-17 23:02:35";13;0
"user_3893";26;26;"2025-01-29 16:45:47";"2025-12-28 11:07:10";92.0769;762.8077;1;26;"2025-01-29 16:45:47";"2025-12-28 11:07:10";2;0
"user_3894";47;44;"2025-02-25 07:02:16";"2025-12-17 10:34:55";91.8085;760.9149;2;47;"2025-02-25 07:02:16";"2025-12-17 10:34:55";13;0
"user_3895";35;31;"2025-02-22 22:20:31";"2025-12-03 12:42:00";91.3714;752.3429;2;35;"2025-02-22 22:20:31";"2025-12-03 12:42:00";27;1
"user_3896";25;24;"2025-02-01 11:14:23";"2025-12-29 04:51:32";89.0;756.68;1;25;"2025-02-01 11:14:23";"2025-12-29 04:51:32";1;0
"user_3897";82;70;"2025-01-03 23:43:17";"2025-09-14 16:16:20";88.6098;715.6585;2;82;"2025-01-03 23:43:17";"2025-09-14 16:16:20";107;1
"user_3898";23;22;"2025-01-08 07:46:06";"2025-12-16 23:00:22";96.0435;796.0435;1;23;"2025-01-08 07:46:06";"2025-12-16 23:00:22";14;0
"user_3899";39;37;"2025-02-14 12:12:19";"2025-12-24 21:41:31";85.8462;685.5641;1;39;"2025-02-14 12:12:19";"2025-12-24 21:41:31";6;0
"user_39";21;20;"2025-02-14 01:57:42";"2025-12-26 10:50:33";90.8095;748.0;2;21;"2025-02-14 01:57:42";"2025-12-26 10:50:33";4;0
"user_390";29;28;"2025-01-12 22:01:40";"2025-11-27 15:50:49";84.3103;728.0;2;29;"2025-01-12 22:01:40";"2025-11-27 15:50:49";33;1
"user_3900";31;29;"2025-02-28 11:46:43";"2025-12-22 18:18:02";95.7742;765.5484;1;31;"2025-02-28 11:46:43";"2025-12-22 18:18:02";8;0
"user_3901";50;46;"2025-02-21 02:49:48";"2025-12-28 15:35:04";88.96;695.72;2;50;"2025-02-21 02:49:48";"2025-12-28 15:35:04";2;0
"user_3902";50;45;"2025-02-04 17:23:06";"2025-12-29 12:23:24";87.64;707.44;1;50;"2025-02-04 17:23:06";"2025-12-29 12:23:24";1;0
"user_3903";24;24;"2025-01-21 18:57:28";"2025-12-13 03:26:53";90.2917;748.9167;1;24;"2025-01-21 18:57:28";"2025-12-13 03:26:53";17;0
"user_3904";96;81;"2025-02-09 11:20:39";"2025-11-20 07:05:28";88.9896;724.0417;2;96;"2025-02-09 11:20:39";"2025-11-20 07:05:28";40;1
"user_3905";22;22;"2025-02-07 08:37:45";"2025-12-24 21:08:32";87.3182;706.3182;2;22;"2025-02-07 08:37:45";"2025-12-24 21:08:32";6;0
"user_3906";41;40;"2025-02-09 21:14:03";"2025-12-12 17:46:51";93.5122;759.878;1;41;"2025-02-09 21:14:03";"2025-12-12 17:46:51";18;0
"user_3907";42;39;"2025-02-25 02:55:36";"2025-12-27 06:51:06";83.9286;671.5714;2;42;"2025-02-25 02:55:36";"2025-12-27 06:51:06";3;0
"user_3908";51;44;"2025-01-18 11:58:43";"2025-12-06 14:50:19";90.8431;715.5098;1;51;"2025-01-18 11:58:43";"2025-12-06 14:50:19";24;1
"user_3909";64;58;"2025-01-21 05:59:46";"2025-12-30 16:49:06";88.8594;755.5;2;64;"2025-01-21 05:59:46";"2025-12-30 16:49:06";0;0
"user_391";21;20;"2025-01-09 17:12:54";"2025-12-02 02:36:34";87.9524;709.3333;1;21;"2025-01-09 17:12:54";"2025-12-02 02:36:34";28;1
"user_3910";61;55;"2025-03-02 06:13:20";"2025-12-28 14:46:24";88.4754;724.9672;1;61;"2025-03-02 06:13:20";"2025-12-28 14:46:24";2;0
"user_3911";95;77;"2025-01-02 00:01:44";"2025-10-14 21:30:53";93.0842;709.7895;2;95;"2025-01-02 00:01:44";"2025-10-14 21:30:53";77;1
"user_3912";104;88;"2025-03-03 15:41:33";"2025-12-29 03:21:50";85.4327;669.0192;1;104;"2025-03-03 15:41:33";"2025-12-29 03:21:50";1;0
"user_3913";112;98;"2025-01-19 13:29:37";"2025-12-30 05:21:24";89.1875;701.7054;1;112;"2025-01-19 13:29:37";"2025-12-30 05:21:24";0;0
"user_3914";18;18;"2025-04-07 01:11:05";"2025-12-08 13:18:12";94.3889;758.3889;2;18;"2025-04-07 01:11:05";"2025-12-08 13:18:12";22;1
"user_3915";23;23;"2025-03-14 02:49:04";"2025-12-17 20:02:02";85.2174;691.6087;2;23;"2025-03-14 02:49:04";"2025-12-17 20:02:02";13;0
"user_3916";45;41;"2025-01-31 06:41:58";"2025-12-27 05:28:33";88.8667;758.3333;1;45;"2025-01-31 06:41:58";"2025-12-27 05:28:33";3;0
"user_3917";28;25;"2025-01-15 11:30:00";"2025-12-25 14:04:42";93.4643;774.25;1;28;"2025-01-15 11:30:00";"2025-12-25 14:04:42";5;0
"user_3918";37;34;"2025-03-09 18:29:09";"2025-12-16 04:50:32";93.2432;764.2703;2;37;"2025-03-09 18:29:09";"2025-12-16 04:50:32";14;0
"user_3919";24;22;"2025-01-25 00:42:28";"2025-12-13 23:59:48";90.125;710.9167;2;24;"2025-01-25 00:42:28";"2025-12-13 23:59:48";17;0
"user_392";37;33;"2025-02-28 19:19:41";"2025-12-18 19:02:31";87.027;713.0811;1;37;"2025-02-28 19:19:41";"2025-12-18 19:02:31";12;0
"user_3920";31;28;"2025-02-18 05:01:02";"2025-12-17 00:31:45";89.3548;705.8065;2;31;"2025-02-18 05:01:02";"2025-12-17 00:31:45";13;0
"user_3921";18;17;"2025-02-01 18:09:30";"2025-11-22 07:18:37";95.5556;786.1667;2;18;"2025-02-01 18:09:30";"2025-11-22 07:18:37";38;1
"user_3922";40;39;"2025-02-16 14:49:04";"2025-12-25 04:08:43";84.0;662.85;1;40;"2025-02-16 14:49:04";"2025-12-25 04:08:43";5;0
"user_3923";23;22;"2025-02-05 04:24:48";"2025-12-13 14:28:37";88.1304;691.3043;1;23;"2025-02-05 04:24:48";"2025-12-13 14:28:37";17;0
"user_3924";61;51;"2025-03-04 10:29:45";"2025-08-30 07:30:34";89.5738;735.0328;2;61;"2025-03-04 10:29:45";"2025-08-30 07:30:34";122;1
"user_3925";21;21;"2025-01-17 23:14:42";"2025-12-25 05:47:42";92.0952;759.2381;2;21;"2025-01-17 23:14:42";"2025-12-25 05:47:42";5;0
"user_3926";63;54;"2025-02-21 00:00:51";"2025-07-29 03:11:05";90.127;745.1905;1;63;"2025-02-21 00:00:51";"2025-07-29 03:11:05";154;1
"user_3927";48;46;"2025-02-05 15:45:00";"2025-12-28 17:14:40";83.7708;674.8333;2;48;"2025-02-05 15:45:00";"2025-12-28 17:14:40";2;0
"user_3928";30;29;"2025-01-02 18:27:30";"2025-12-28 22:33:47";88.2667;687.5;2;30;"2025-01-02 18:27:30";"2025-12-28 22:33:47";2;0
"user_3929";25;24;"2025-01-25 08:51:28";"2025-12-22 12:20:25";89.56;721.68;2;25;"2025-01-25 08:51:28";"2025-12-22 12:20:25";8;0
"user_393";50;46;"2025-01-24 14:29:18";"2025-12-14 19:23:34";91.08;717.92;1;50;"2025-01-24 14:29:18";"2025-12-14 19:23:34";16;0
"user_3930";63;51;"2025-02-01 15:35:51";"2025-07-09 12:54:36";92.0476;727.381;2;63;"2025-02-01 15:35:51";"2025-07-09 12:54:36";174;1
"user_3931";12;12;"2025-03-17 02:46:11";"2025-12-30 20:11:35";94.8333;740.0;1;12;"2025-03-17 02:46:11";"2025-12-30 20:11:35";0;0
"user_3932";60;50;"2025-01-11 13:37:43";"2025-06-30 14:57:24";86.6833;687.4;1;60;"2025-01-11 13:37:43";"2025-06-30 14:57:24";183;1
"user_3933";38;36;"2025-02-06 09:37:42";"2025-12-28 03:00:47";93.7632;731.3421;2;38;"2025-02-06 09:37:42";"2025-12-28 03:00:47";2;0
"user_3934";72;60;"2025-02-01 01:51:01";"2025-08-12 04:35:57";89.9861;720.9167;1;72;"2025-02-01 01:51:01";"2025-08-12 04:35:57";140;1
"user_3935";60;52;"2025-01-24 10:21:27";"2025-12-17 16:27:00";85.4167;712.1333;2;60;"2025-01-24 10:21:27";"2025-12-17 16:27:00";13;0
"user_3936";53;48;"2025-02-20 18:14:37";"2025-12-23 19:06:01";88.9811;748.1698;1;53;"2025-02-20 18:14:37";"2025-12-23 19:06:01";7;0
"user_3937";43;39;"2025-02-18 12:09:36";"2025-12-17 03:59:43";90.6279;703.9302;1;43;"2025-02-18 12:09:36";"2025-12-17 03:59:43";13;0
"user_3938";68;58;"2025-02-17 19:19:49";"2025-10-18 05:05:23";91.9265;734.9118;2;68;"2025-02-17 19:19:49";"2025-10-18 05:05:23";73;1
"user_3939";102;82;"2025-02-20 14:42:29";"2025-12-22 18:53:38";89.0196;711.2843;2;102;"2025-02-20 14:42:29";"2025-12-22 18:53:38";8;0
"user_394";31;29;"2025-02-17 18:53:08";"2025-12-22 12:56:31";86.2258;660.3548;1;31;"2025-02-17 18:53:08";"2025-12-22 12:56:31";8;0
"user_3940";60;54;"2025-02-03 06:41:00";"2025-12-26 00:10:17";87.4833;703.0667;2;60;"2025-02-03 06:41:00";"2025-12-26 00:10:17";4;0
"user_3941";24;21;"2025-02-10 14:18:05";"2025-12-29 15:10:21";91.875;736.875;2;24;"2025-02-10 14:18:05";"2025-12-29 15:10:21";1;0
"user_3942";14;14;"2025-03-15 18:08:47";"2025-11-17 13:04:40";96.0714;734.7143;1;14;"2025-03-15 18:08:47";"2025-11-17 13:04:40";43;1
"user_3943";70;60;"2025-02-24 16:55:26";"2025-10-02 23:43:54";92.4;738.1143;1;70;"2025-02-24 16:55:26";"2025-10-02 23:43:54";89;1
"user_3944";47;45;"2025-01-19 08:57:42";"2025-12-29 06:43:59";92.3617;724.5532;2;47;"2025-01-19 08:57:42";"2025-12-29 06:43:59";1;0
"user_3945";81;65;"2025-02-13 11:48:03";"2025-10-27 10:38:30";86.2099;710.1975;1;81;"2025-02-13 11:48:03";"2025-10-27 10:38:30";64;1
"user_3946";88;73;"2025-02-24 05:34:48";"2025-11-01 11:56:10";90.25;726.2841;1;88;"2025-02-24 05:34:48";"2025-11-01 11:56:10";59;1
"user_3947";36;34;"2025-01-16 10:43:47";"2025-12-08 20:25:54";84.3889;670.5556;2;36;"2025-01-16 10:43:47";"2025-12-08 20:25:54";22;1
"user_3948";35;32;"2025-02-28 21:04:20";"2025-12-23 17:04:05";93.9143;779.8;1;35;"2025-02-28 21:04:20";"2025-12-23 17:04:05";7;0
"user_3949";70;57;"2025-01-27 15:25:46";"2025-08-13 03:03:14";95.5571;762.7429;1;70;"2025-01-27 15:25:46";"2025-08-13 03:03:14";139;1
"user_395";53;50;"2025-02-09 14:37:47";"2025-12-24 12:56:21";91.9434;756.5094;2;53;"2025-02-09 14:37:47";"2025-12-24 12:56:21";6;0
"user_3950";72;63;"2025-01-15 16:22:02";"2025-10-13 07:12:59";89.625;702.9583;2;72;"2025-01-15 16:22:02";"2025-10-13 07:12:59";78;1
"user_3951";77;62;"2025-01-31 23:00:08";"2025-10-17 01:18:48";90.1169;739.2727;1;77;"2025-01-31 23:00:08";"2025-10-17 01:18:48";74;1
"user_3952";28;28;"2025-01-21 04:37:28";"2025-12-18 22:58:27";87.3214;708.3214;2;28;"2025-01-21 04:37:28";"2025-12-18 22:58:27";12;0
"user_3953";18;18;"2025-03-23 22:43:22";"2025-12-26 15:57:32";92.4444;756.6111;2;18;"2025-03-23 22:43:22";"2025-12-26 15:57:32";4;0
"user_3954";64;54;"2025-02-14 07:56:04";"2025-08-16 19:45:16";90.1094;717.6094;1;64;"2025-02-14 07:56:04";"2025-08-16 19:45:16";136;1
"user_3955";85;76;"2025-01-14 20:42:16";"2025-09-17 18:42:24";88.8824;721.2353;1;85;"2025-01-14 20:42:16";"2025-09-17 18:42:24";104;1
"user_3956";13;13;"2025-02-04 02:27:14";"2025-12-08 21:24:37";95.6923;822.9231;1;13;"2025-02-04 02:27:14";"2025-12-08 21:24:37";22;1
"user_3957";21;20;"2025-03-24 21:45:34";"2025-12-10 19:33:51";88.8571;706.9048;1;21;"2025-03-24 21:45:34";"2025-12-10 19:33:51";20;0
"user_3958";46;44;"2025-02-08 00:42:49";"2025-12-08 13:46:44";88.3913;703.4348;2;46;"2025-02-08 00:42:49";"2025-12-08 13:46:44";22;1
"user_3959";105;91;"2025-01-30 06:12:05";"2025-11-26 00:58:13";90.5048;731.0857;1;105;"2025-01-30 06:12:05";"2025-11-26 00:58:13";34;1
"user_396";19;19;"2025-02-26 07:14:45";"2025-12-18 15:09:48";84.9474;672.5263;2;19;"2025-02-26 07:14:45";"2025-12-18 15:09:48";12;0
"user_3960";108;92;"2025-01-31 07:09:55";"2025-12-27 08:08:24";89.0463;725.1204;2;108;"2025-01-31 07:09:55";"2025-12-27 08:08:24";3;0
"user_3961";45;40;"2025-02-10 16:33:42";"2025-12-27 22:06:59";92.5333;716.5333;2;45;"2025-02-10 16:33:42";"2025-12-27 22:06:59";3;0
"user_3962";47;43;"2025-03-01 06:47:53";"2025-12-29 12:34:14";94.4255;714.7447;2;47;"2025-03-01 06:47:53";"2025-12-29 12:34:14";1;0
"user_3963";71;62;"2025-01-03 19:43:22";"2025-08-01 02:30:16";89.7042;747.8732;1;71;"2025-01-03 19:43:22";"2025-08-01 02:30:16";151;1
"user_3964";42;39;"2025-03-14 21:17:21";"2025-11-26 12:29:09";86.8571;686.3571;2;42;"2025-03-14 21:17:21";"2025-11-26 12:29:09";34;1
"user_3965";108;93;"2025-02-12 21:41:11";"2025-12-27 06:39:12";88.5463;732.3519;1;108;"2025-02-12 21:41:11";"2025-12-27 06:39:12";3;0
"user_3966";29;29;"2025-01-24 08:21:54";"2025-12-20 05:51:28";86.7241;711.2069;1;29;"2025-01-24 08:21:54";"2025-12-20 05:51:28";10;0
"user_3967";51;47;"2025-01-23 05:24:39";"2025-12-28 16:16:05";93.7843;748.4902;2;51;"2025-01-23 05:24:39";"2025-12-28 16:16:05";2;0
"user_3968";86;77;"2025-02-24 22:05:31";"2025-11-19 14:43:32";88.7093;718.4651;1;86;"2025-02-24 22:05:31";"2025-11-19 14:43:32";41;1
"user_3969";36;33;"2025-02-15 17:10:31";"2025-12-30 23:50:36";88.3889;700.0278;1;36;"2025-02-15 17:10:31";"2025-12-30 23:50:36";0;0
"user_397";13;13;"2025-03-19 10:56:17";"2025-12-28 08:33:12";89.0769;719.8462;1;13;"2025-03-19 10:56:17";"2025-12-28 08:33:12";2;0
"user_3970";38;35;"2025-03-02 14:11:34";"2025-12-19 00:08:53";92.6053;745.3158;2;38;"2025-03-02 14:11:34";"2025-12-19 00:08:53";11;0
"user_3971";19;18;"2025-01-22 03:23:37";"2025-12-22 10:25:18";87.0;710.1053;1;19;"2025-01-22 03:23:37";"2025-12-22 10:25:18";8;0
"user_3972";46;42;"2025-01-05 15:11:17";"2025-12-25 01:31:57";90.6304;717.3478;1;46;"2025-01-05 15:11:17";"2025-12-25 01:31:57";5;0
"user_3973";96;80;"2025-02-17 01:52:33";"2025-12-27 15:16:01";86.9896;717.1667;1;96;"2025-02-17 01:52:33";"2025-12-27 15:16:01";3;0
"user_3974";29;26;"2025-03-02 23:44:24";"2025-12-26 16:50:43";88.8276;706.2069;1;29;"2025-03-02 23:44:24";"2025-12-26 16:50:43";4;0
"user_3975";66;51;"2025-02-11 16:56:04";"2025-07-28 18:09:00";92.4697;739.803;1;66;"2025-02-11 16:56:04";"2025-07-28 18:09:00";155;1
"user_3976";19;19;"2025-03-06 01:28:22";"2025-12-29 18:34:12";95.7368;756.5789;1;19;"2025-03-06 01:28:22";"2025-12-29 18:34:12";1;0
"user_3977";59;55;"2025-01-28 13:41:57";"2025-12-20 23:15:16";89.2034;725.8644;2;59;"2025-01-28 13:41:57";"2025-12-20 23:15:16";10;0
"user_3978";53;49;"2025-01-26 01:00:03";"2025-12-07 08:28:03";86.9057;679.7736;2;53;"2025-01-26 01:00:03";"2025-12-07 08:28:03";23;1
"user_3979";83;75;"2025-02-17 00:51:05";"2025-12-29 08:33:10";87.2289;700.1325;2;83;"2025-02-17 00:51:05";"2025-12-29 08:33:10";1;0
"user_398";46;41;"2025-02-17 03:26:37";"2025-12-27 05:34:35";88.8913;677.1087;2;46;"2025-02-17 03:26:37";"2025-12-27 05:34:35";3;0
"user_3980";39;37;"2025-02-14 16:46:29";"2025-12-30 06:55:19";90.7949;735.4615;2;39;"2025-02-14 16:46:29";"2025-12-30 06:55:19";0;0
"user_3981";30;28;"2025-03-20 15:51:22";"2025-12-30 04:08:37";86.0333;695.5;2;30;"2025-03-20 15:51:22";"2025-12-30 04:08:37";0;0
"user_3982";24;24;"2025-01-30 21:06:40";"2025-11-06 02:54:41";92.125;750.9167;1;24;"2025-01-30 21:06:40";"2025-11-06 02:54:41";54;1
"user_3983";69;56;"2025-01-24 12:27:15";"2025-09-13 15:47:32";89.5942;710.5942;2;69;"2025-01-24 12:27:15";"2025-09-13 15:47:32";108;1
"user_3984";72;58;"2025-02-22 18:36:40";"2025-08-19 10:48:05";88.875;708.75;1;72;"2025-02-22 18:36:40";"2025-08-19 10:48:05";133;1
"user_3985";27;24;"2025-03-21 00:38:57";"2025-12-26 05:20:33";88.0741;726.1111;2;27;"2025-03-21 00:38:57";"2025-12-26 05:20:33";4;0
"user_3986";15;15;"2025-01-26 08:53:26";"2025-10-26 14:58:32";90.0;707.4;2;15;"2025-01-26 08:53:26";"2025-10-26 14:58:32";65;1
"user_3987";70;61;"2025-01-31 13:54:49";"2025-07-28 01:19:04";87.4429;702.6429;2;70;"2025-01-31 13:54:49";"2025-07-28 01:19:04";155;1
"user_3988";56;51;"2025-02-10 03:41:20";"2025-12-10 10:55:20";92.4107;741.4107;2;56;"2025-02-10 03:41:20";"2025-12-10 10:55:20";20;0
"user_3989";51;49;"2025-01-21 00:24:50";"2025-12-28 07:47:10";88.7843;706.7255;2;51;"2025-01-21 00:24:50";"2025-12-28 07:47:10";2;0
"user_399";23;23;"2025-02-16 00:29:11";"2025-12-25 03:04:09";98.7826;840.3913;1;23;"2025-02-16 00:29:11";"2025-12-25 03:04:09";5;0
"user_3990";17;16;"2025-01-23 04:10:37";"2025-11-09 03:49:09";91.2941;721.6471;1;17;"2025-01-23 04:10:37";"2025-11-09 03:49:09";51;1
"user_3991";73;63;"2025-02-18 02:33:44";"2025-08-28 09:10:17";91.4247;721.4521;1;73;"2025-02-18 02:33:44";"2025-08-28 09:10:17";124;1
"user_3992";83;72;"2025-02-26 10:18:56";"2025-11-20 05:21:04";89.1446;709.4096;1;83;"2025-02-26 10:18:56";"2025-11-20 05:21:04";40;1
"user_3993";24;24;"2025-02-28 02:16:26";"2025-12-23 12:00:09";91.2917;738.125;1;24;"2025-02-28 02:16:26";"2025-12-23 12:00:09";7;0
"user_3994";65;60;"2025-02-21 11:06:24";"2025-09-18 03:19:41";89.6769;706.8615;1;65;"2025-02-21 11:06:24";"2025-09-18 03:19:41";103;1
"user_3995";42;38;"2025-01-21 20:36:12";"2025-12-25 02:13:05";89.9286;731.0476;1;42;"2025-01-21 20:36:12";"2025-12-25 02:13:05";5;0
"user_3996";53;51;"2025-01-11 03:27:12";"2025-12-25 20:25:44";89.0377;704.0566;2;53;"2025-01-11 03:27:12";"2025-12-25 20:25:44";5;0
"user_3997";51;47;"2025-02-23 22:46:38";"2025-12-24 00:08:43";90.549;727.7647;2;51;"2025-02-23 22:46:38";"2025-12-24 00:08:43";6;0
"user_3998";41;38;"2025-02-08 02:30:06";"2025-12-13 07:51:16";95.3659;782.4634;1;41;"2025-02-08 02:30:06";"2025-12-13 07:51:16";17;0
"user_3999";45;43;"2025-01-13 01:26:56";"2025-12-28 01:41:32";84.1556;702.7556;1;45;"2025-01-13 01:26:56";"2025-12-28 01:41:32";2;0
"user_4";52;49;"2025-02-14 07:50:39";"2025-12-13 12:12:06";89.1346;729.25;1;52;"2025-02-14 07:50:39";"2025-12-13 12:12:06";17;0
"user_40";43;42;"2025-01-30 13:17:31";"2025-12-29 13:32:30";85.814;647.7907;1;43;"2025-01-30 13:17:31";"2025-12-29 13:32:30";1;0
"user_400";17;17;"2025-01-19 21:50:29";"2025-12-17 10:34:06";85.5294;655.4118;2;17;"2025-01-19 21:50:29";"2025-12-17 10:34:06";13;0
"user_4000";126;107;"2025-01-14 16:11:41";"2025-12-24 04:12:19";89.2698;711.4048;1;126;"2025-01-14 16:11:41";"2025-12-24 04:12:19";6;0
"user_4001";55;47;"2025-02-02 01:08:58";"2025-12-27 11:59:08";88.5818;713.5636;2;55;"2025-02-02 01:08:58";"2025-12-27 11:59:08";3;0
"user_4002";16;16;"2025-02-11 12:46:06";"2025-12-18 01:49:14";92.375;727.25;1;16;"2025-02-11 12:46:06";"2025-12-18 01:49:14";12;0
"user_4003";21;21;"2025-02-13 04:25:14";"2025-12-06 09:05:05";90.7143;716.8571;2;21;"2025-02-13 04:25:14";"2025-12-06 09:05:05";24;1
"user_4004";77;59;"2025-02-04 21:38:35";"2025-10-01 23:00:27";87.5065;700.7273;1;77;"2025-02-04 21:38:35";"2025-10-01 23:00:27";90;1
"user_4005";75;63;"2025-01-22 00:26:42";"2025-08-20 15:31:43";91.4933;735.68;2;75;"2025-01-22 00:26:42";"2025-08-20 15:31:43";132;1
"user_4006";93;74;"2025-02-11 06:13:24";"2025-11-27 01:23:54";89.0753;690.9462;1;93;"2025-02-11 06:13:24";"2025-11-27 01:23:54";33;1
"user_4007";31;30;"2025-02-22 17:24:14";"2025-12-04 13:16:30";94.3226;767.9032;1;31;"2025-02-22 17:24:14";"2025-12-04 13:16:30";26;1
"user_4008";46;42;"2025-03-02 10:10:47";"2025-12-30 16:46:06";91.3913;725.7174;1;46;"2025-03-02 10:10:47";"2025-12-30 16:46:06";0;0
"user_4009";24;24;"2025-02-14 15:26:58";"2025-12-25 23:35:19";93.125;768.7917;1;24;"2025-02-14 15:26:58";"2025-12-25 23:35:19";5;0
"user_401";62;51;"2025-01-06 01:00:59";"2025-07-09 15:16:42";93.0484;742.9032;1;62;"2025-01-06 01:00:59";"2025-07-09 15:16:42";174;1
"user_4010";62;49;"2025-01-09 22:59:31";"2025-05-18 23:20:19";90.2258;719.3548;1;62;"2025-01-09 22:59:31";"2025-05-18 23:20:19";226;1
"user_4011";93;75;"2025-02-02 05:26:06";"2025-09-13 03:51:25";87.4839;693.0538;1;93;"2025-02-02 05:26:06";"2025-09-13 03:51:25";108;1
"user_4012";46;43;"2025-01-08 21:39:29";"2025-12-29 00:18:27";87.3043;694.2826;1;46;"2025-01-08 21:39:29";"2025-12-29 00:18:27";1;0
"user_4013";22;20;"2025-01-11 11:29:50";"2025-12-25 06:53:45";94.8636;771.4091;2;22;"2025-01-11 11:29:50";"2025-12-25 06:53:45";5;0
"user_4014";76;66;"2025-01-14 23:46:13";"2025-08-16 12:42:16";90.0132;737.8816;2;76;"2025-01-14 23:46:13";"2025-08-16 12:42:16";136;1
"user_4015";38;34;"2025-03-05 01:50:12";"2025-11-30 13:24:24";87.6316;689.1842;1;38;"2025-03-05 01:50:12";"2025-11-30 13:24:24";30;1
"user_4016";68;59;"2025-01-06 21:12:05";"2025-08-01 16:33:02";92.4412;756.0147;1;68;"2025-01-06 21:12:05";"2025-08-01 16:33:02";151;1
"user_4017";12;12;"2025-02-04 10:48:09";"2025-12-18 10:33:14";89.75;724.8333;2;12;"2025-02-04 10:48:09";"2025-12-18 10:33:14";12;0
"user_4018";18;18;"2025-02-04 11:35:53";"2025-12-15 21:14:42";87.8333;694.6667;2;18;"2025-02-04 11:35:53";"2025-12-15 21:14:42";15;0
"user_4019";65;54;"2025-01-25 15:50:12";"2025-08-16 20:26:14";90.3385;750.0462;1;65;"2025-01-25 15:50:12";"2025-08-16 20:26:14";136;1
"user_402";21;20;"2025-02-22 10:03:36";"2025-12-07 02:55:31";85.4762;673.0476;2;21;"2025-02-22 10:03:36";"2025-12-07 02:55:31";23;1
"user_4020";95;84;"2025-02-01 15:09:11";"2025-12-30 14:14:06";88.1158;695.8842;2;95;"2025-02-01 15:09:11";"2025-12-30 14:14:06";0;0
"user_4021";37;36;"2025-02-26 07:09:46";"2025-12-16 16:08:07";91.4324;692.4595;2;37;"2025-02-26 07:09:46";"2025-12-16 16:08:07";14;0
"user_4022";70;56;"2025-02-12 05:21:25";"2025-08-27 07:21:36";90.0571;720.1571;2;70;"2025-02-12 05:21:25";"2025-08-27 07:21:36";125;1
"user_4023";22;22;"2025-02-05 18:54:45";"2025-12-23 00:52:56";93.2273;772.3636;1;22;"2025-02-05 18:54:45";"2025-12-23 00:52:56";7;0
"user_4024";9;9;"2025-03-23 21:22:59";"2025-12-30 23:01:54";79.3333;636.7778;1;9;"2025-03-23 21:22:59";"2025-12-30 23:01:54";0;0
"user_4025";24;23;"2025-02-14 06:55:52";"2025-12-19 01:35:04";96.6667;798.875;2;24;"2025-02-14 06:55:52";"2025-12-19 01:35:04";11;0
"user_4026";33;29;"2025-02-05 03:17:46";"2025-12-27 01:11:44";94.0;744.5152;1;33;"2025-02-05 03:17:46";"2025-12-27 01:11:44";3;0
"user_4027";53;50;"2025-03-04 00:17:43";"2025-12-19 23:42:11";90.6981;755.3585;1;53;"2025-03-04 00:17:43";"2025-12-19 23:42:11";11;0
"user_4028";79;70;"2025-02-02 01:19:22";"2025-11-19 20:50:57";88.038;711.7595;1;79;"2025-02-02 01:19:22";"2025-11-19 20:50:57";41;1
"user_4029";29;27;"2025-01-11 06:39:35";"2025-12-04 19:06:49";90.8276;729.2069;2;29;"2025-01-11 06:39:35";"2025-12-04 19:06:49";26;1
"user_403";47;44;"2025-02-13 20:10:41";"2025-12-29 20:37:41";86.3191;694.6809;1;47;"2025-02-13 20:10:41";"2025-12-29 20:37:41";1;0
"user_4030";54;45;"2025-02-15 09:00:00";"2025-12-21 19:47:52";88.0185;692.5185;2;54;"2025-02-15 09:00:00";"2025-12-21 19:47:52";9;0
"user_4031";12;12;"2025-02-06 06:57:26";"2025-12-30 12:49:14";88.25;693.0833;1;12;"2025-02-06 06:57:26";"2025-12-30 12:49:14";0;0
"user_4032";77;66;"2025-02-03 10:05:26";"2025-08-27 02:43:41";91.013;718.2857;1;77;"2025-02-03 10:05:26";"2025-08-27 02:43:41";125;1
"user_4033";91;85;"2025-02-03 20:39:22";"2025-12-02 00:33:34";89.1868;714.7912;1;91;"2025-02-03 20:39:22";"2025-12-02 00:33:34";28;1
"user_4034";18;17;"2025-02-21 21:06:41";"2025-12-13 05:30:14";92.3333;727.4444;2;18;"2025-02-21 21:06:41";"2025-12-13 05:30:14";17;0
"user_4035";69;64;"2025-01-19 21:59:53";"2025-09-06 15:28:26";89.8406;715.2174;2;69;"2025-01-19 21:59:53";"2025-09-06 15:28:26";115;1
"user_4036";10;10;"2025-04-02 10:38:25";"2025-11-28 09:23:55";83.2;662.8;1;10;"2025-04-02 10:38:25";"2025-11-28 09:23:55";32;1
"user_4037";9;9;"2025-02-05 18:21:44";"2025-12-30 00:37:23";89.4444;730.4444;2;9;"2025-02-05 18:21:44";"2025-12-30 00:37:23";0;0
"user_4038";22;21;"2025-02-10 13:06:04";"2025-12-22 23:24:02";84.1818;685.6818;2;22;"2025-02-10 13:06:04";"2025-12-22 23:24:02";8;0
"user_4039";20;20;"2025-01-25 08:53:22";"2025-12-20 11:07:08";89.9;693.5;1;20;"2025-01-25 08:53:22";"2025-12-20 11:07:08";10;0
"user_404";24;24;"2025-02-16 16:09:14";"2025-12-26 13:14:07";85.0;679.4167;2;24;"2025-02-16 16:09:14";"2025-12-26 13:14:07";4;0
"user_4040";52;48;"2025-03-04 04:03:36";"2025-12-27 23:16:56";93.1923;753.2308;2;52;"2025-03-04 04:03:36";"2025-12-27 23:16:56";3;0
"user_4041";20;20;"2025-02-16 19:37:57";"2025-12-17 23:21:21";92.85;722.7;2;20;"2025-02-16 19:37:57";"2025-12-17 23:21:21";13;0
"user_4042";67;53;"2025-01-17 10:24:23";"2025-07-12 13:55:01";88.9552;696.5373;1;67;"2025-01-17 10:24:23";"2025-07-12 13:55:01";171;1
"user_4043";41;38;"2025-02-20 20:33:38";"2025-12-30 16:36:25";85.8293;672.3415;2;41;"2025-02-20 20:33:38";"2025-12-30 16:36:25";0;0
"user_4044";60;52;"2025-01-24 03:51:14";"2025-12-09 03:11:18";89.2;702.3833;1;60;"2025-01-24 03:51:14";"2025-12-09 03:11:18";21;0
"user_4045";47;45;"2025-02-16 20:28:12";"2025-12-30 06:50:07";85.1489;678.0851;1;47;"2025-02-16 20:28:12";"2025-12-30 06:50:07";0;0
"user_4046";40;38;"2025-01-20 16:14:41";"2025-12-29 00:00:48";84.725;692.525;2;40;"2025-01-20 16:14:41";"2025-12-29 00:00:48";1;0
"user_4047";60;56;"2025-01-08 17:20:08";"2025-12-28 10:54:40";85.8833;681.1833;1;60;"2025-01-08 17:20:08";"2025-12-28 10:54:40";2;0
"user_4048";38;36;"2025-02-22 07:37:58";"2025-12-13 07:27:23";91.2105;710.9474;1;38;"2025-02-22 07:37:58";"2025-12-13 07:27:23";17;0
"user_4049";9;9;"2025-02-12 21:48:39";"2025-12-30 00:03:21";84.4444;656.7778;2;9;"2025-02-12 21:48:39";"2025-12-30 00:03:21";0;0
"user_405";54;46;"2025-02-27 14:50:15";"2025-12-30 12:40:24";89.7778;729.537;1;54;"2025-02-27 14:50:15";"2025-12-30 12:40:24";0;0
"user_4050";67;61;"2025-02-07 15:28:02";"2025-07-28 21:11:15";90.3881;725.5373;2;67;"2025-02-07 15:28:02";"2025-07-28 21:11:15";155;1
"user_4051";11;10;"2025-04-30 08:41:19";"2025-12-14 23:09:50";88.4545;676.6364;1;11;"2025-04-30 08:41:19";"2025-12-14 23:09:50";16;0
"user_4052";23;21;"2025-02-11 14:36:12";"2025-11-25 01:58:47";86.3043;677.8261;1;23;"2025-02-11 14:36:12";"2025-11-25 01:58:47";35;1
"user_4053";24;24;"2025-02-16 04:41:58";"2025-12-13 14:14:54";85.4167;691.5;1;24;"2025-02-16 04:41:58";"2025-12-13 14:14:54";17;0
"user_4054";53;48;"2025-02-03 07:42:06";"2025-12-26 02:52:13";89.1509;724.3019;2;53;"2025-02-03 07:42:06";"2025-12-26 02:52:13";4;0
"user_4055";26;26;"2025-01-20 10:24:28";"2025-12-12 15:23:14";90.8462;735.1538;2;26;"2025-01-20 10:24:28";"2025-12-12 15:23:14";18;0
"user_4056";64;58;"2025-01-28 14:19:48";"2025-08-09 07:46:16";90.5938;692.0313;2;64;"2025-01-28 14:19:48";"2025-08-09 07:46:16";143;1
"user_4057";26;25;"2025-03-03 22:27:37";"2025-12-21 19:11:52";88.0769;704.2692;1;26;"2025-03-03 22:27:37";"2025-12-21 19:11:52";9;0
"user_4058";104;86;"2025-02-20 11:01:00";"2025-12-06 19:42:41";89.2115;717.8846;2;104;"2025-02-20 11:01:00";"2025-12-06 19:42:41";24;1
"user_4059";19;19;"2025-02-13 11:46:15";"2025-12-14 18:48:34";91.6842;748.6316;1;19;"2025-02-13 11:46:15";"2025-12-14 18:48:34";16;0
"user_406";11;11;"2025-02-11 02:04:21";"2025-12-24 21:43:24";80.6364;632.8182;2;11;"2025-02-11 02:04:21";"2025-12-24 21:43:24";6;0
"user_4060";15;15;"2025-02-06 10:52:41";"2025-12-23 00:27:47";83.8;676.1333;1;15;"2025-02-06 10:52:41";"2025-12-23 00:27:47";7;0
"user_4061";69;54;"2025-02-28 06:00:40";"2025-09-06 13:10:04";93.2464;738.1884;1;69;"2025-02-28 06:00:40";"2025-09-06 13:10:04";115;1
"user_4062";73;62;"2025-02-23 04:19:32";"2025-10-08 00:42:42";86.4247;686.4795;1;73;"2025-02-23 04:19:32";"2025-10-08 00:42:42";83;1
"user_4063";20;19;"2025-03-02 19:03:48";"2025-12-21 20:45:49";89.0;718.4;2;20;"2025-03-02 19:03:48";"2025-12-21 20:45:49";9;0
"user_4064";89;73;"2025-03-02 12:41:47";"2025-12-22 21:55:24";86.5843;698.4719;1;89;"2025-03-02 12:41:47";"2025-12-22 21:55:24";8;0
"user_4065";14;14;"2025-01-15 11:05:45";"2025-12-08 07:32:13";81.0714;635.4286;2;14;"2025-01-15 11:05:45";"2025-12-08 07:32:13";22;1
"user_4066";95;84;"2025-01-15 00:19:40";"2025-11-04 06:58:00";87.7474;688.5895;1;95;"2025-01-15 00:19:40";"2025-11-04 06:58:00";56;1
"user_4067";69;57;"2025-02-03 05:51:47";"2025-08-06 04:15:51";86.8986;702.6957;1;69;"2025-02-03 05:51:47";"2025-08-06 04:15:51";146;1
"user_4068";7;7;"2025-02-28 05:46:57";"2025-11-26 04:15:23";92.8571;739.0;1;7;"2025-02-28 05:46:57";"2025-11-26 04:15:23";34;1
"user_4069";20;20;"2025-01-25 08:37:44";"2025-12-02 18:41:23";88.3;756.8;2;20;"2025-01-25 08:37:44";"2025-12-02 18:41:23";28;1
"user_407";49;49;"2025-01-30 11:49:56";"2025-12-28 19:54:43";89.2449;702.3469;2;49;"2025-01-30 11:49:56";"2025-12-28 19:54:43";2;0
"user_4070";38;36;"2025-01-29 21:03:57";"2025-12-28 23:19:20";90.5;760.4211;2;38;"2025-01-29 21:03:57";"2025-12-28 23:19:20";2;0
"user_4071";50;46;"2025-02-12 12:43:24";"2025-12-26 11:02:25";89.8;714.22;2;50;"2025-02-12 12:43:24";"2025-12-26 11:02:25";4;0
"user_4072";18;17;"2025-01-12 03:49:35";"2025-12-02 14:17:01";87.5;703.0;1;18;"2025-01-12 03:49:35";"2025-12-02 14:17:01";28;1
"user_4073";45;44;"2025-02-27 05:05:09";"2025-12-28 04:27:13";90.4222;695.5111;1;45;"2025-02-27 05:05:09";"2025-12-28 04:27:13";2;0
"user_4074";48;42;"2025-01-20 05:47:02";"2025-12-28 10:12:27";93.75;761.7917;1;48;"2025-01-20 05:47:02";"2025-12-28 10:12:27";2;0
"user_4075";23;22;"2025-01-23 13:42:32";"2025-12-10 22:25:09";85.1739;676.7391;2;23;"2025-01-23 13:42:32";"2025-12-10 22:25:09";20;0
"user_4076";40;37;"2025-01-28 14:44:33";"2025-12-15 19:30:29";88.55;734.725;2;40;"2025-01-28 14:44:33";"2025-12-15 19:30:29";15;0
"user_4077";41;41;"2025-02-27 02:06:11";"2025-12-24 13:34:21";85.6829;707.2439;1;41;"2025-02-27 02:06:11";"2025-12-24 13:34:21";6;0
"user_4078";99;82;"2025-01-24 07:16:44";"2025-10-21 06:56:41";88.7879;713.9798;1;99;"2025-01-24 07:16:44";"2025-10-21 06:56:41";70;1
"user_4079";25;25;"2025-01-25 09:32:34";"2025-12-26 17:12:29";89.56;785.96;2;25;"2025-01-25 09:32:34";"2025-12-26 17:12:29";4;0
"user_408";66;54;"2025-02-13 22:38:22";"2025-07-29 11:24:41";87.6515;700.0;2;66;"2025-02-13 22:38:22";"2025-07-29 11:24:41";154;1
"user_4080";104;89;"2025-01-26 14:17:39";"2025-12-28 11:33:54";88.2692;714.2308;2;104;"2025-01-26 14:17:39";"2025-12-28 11:33:54";2;0
"user_4081";29;27;"2025-03-05 14:52:08";"2025-12-30 15:10:26";88.7931;714.5862;2;29;"2025-03-05 14:52:08";"2025-12-30 15:10:26";0;0
"user_4082";60;51;"2025-02-02 06:49:46";"2025-08-05 12:24:35";88.7833;714.95;1;60;"2025-02-02 06:49:46";"2025-08-05 12:24:35";147;1
"user_4083";43;41;"2025-02-19 07:28:54";"2025-12-21 03:56:56";92.7442;762.2326;1;43;"2025-02-19 07:28:54";"2025-12-21 03:56:56";9;0
"user_4084";20;20;"2025-04-03 18:44:03";"2025-12-28 13:10:33";94.95;764.8;1;20;"2025-04-03 18:44:03";"2025-12-28 13:10:33";2;0
"user_4085";72;61;"2025-01-22 13:49:15";"2025-08-29 01:56:50";86.0;687.9861;1;72;"2025-01-22 13:49:15";"2025-08-29 01:56:50";123;1
"user_4086";77;59;"2025-02-15 19:04:44";"2025-10-19 16:25:29";89.1818;714.3377;1;77;"2025-02-15 19:04:44";"2025-10-19 16:25:29";72;1
"user_4087";99;81;"2025-02-07 04:11:57";"2025-09-21 15:16:44";89.5354;708.0808;2;99;"2025-02-07 04:11:57";"2025-09-21 15:16:44";100;1
"user_4088";42;42;"2025-03-15 22:27:13";"2025-12-28 18:25:09";89.1905;717.4762;2;42;"2025-03-15 22:27:13";"2025-12-28 18:25:09";2;0
"user_4089";24;24;"2025-02-05 04:41:54";"2025-12-23 12:58:57";90.2917;759.7083;1;24;"2025-02-05 04:41:54";"2025-12-23 12:58:57";7;0
"user_409";13;13;"2025-05-02 16:44:12";"2025-12-11 20:40:23";89.1538;737.5385;1;13;"2025-05-02 16:44:12";"2025-12-11 20:40:23";19;0
"user_4090";78;70;"2025-01-17 03:27:34";"2025-09-09 03:08:57";92.8077;722.4103;2;78;"2025-01-17 03:27:34";"2025-09-09 03:08:57";112;1
"user_4091";30;27;"2025-01-06 01:48:38";"2025-12-30 06:16:18";94.6;739.3333;2;30;"2025-01-06 01:48:38";"2025-12-30 06:16:18";0;0
"user_4092";42;40;"2025-02-15 05:37:22";"2025-12-30 02:25:18";81.9524;655.0238;2;42;"2025-02-15 05:37:22";"2025-12-30 02:25:18";0;0
"user_4093";64;60;"2025-03-04 10:28:46";"2025-12-27 21:01:20";92.2344;749.2188;1;64;"2025-03-04 10:28:46";"2025-12-27 21:01:20";3;0
"user_4094";6;6;"2025-06-21 01:44:29";"2025-12-15 09:19:52";74.1667;603.3333;2;6;"2025-06-21 01:44:29";"2025-12-15 09:19:52";15;0
"user_4095";40;36;"2025-02-08 22:54:20";"2025-12-16 16:47:21";90.575;738.775;1;40;"2025-02-08 22:54:20";"2025-12-16 16:47:21";14;0
"user_4096";46;44;"2025-01-11 16:13:20";"2025-12-28 12:32:10";94.1522;741.4348;1;46;"2025-01-11 16:13:20";"2025-12-28 12:32:10";2;0
"user_4097";93;75;"2025-01-10 02:23:05";"2025-10-11 12:04:27";89.1505;713.4086;1;93;"2025-01-10 02:23:05";"2025-10-11 12:04:27";80;1
"user_4098";74;62;"2025-01-25 18:19:08";"2025-08-27 09:06:08";88.6892;712.4189;2;74;"2025-01-25 18:19:08";"2025-08-27 09:06:08";125;1
"user_4099";104;89;"2025-01-31 11:34:30";"2025-12-19 14:15:40";92.8269;740.7212;2;104;"2025-01-31 11:34:30";"2025-12-19 14:15:40";11;0
"user_41";70;63;"2025-02-05 10:42:11";"2025-09-13 19:49:36";92.1429;736.6143;2;70;"2025-02-05 10:42:11";"2025-09-13 19:49:36";108;1
"user_410";88;82;"2025-01-15 06:55:25";"2025-11-08 09:36:11";89.0227;736.375;1;88;"2025-01-15 06:55:25";"2025-11-08 09:36:11";52;1
"user_4100";71;60;"2025-01-03 08:13:23";"2025-08-20 17:01:50";95.0423;763.6197;2;71;"2025-01-03 08:13:23";"2025-08-20 17:01:50";132;1
"user_4101";45;41;"2025-02-20 12:19:44";"2025-12-26 09:02:11";90.7333;732.0444;2;45;"2025-02-20 12:19:44";"2025-12-26 09:02:11";4;0
"user_4102";50;49;"2025-01-07 15:03:10";"2025-12-29 22:13:08";90.68;707.26;2;50;"2025-01-07 15:03:10";"2025-12-29 22:13:08";1;0
"user_4103";49;45;"2025-02-28 03:07:14";"2025-12-04 21:09:13";90.3469;720.8571;2;49;"2025-02-28 03:07:14";"2025-12-04 21:09:13";26;1
"user_4104";60;52;"2025-01-25 23:24:02";"2025-06-29 19:21:35";88.8667;702.5667;2;60;"2025-01-25 23:24:02";"2025-06-29 19:21:35";184;1
"user_4105";63;52;"2025-02-18 01:20:54";"2025-09-08 16:13:53";90.1905;713.9841;2;63;"2025-02-18 01:20:54";"2025-09-08 16:13:53";113;1
"user_4106";30;30;"2025-02-02 17:05:39";"2025-12-11 06:44:23";93.3333;748.7667;2;30;"2025-02-02 17:05:39";"2025-12-11 06:44:23";19;0
"user_4107";19;19;"2025-02-07 18:20:34";"2025-12-12 23:34:10";81.7368;645.3158;2;19;"2025-02-07 18:20:34";"2025-12-12 23:34:10";18;0
"user_4108";80;66;"2025-01-15 15:22:49";"2025-08-30 09:15:59";90.5;725.2625;1;80;"2025-01-15 15:22:49";"2025-08-30 09:15:59";122;1
"user_4109";17;16;"2025-03-23 18:57:41";"2025-12-27 08:29:38";91.5294;774.7059;2;17;"2025-03-23 18:57:41";"2025-12-27 08:29:38";3;0
"user_411";53;47;"2025-02-28 21:39:08";"2025-12-30 15:34:33";92.3585;723.7547;1;53;"2025-02-28 21:39:08";"2025-12-30 15:34:33";0;0
"user_4110";43;39;"2025-02-08 12:56:10";"2025-11-20 06:03:38";92.0233;731.7209;1;43;"2025-02-08 12:56:10";"2025-11-20 06:03:38";40;1
"user_4111";51;50;"2025-01-25 12:22:25";"2025-12-28 03:08:43";89.5098;736.2353;1;51;"2025-01-25 12:22:25";"2025-12-28 03:08:43";2;0
"user_4112";48;45;"2025-01-19 14:37:54";"2025-12-29 19:57:38";86.1458;720.2917;2;48;"2025-01-19 14:37:54";"2025-12-29 19:57:38";1;0
"user_4113";69;60;"2025-02-28 13:03:54";"2025-10-25 17:31:16";89.4348;722.5652;2;69;"2025-02-28 13:03:54";"2025-10-25 17:31:16";66;1
"user_4114";125;111;"2025-01-01 11:53:15";"2025-12-25 13:49:16";86.464;683.504;1;125;"2025-01-01 11:53:15";"2025-12-25 13:49:16";5;0
"user_4115";47;44;"2025-02-21 16:49:45";"2025-12-27 01:00:57";86.7234;677.8298;1;47;"2025-02-21 16:49:45";"2025-12-27 01:00:57";3;0
"user_4116";40;37;"2025-02-14 23:02:32";"2025-12-25 10:02:39";89.875;698.3;2;40;"2025-02-14 23:02:32";"2025-12-25 10:02:39";5;0
"user_4117";22;22;"2025-01-05 20:02:16";"2025-12-28 01:11:54";91.7273;710.7727;1;22;"2025-01-05 20:02:16";"2025-12-28 01:11:54";2;0
"user_4118";50;48;"2025-02-27 10:36:27";"2025-12-27 18:00:34";91.88;724.22;2;50;"2025-02-27 10:36:27";"2025-12-27 18:00:34";3;0
"user_4119";88;79;"2025-01-08 23:40:56";"2025-10-10 10:28:41";88.6705;708.6136;2;88;"2025-01-08 23:40:56";"2025-10-10 10:28:41";81;1
"user_412";12;12;"2025-01-06 12:34:16";"2025-12-30 07:05:19";88.5;695.25;2;12;"2025-01-06 12:34:16";"2025-12-30 07:05:19";0;0
"user_4120";25;25;"2025-02-19 19:49:56";"2025-12-21 18:02:47";92.6;784.0;1;25;"2025-02-19 19:49:56";"2025-12-21 18:02:47";9;0
"user_4121";76;68;"2025-02-06 00:10:54";"2025-09-18 11:36:30";88.7368;697.1842;2;76;"2025-02-06 00:10:54";"2025-09-18 11:36:30";103;1
"user_4122";50;49;"2025-03-04 10:42:45";"2025-12-23 22:12:54";88.5;711.36;2;50;"2025-03-04 10:42:45";"2025-12-23 22:12:54";7;0
"user_4123";19;17;"2025-01-15 04:08:20";"2025-11-30 16:12:32";88.8947;726.6316;1;19;"2025-01-15 04:08:20";"2025-11-30 16:12:32";30;1
"user_4124";19;19;"2025-03-16 01:48:57";"2025-12-20 11:11:33";90.5789;705.5263;1;19;"2025-03-16 01:48:57";"2025-12-20 11:11:33";10;0
"user_4125";32;30;"2025-02-09 07:55:19";"2025-12-02 02:51:03";84.5625;672.9063;2;32;"2025-02-09 07:55:19";"2025-12-02 02:51:03";28;1
"user_4126";21;21;"2025-03-12 08:34:29";"2025-12-28 18:18:33";90.2381;725.2381;1;21;"2025-03-12 08:34:29";"2025-12-28 18:18:33";2;0
"user_4127";24;24;"2025-02-04 15:09:03";"2025-12-29 20:10:23";89.25;665.3333;1;24;"2025-02-04 15:09:03";"2025-12-29 20:10:23";1;0
"user_4128";13;13;"2025-03-14 20:14:10";"2025-12-06 22:39:57";89.6154;718.7692;1;13;"2025-03-14 20:14:10";"2025-12-06 22:39:57";24;1
"user_4129";68;62;"2025-02-18 19:51:58";"2025-11-12 04:44:31";90.7353;743.5294;1;68;"2025-02-18 19:51:58";"2025-11-12 04:44:31";48;1
"user_413";20;20;"2025-02-05 22:15:51";"2025-12-24 12:43:02";94.4;765.1;2;20;"2025-02-05 22:15:51";"2025-12-24 12:43:02";6;0
"user_4130";63;56;"2025-01-26 10:43:26";"2025-08-16 09:49:01";87.3968;706.9683;2;63;"2025-01-26 10:43:26";"2025-08-16 09:49:01";136;1
"user_4131";65;60;"2025-02-09 10:59:06";"2025-08-29 22:05:40";88.4308;709.0769;2;65;"2025-02-09 10:59:06";"2025-08-29 22:05:40";123;1
"user_4132";61;56;"2025-01-12 06:12:42";"2025-09-11 18:22:13";88.9508;698.4754;1;61;"2025-01-12 06:12:42";"2025-09-11 18:22:13";110;1
"user_4133";20;20;"2025-03-01 05:53:32";"2025-11-20 00:31:51";84.8;711.3;1;20;"2025-03-01 05:53:32";"2025-11-20 00:31:51";40;1
"user_4134";37;37;"2025-01-16 06:04:04";"2025-12-30 05:14:37";86.3784;676.2162;2;37;"2025-01-16 06:04:04";"2025-12-30 05:14:37";0;0
"user_4135";55;51;"2025-03-20 09:29:09";"2025-12-28 19:25:41";86.7273;698.3636;2;55;"2025-03-20 09:29:09";"2025-12-28 19:25:41";2;0
"user_4136";87;78;"2025-02-14 17:11:36";"2025-11-28 13:23:36";89.6207;710.8966;1;87;"2025-02-14 17:11:36";"2025-11-28 13:23:36";32;1
"user_4137";28;28;"2025-01-20 07:02:23";"2025-12-26 19:21:36";92.8929;734.8214;2;28;"2025-01-20 07:02:23";"2025-12-26 19:21:36";4;0
"user_4138";43;40;"2025-02-01 08:13:22";"2025-12-19 22:03:00";87.6279;721.3256;2;43;"2025-02-01 08:13:22";"2025-12-19 22:03:00";11;0
"user_4139";31;30;"2025-01-05 05:17:42";"2025-12-27 17:42:34";90.0968;669.871;2;31;"2025-01-05 05:17:42";"2025-12-27 17:42:34";3;0
"user_414";65;60;"2025-02-14 07:09:47";"2025-12-20 14:32:33";87.0462;699.7846;1;65;"2025-02-14 07:09:47";"2025-12-20 14:32:33";10;0
"user_4140";42;40;"2025-02-27 10:06:46";"2025-12-29 18:25:05";89.0714;698.5952;2;42;"2025-02-27 10:06:46";"2025-12-29 18:25:05";1;0
"user_4141";39;39;"2025-02-06 05:01:09";"2025-12-21 19:14:13";92.5128;732.9231;1;39;"2025-02-06 05:01:09";"2025-12-21 19:14:13";9;0
"user_4142";60;47;"2025-01-11 11:05:05";"2025-06-29 04:48:01";86.3;692.7167;1;60;"2025-01-11 11:05:05";"2025-06-29 04:48:01";184;1
"user_4143";66;58;"2025-01-19 06:25:49";"2025-08-05 10:54:28";88.3333;702.2879;1;66;"2025-01-19 06:25:49";"2025-08-05 10:54:28";147;1
"user_4144";18;18;"2025-01-31 21:20:51";"2025-11-28 22:47:49";90.4444;691.1111;1;18;"2025-01-31 21:20:51";"2025-11-28 22:47:49";32;1
"user_4145";8;8;"2025-04-29 09:54:09";"2025-12-04 03:44:16";76.875;586.875;2;8;"2025-04-29 09:54:09";"2025-12-04 03:44:16";26;1
"user_4146";45;42;"2025-03-04 15:25:11";"2025-12-29 02:02:41";90.8667;729.2444;2;45;"2025-03-04 15:25:11";"2025-12-29 02:02:41";1;0
"user_4147";68;59;"2025-02-09 05:34:56";"2025-08-11 06:04:40";87.6324;707.9706;2;68;"2025-02-09 05:34:56";"2025-08-11 06:04:40";141;1
"user_4148";29;29;"2025-01-27 14:13:15";"2025-12-19 12:33:25";90.3103;726.2069;1;29;"2025-01-27 14:13:15";"2025-12-19 12:33:25";11;0
"user_4149";10;10;"2025-03-06 02:29:42";"2025-12-20 19:30:38";87.1;712.7;2;10;"2025-03-06 02:29:42";"2025-12-20 19:30:38";10;0
"user_415";47;45;"2025-01-02 07:53:32";"2025-12-29 17:01:49";91.617;731.3404;1;47;"2025-01-02 07:53:32";"2025-12-29 17:01:49";1;0
"user_4150";22;21;"2025-02-28 05:50:36";"2025-12-26 09:40:45";89.5;697.8182;1;22;"2025-02-28 05:50:36";"2025-12-26 09:40:45";4;0
"user_4151";67;56;"2025-01-23 09:27:55";"2025-07-14 14:42:21";90.9254;726.8358;1;67;"2025-01-23 09:27:55";"2025-07-14 14:42:21";169;1
"user_4152";80;68;"2025-02-18 09:05:00";"2025-11-25 01:00:28";91.875;760.1;1;80;"2025-02-18 09:05:00";"2025-11-25 01:00:28";35;1
"user_4153";26;26;"2025-02-16 18:53:08";"2025-12-24 23:59:17";90.0385;745.7692;1;26;"2025-02-16 18:53:08";"2025-12-24 23:59:17";6;0
"user_4154";67;60;"2025-02-16 00:30:00";"2025-12-29 02:10:37";92.0299;728.3731;2;67;"2025-02-16 00:30:00";"2025-12-29 02:10:37";1;0
"user_4155";63;54;"2025-01-10 15:22:51";"2025-06-20 17:11:59";94.1746;767.1587;1;63;"2025-01-10 15:22:51";"2025-06-20 17:11:59";193;1
"user_4156";64;55;"2025-02-07 20:16:53";"2025-08-17 23:09:18";86.2188;703.4531;2;64;"2025-02-07 20:16:53";"2025-08-17 23:09:18";135;1
"user_4157";42;39;"2025-02-10 05:06:50";"2025-12-13 16:16:55";88.3333;711.6905;2;42;"2025-02-10 05:06:50";"2025-12-13 16:16:55";17;0
"user_4158";13;13;"2025-03-04 16:08:12";"2025-12-02 00:23:18";88.5385;701.6923;1;13;"2025-03-04 16:08:12";"2025-12-02 00:23:18";28;1
"user_4159";13;13;"2025-02-14 19:15:47";"2025-12-10 22:32:24";85.3077;691.6154;2;13;"2025-02-14 19:15:47";"2025-12-10 22:32:24";20;0
"user_416";52;49;"2025-02-09 16:30:59";"2025-12-29 16:41:54";90.3269;716.6731;1;52;"2025-02-09 16:30:59";"2025-12-29 16:41:54";1;0
"user_4160";47;43;"2025-01-21 14:03:01";"2025-12-30 20:28:17";88.5957;697.234;1;47;"2025-01-21 14:03:01";"2025-12-30 20:28:17";0;0
"user_4161";37;35;"2025-01-08 22:31:30";"2025-12-30 11:38:55";86.0;686.2703;1;37;"2025-01-08 22:31:30";"2025-12-30 11:38:55";0;0
"user_4162";60;51;"2025-02-28 20:35:33";"2025-08-08 23:59:22";89.55;707.0333;2;60;"2025-02-28 20:35:33";"2025-08-08 23:59:22";144;1
"user_4163";44;39;"2025-01-26 07:37:31";"2025-12-29 04:10:04";92.3182;759.0455;1;44;"2025-01-26 07:37:31";"2025-12-29 04:10:04";1;0
"user_4164";37;35;"2025-03-06 15:17:07";"2025-12-25 12:09:16";93.8649;739.0811;1;37;"2025-03-06 15:17:07";"2025-12-25 12:09:16";5;0
"user_4165";50;49;"2025-01-07 23:49:44";"2025-12-27 07:25:50";88.04;700.3;1;50;"2025-01-07 23:49:44";"2025-12-27 07:25:50";3;0
"user_4166";44;40;"2025-02-13 14:23:28";"2025-12-30 15:12:01";88.7727;697.1136;2;44;"2025-02-13 14:23:28";"2025-12-30 15:12:01";0;0
"user_4167";62;51;"2025-02-16 04:35:35";"2025-08-23 04:36:32";87.9032;696.6774;2;62;"2025-02-16 04:35:35";"2025-08-23 04:36:32";129;1
"user_4168";79;63;"2025-02-26 09:03:57";"2025-10-21 01:43:41";88.7468;731.3038;2;79;"2025-02-26 09:03:57";"2025-10-21 01:43:41";70;1
"user_4169";36;35;"2025-02-06 23:38:01";"2025-12-23 00:19:45";87.0;712.1944;1;36;"2025-02-06 23:38:01";"2025-12-23 00:19:45";7;0
"user_417";93;75;"2025-02-10 03:06:02";"2025-10-07 01:16:20";84.957;688.2688;1;93;"2025-02-10 03:06:02";"2025-10-07 01:16:20";84;1
"user_4170";76;64;"2025-02-15 16:27:30";"2025-09-14 03:55:20";91.4079;755.0;2;76;"2025-02-15 16:27:30";"2025-09-14 03:55:20";107;1
"user_4171";103;90;"2025-01-13 06:23:57";"2025-09-19 03:52:31";89.7961;725.9417;1;103;"2025-01-13 06:23:57";"2025-09-19 03:52:31";102;1
"user_4172";19;17;"2025-01-15 11:25:11";"2025-12-27 17:42:35";84.9474;698.7368;2;19;"2025-01-15 11:25:11";"2025-12-27 17:42:35";3;0
"user_4173";44;40;"2025-03-01 18:37:43";"2025-12-30 11:15:29";89.7727;743.1136;2;44;"2025-03-01 18:37:43";"2025-12-30 11:15:29";0;0
"user_4174";35;31;"2025-03-01 12:44:02";"2025-12-26 13:27:49";91.8571;759.0286;1;35;"2025-03-01 12:44:02";"2025-12-26 13:27:49";4;0
"user_4175";10;10;"2025-05-27 08:44:32";"2025-12-01 05:28:39";91.2;705.6;2;10;"2025-05-27 08:44:32";"2025-12-01 05:28:39";29;1
"user_4176";19;17;"2025-02-05 11:04:53";"2025-12-24 17:24:17";89.1053;701.7895;2;19;"2025-02-05 11:04:53";"2025-12-24 17:24:17";6;0
"user_4177";45;44;"2025-01-28 12:51:19";"2025-12-28 17:53:55";91.4667;724.1778;1;45;"2025-01-28 12:51:19";"2025-12-28 17:53:55";2;0
"user_4178";23;23;"2025-02-08 19:44:44";"2025-12-24 07:35:55";94.7391;803.913;1;23;"2025-02-08 19:44:44";"2025-12-24 07:35:55";6;0
"user_4179";45;39;"2025-02-02 00:18:22";"2025-12-30 22:22:25";89.5556;708.1111;1;45;"2025-02-02 00:18:22";"2025-12-30 22:22:25";0;0
"user_418";41;40;"2025-02-10 06:27:04";"2025-12-30 06:46:25";88.0244;714.3415;2;41;"2025-02-10 06:27:04";"2025-12-30 06:46:25";0;0
"user_4180";54;48;"2025-01-10 11:57:22";"2025-12-25 02:56:18";90.2963;727.2407;2;54;"2025-01-10 11:57:22";"2025-12-25 02:56:18";5;0
"user_4181";46;42;"2025-02-15 06:48:02";"2025-12-27 20:04:35";88.7174;732.5;2;46;"2025-02-15 06:48:02";"2025-12-27 20:04:35";3;0
"user_4182";19;18;"2025-01-14 11:38:07";"2025-12-29 12:26:06";93.7895;747.3684;1;19;"2025-01-14 11:38:07";"2025-12-29 12:26:06";1;0
"user_4183";20;19;"2025-04-07 03:14:32";"2025-12-04 02:50:07";88.3;745.3;1;20;"2025-04-07 03:14:32";"2025-12-04 02:50:07";26;1
"user_4184";40;36;"2025-02-15 20:37:57";"2025-12-28 22:53:45";91.3;721.275;1;40;"2025-02-15 20:37:57";"2025-12-28 22:53:45";2;0
"user_4185";82;66;"2025-02-25 03:27:05";"2025-10-25 14:18:08";88.9756;711.3293;2;82;"2025-02-25 03:27:05";"2025-10-25 14:18:08";66;1
"user_4186";57;49;"2025-01-18 04:49:49";"2025-12-17 20:01:37";87.9474;720.8596;1;57;"2025-01-18 04:49:49";"2025-12-17 20:01:37";13;0
"user_4187";95;82;"2025-02-16 04:38:27";"2025-12-29 02:48:20";88.3158;727.9053;2;95;"2025-02-16 04:38:27";"2025-12-29 02:48:20";1;0
"user_4188";41;36;"2025-01-20 07:39:57";"2025-12-24 15:49:01";88.3659;690.6098;2;41;"2025-01-20 07:39:57";"2025-12-24 15:49:01";6;0
"user_4189";20;20;"2025-02-10 13:48:50";"2025-11-26 22:22:11";87.85;736.1;2;20;"2025-02-10 13:48:50";"2025-11-26 22:22:11";34;1
"user_419";18;18;"2025-01-17 02:19:16";"2025-12-29 09:37:58";98.6667;837.7222;1;18;"2025-01-17 02:19:16";"2025-12-29 09:37:58";1;0
"user_4190";25;24;"2025-01-29 05:04:41";"2025-12-16 00:10:14";90.72;746.04;1;25;"2025-01-29 05:04:41";"2025-12-16 00:10:14";14;0
"user_4191";18;18;"2025-03-10 14:27:06";"2025-12-17 12:00:28";88.3889;678.3333;2;18;"2025-03-10 14:27:06";"2025-12-17 12:00:28";13;0
"user_4192";17;17;"2025-03-29 00:53:41";"2025-12-15 16:28:29";92.0588;790.9412;1;17;"2025-03-29 00:53:41";"2025-12-15 16:28:29";15;0
"user_4193";46;45;"2025-01-10 11:57:59";"2025-11-30 10:06:49";91.2391;718.9348;1;46;"2025-01-10 11:57:59";"2025-11-30 10:06:49";30;1
"user_4194";33;29;"2025-01-23 17:40:25";"2025-12-24 23:01:15";93.2121;750.7879;1;33;"2025-01-23 17:40:25";"2025-12-24 23:01:15";6;0
"user_4195";47;47;"2025-03-05 12:46:38";"2025-12-29 04:46:38";94.6809;758.8723;2;47;"2025-03-05 12:46:38";"2025-12-29 04:46:38";1;0
"user_4196";64;50;"2025-02-04 06:42:42";"2025-08-30 00:17:35";86.3438;715.6094;1;64;"2025-02-04 06:42:42";"2025-08-30 00:17:35";122;1
"user_4197";67;59;"2025-01-29 07:36:51";"2025-08-22 13:52:41";89.8955;736.597;2;67;"2025-01-29 07:36:51";"2025-08-22 13:52:41";130;1
"user_4198";85;70;"2025-03-02 16:12:49";"2025-12-07 18:53:27";87.4235;703.0588;2;85;"2025-03-02 16:12:49";"2025-12-07 18:53:27";23;1
"user_4199";39;38;"2025-02-27 06:20:04";"2025-12-24 02:39:13";92.7949;753.9231;2;39;"2025-02-27 06:20:04";"2025-12-24 02:39:13";6;0
"user_42";48;44;"2025-02-28 10:07:25";"2025-12-26 15:36:17";90.4583;730.4792;1;48;"2025-02-28 10:07:25";"2025-12-26 15:36:17";4;0
"user_420";18;17;"2025-03-19 04:00:54";"2025-12-22 19:11:49";91.2222;763.3889;2;18;"2025-03-19 04:00:54";"2025-12-22 19:11:49";8;0
"user_4200";51;46;"2025-01-13 23:19:41";"2025-12-29 00:23:33";94.5882;769.7451;1;51;"2025-01-13 23:19:41";"2025-12-29 00:23:33";1;0
"user_4201";20;20;"2025-03-17 09:32:50";"2025-12-02 04:18:31";90.85;754.55;1;20;"2025-03-17 09:32:50";"2025-12-02 04:18:31";28;1
"user_4202";72;64;"2025-02-26 15:16:17";"2025-09-21 15:08:52";89.4306;723.7222;1;72;"2025-02-26 15:16:17";"2025-09-21 15:08:52";100;1
"user_4203";85;73;"2025-01-18 22:12:44";"2025-10-06 23:15:16";92.0706;748.9529;2;85;"2025-01-18 22:12:44";"2025-10-06 23:15:16";85;1
"user_4204";12;12;"2025-03-08 20:12:58";"2025-11-30 02:29:17";90.75;726.8333;1;12;"2025-03-08 20:12:58";"2025-11-30 02:29:17";30;1
"user_4205";64;55;"2025-01-29 15:41:54";"2025-08-19 06:31:31";90.4688;732.8594;1;64;"2025-01-29 15:41:54";"2025-08-19 06:31:31";133;1
"user_4206";63;61;"2025-01-19 14:03:03";"2025-12-09 15:40:24";90.8889;723.6667;1;63;"2025-01-19 14:03:03";"2025-12-09 15:40:24";21;0
"user_4207";42;39;"2025-01-09 19:51:55";"2025-12-30 14:03:45";88.381;698.3333;1;42;"2025-01-09 19:51:55";"2025-12-30 14:03:45";0;0
"user_4208";46;44;"2025-01-27 23:55:34";"2025-12-25 11:24:49";90.5217;728.413;1;46;"2025-01-27 23:55:34";"2025-12-25 11:24:49";5;0
"user_4209";98;84;"2025-01-18 04:57:33";"2025-10-10 01:22:26";87.6837;702.8673;2;98;"2025-01-18 04:57:33";"2025-10-10 01:22:26";81;1
"user_421";22;20;"2025-03-02 18:13:21";"2025-11-26 23:35:10";88.8636;697.4545;2;22;"2025-03-02 18:13:21";"2025-11-26 23:35:10";34;1
"user_4210";81;71;"2025-02-22 15:01:06";"2025-10-28 19:41:39";87.1728;713.4815;1;81;"2025-02-22 15:01:06";"2025-10-28 19:41:39";63;1
"user_4211";60;53;"2025-01-11 23:10:53";"2025-07-01 18:04:57";87.6;683.6667;2;60;"2025-01-11 23:10:53";"2025-07-01 18:04:57";182;1
"user_4212";35;34;"2025-02-08 13:17:45";"2025-12-23 10:58:16";88.7143;709.0571;1;35;"2025-02-08 13:17:45";"2025-12-23 10:58:16";7;0
"user_4213";61;53;"2025-02-22 13:17:45";"2025-12-26 13:30:16";84.4262;699.1311;2;61;"2025-02-22 13:17:45";"2025-12-26 13:30:16";4;0
"user_4214";72;63;"2025-01-27 11:39:37";"2025-08-23 10:16:44";92.2222;727.9861;2;72;"2025-01-27 11:39:37";"2025-08-23 10:16:44";129;1
"user_4215";42;39;"2025-01-27 18:31:36";"2025-12-29 06:48:39";91.5714;734.1429;1;42;"2025-01-27 18:31:36";"2025-12-29 06:48:39";1;0
"user_4216";26;25;"2025-02-07 08:56:19";"2025-12-12 08:26:54";86.7692;715.7308;1;26;"2025-02-07 08:56:19";"2025-12-12 08:26:54";18;0
"user_4217";69;59;"2025-02-13 14:02:04";"2025-09-02 13:04:15";88.6087;722.2754;1;69;"2025-02-13 14:02:04";"2025-09-02 13:04:15";119;1
"user_4218";61;55;"2025-02-08 20:39:44";"2025-12-25 07:40:08";90.3115;717.7213;1;61;"2025-02-08 20:39:44";"2025-12-25 07:40:08";5;0
"user_4219";17;16;"2025-02-01 01:16:05";"2025-12-17 02:13:35";95.3529;772.5882;1;17;"2025-02-01 01:16:05";"2025-12-17 02:13:35";13;0
"user_422";29;26;"2025-01-29 21:02:54";"2025-12-27 18:43:46";89.4483;756.0;1;29;"2025-01-29 21:02:54";"2025-12-27 18:43:46";3;0
"user_4220";71;62;"2025-02-09 00:03:44";"2025-09-26 05:30:47";92.9296;729.1831;1;71;"2025-02-09 00:03:44";"2025-09-26 05:30:47";95;1
"user_4221";62;56;"2025-01-22 01:49:59";"2025-12-27 00:48:09";84.6613;677.9032;2;62;"2025-01-22 01:49:59";"2025-12-27 00:48:09";3;0
"user_4222";52;47;"2025-01-28 01:29:24";"2025-12-28 20:55:15";87.0192;705.5769;2;52;"2025-01-28 01:29:24";"2025-12-28 20:55:15";2;0
"user_4223";18;18;"2025-01-05 02:10:07";"2025-12-23 02:53:20";100.4444;759.0;1;18;"2025-01-05 02:10:07";"2025-12-23 02:53:20";7;0
"user_4224";15;14;"2025-03-07 12:41:14";"2025-10-31 09:46:03";87.5333;726.3333;2;15;"2025-03-07 12:41:14";"2025-10-31 09:46:03";60;1
"user_4225";58;55;"2025-01-09 00:34:28";"2025-12-29 09:45:08";87.7414;694.069;2;58;"2025-01-09 00:34:28";"2025-12-29 09:45:08";1;0
"user_4226";32;32;"2025-02-05 18:15:10";"2025-12-22 19:51:48";91.9375;747.6563;1;32;"2025-02-05 18:15:10";"2025-12-22 19:51:48";8;0
"user_4227";49;45;"2025-02-26 03:15:00";"2025-12-14 19:07:16";88.6531;716.449;2;49;"2025-02-26 03:15:00";"2025-12-14 19:07:16";16;0
"user_4228";54;49;"2025-01-10 15:42:10";"2025-12-30 09:56:00";90.5926;715.6481;1;54;"2025-01-10 15:42:10";"2025-12-30 09:56:00";0;0
"user_4229";43;41;"2025-02-12 00:45:48";"2025-12-25 00:48:27";89.1628;711.6977;2;43;"2025-02-12 00:45:48";"2025-12-25 00:48:27";5;0
"user_423";86;75;"2025-01-24 06:50:45";"2025-10-17 03:50:32";92.7326;745.5349;1;86;"2025-01-24 06:50:45";"2025-10-17 03:50:32";74;1
"user_4230";77;66;"2025-02-19 14:50:03";"2025-11-15 01:47:01";91.4935;734.7403;2;77;"2025-02-19 14:50:03";"2025-11-15 01:47:01";45;1
"user_4231";20;20;"2025-02-25 13:32:50";"2025-10-15 23:44:14";87.75;699.65;1;20;"2025-02-25 13:32:50";"2025-10-15 23:44:14";76;1
"user_4232";45;38;"2025-02-03 10:20:25";"2025-12-22 19:57:41";94.1111;730.4;1;45;"2025-02-03 10:20:25";"2025-12-22 19:57:41";8;0
"user_4233";51;50;"2025-01-12 17:12:27";"2025-12-30 14:32:32";92.7647;731.2157;1;51;"2025-01-12 17:12:27";"2025-12-30 14:32:32";0;0
"user_4234";18;16;"2025-02-02 03:38:33";"2025-11-19 20:13:49";86.7222;719.9444;1;18;"2025-02-02 03:38:33";"2025-11-19 20:13:49";41;1
"user_4235";61;52;"2025-03-02 17:19:22";"2025-09-02 01:46:31";91.1803;727.0328;2;61;"2025-03-02 17:19:22";"2025-09-02 01:46:31";119;1
"user_4236";51;46;"2025-01-17 20:24:34";"2025-12-22 14:07:58";82.7843;687.5686;2;51;"2025-01-17 20:24:34";"2025-12-22 14:07:58";8;0
"user_4237";99;88;"2025-02-06 22:56:11";"2025-12-24 10:43:44";88.0404;707.0707;1;99;"2025-02-06 22:56:11";"2025-12-24 10:43:44";6;0
"user_4238";25;24;"2025-03-03 04:31:00";"2025-12-26 21:58:23";89.8;737.24;2;25;"2025-03-03 04:31:00";"2025-12-26 21:58:23";4;0
"user_4239";23;22;"2025-02-22 06:29:51";"2025-12-27 03:54:47";90.3913;716.0435;1;23;"2025-02-22 06:29:51";"2025-12-27 03:54:47";3;0
"user_424";56;52;"2025-02-15 07:36:50";"2025-12-29 04:58:33";86.4643;673.9643;2;56;"2025-02-15 07:36:50";"2025-12-29 04:58:33";1;0
"user_4240";49;45;"2025-01-26 10:19:45";"2025-12-20 09:17:51";87.6122;690.4694;1;49;"2025-01-26 10:19:45";"2025-12-20 09:17:51";10;0
"user_4241";14;13;"2025-03-14 18:36:27";"2025-10-04 16:34:32";92.9286;722.8571;1;14;"2025-03-14 18:36:27";"2025-10-04 16:34:32";87;1
"user_4242";48;44;"2025-01-26 13:54:39";"2025-12-28 12:41:50";89.4167;691.625;1;48;"2025-01-26 13:54:39";"2025-12-28 12:41:50";2;0
"user_4243";22;22;"2025-02-02 01:49:46";"2025-12-18 14:22:35";93.6818;783.5455;2;22;"2025-02-02 01:49:46";"2025-12-18 14:22:35";12;0
"user_4244";53;48;"2025-01-10 11:52:35";"2025-12-26 19:20:33";92.3585;745.2453;2;53;"2025-01-10 11:52:35";"2025-12-26 19:20:33";4;0
"user_4245";45;42;"2025-01-14 17:39:37";"2025-12-28 08:22:48";86.6667;692.6222;2;45;"2025-01-14 17:39:37";"2025-12-28 08:22:48";2;0
"user_4246";19;18;"2025-02-27 21:12:11";"2025-11-06 10:21:17";84.5263;715.8421;2;19;"2025-02-27 21:12:11";"2025-11-06 10:21:17";54;1
"user_4247";60;55;"2025-01-06 07:37:03";"2025-07-18 06:56:40";86.85;714.5667;2;60;"2025-01-06 07:37:03";"2025-07-18 06:56:40";165;1
"user_4248";85;75;"2025-01-06 14:58:42";"2025-10-07 18:48:02";90.8706;724.0353;2;85;"2025-01-06 14:58:42";"2025-10-07 18:48:02";84;1
"user_4249";52;43;"2025-03-03 21:20:47";"2025-12-08 10:16:06";86.6154;664.0385;1;52;"2025-03-03 21:20:47";"2025-12-08 10:16:06";22;1
"user_425";61;47;"2025-02-16 17:29:08";"2025-07-14 14:58:50";87.918;729.7705;1;61;"2025-02-16 17:29:08";"2025-07-14 14:58:50";169;1
"user_4250";13;13;"2025-01-11 03:25:58";"2025-11-22 12:50:52";91.5385;705.5385;2;13;"2025-01-11 03:25:58";"2025-11-22 12:50:52";38;1
"user_4251";50;47;"2025-02-07 08:55:15";"2025-12-26 00:14:44";93.68;727.86;2;50;"2025-02-07 08:55:15";"2025-12-26 00:14:44";4;0
"user_4252";65;60;"2025-01-25 04:57:56";"2025-08-15 22:58:53";86.2923;693.2308;2;65;"2025-01-25 04:57:56";"2025-08-15 22:58:53";137;1
"user_4253";38;35;"2025-03-09 09:58:17";"2025-12-28 21:15:24";87.2368;681.5263;2;38;"2025-03-09 09:58:17";"2025-12-28 21:15:24";2;0
"user_4254";43;42;"2025-02-01 01:43:36";"2025-12-28 10:43:00";87.2791;689.4419;1;43;"2025-02-01 01:43:36";"2025-12-28 10:43:00";2;0
"user_4255";111;90;"2025-01-25 03:58:39";"2025-11-15 16:06:17";91.5766;738.1982;2;111;"2025-01-25 03:58:39";"2025-11-15 16:06:17";45;1
"user_4256";25;22;"2025-02-23 23:27:05";"2025-11-27 04:29:13";87.04;694.72;1;25;"2025-02-23 23:27:05";"2025-11-27 04:29:13";33;1
"user_4257";14;14;"2025-05-15 13:35:48";"2025-12-13 12:50:19";90.0;738.2857;1;14;"2025-05-15 13:35:48";"2025-12-13 12:50:19";17;0
"user_4258";44;43;"2025-01-27 08:01:29";"2025-12-29 15:34:01";84.4545;660.3409;1;44;"2025-01-27 08:01:29";"2025-12-29 15:34:01";1;0
"user_4259";45;40;"2025-02-19 02:33:16";"2025-12-29 01:24:00";88.8444;739.9778;2;45;"2025-02-19 02:33:16";"2025-12-29 01:24:00";1;0
"user_426";46;45;"2025-02-18 04:26:55";"2025-12-30 18:03:09";83.1739;649.1522;2;46;"2025-02-18 04:26:55";"2025-12-30 18:03:09";0;0
"user_4260";54;50;"2025-02-21 03:11:02";"2025-12-22 05:59:23";89.6852;696.1296;2;54;"2025-02-21 03:11:02";"2025-12-22 05:59:23";8;0
"user_4261";63;50;"2025-01-14 14:54:35";"2025-06-30 18:57:31";92.8254;746.4127;2;63;"2025-01-14 14:54:35";"2025-06-30 18:57:31";183;1
"user_4262";18;18;"2025-02-19 20:04:18";"2025-12-29 13:40:02";91.5;701.7222;2;18;"2025-02-19 20:04:18";"2025-12-29 13:40:02";1;0
"user_4263";45;41;"2025-03-07 07:37:24";"2025-12-26 23:05:50";83.8889;669.3778;2;45;"2025-03-07 07:37:24";"2025-12-26 23:05:50";4;0
"user_4264";65;61;"2025-02-02 04:35:18";"2025-12-29 16:50:36";91.2308;736.0;2;65;"2025-02-02 04:35:18";"2025-12-29 16:50:36";1;0
"user_4265";23;23;"2025-03-29 22:42:39";"2025-12-29 04:55:48";95.1739;748.8261;1;23;"2025-03-29 22:42:39";"2025-12-29 04:55:48";1;0
"user_4266";44;40;"2025-02-06 07:32:50";"2025-12-23 05:30:34";91.7727;741.6364;1;44;"2025-02-06 07:32:50";"2025-12-23 05:30:34";7;0
"user_4267";58;52;"2025-02-01 00:44:10";"2025-12-30 15:47:18";88.069;703.0345;2;58;"2025-02-01 00:44:10";"2025-12-30 15:47:18";0;0
"user_4268";86;73;"2025-02-03 08:16:27";"2025-10-30 15:25:35";87.407;709.2326;1;86;"2025-02-03 08:16:27";"2025-10-30 15:25:35";61;1
"user_4269";24;24;"2025-01-11 06:21:26";"2025-12-21 01:31:40";87.125;680.2083;2;24;"2025-01-11 06:21:26";"2025-12-21 01:31:40";9;0
"user_427";44;42;"2025-03-29 17:07:47";"2025-12-23 03:07:17";92.9545;746.75;2;44;"2025-03-29 17:07:47";"2025-12-23 03:07:17";7;0
"user_4270";12;12;"2025-02-13 20:31:20";"2025-12-30 10:33:10";91.75;730.5833;1;12;"2025-02-13 20:31:20";"2025-12-30 10:33:10";0;0
"user_4271";59;57;"2025-02-27 00:14:10";"2025-12-23 11:14:30";92.0508;771.9831;1;59;"2025-02-27 00:14:10";"2025-12-23 11:14:30";7;0
"user_4272";20;20;"2025-02-11 03:30:00";"2025-12-11 13:00:11";87.75;706.6;2;20;"2025-02-11 03:30:00";"2025-12-11 13:00:11";19;0
"user_4273";83;70;"2025-02-19 07:44:28";"2025-09-23 20:17:08";87.7349;710.3373;1;83;"2025-02-19 07:44:28";"2025-09-23 20:17:08";98;1
"user_4274";57;54;"2025-01-30 01:50:53";"2025-12-29 02:55:08";87.9474;701.193;2;57;"2025-01-30 01:50:53";"2025-12-29 02:55:08";1;0
"user_4275";54;50;"2025-02-01 06:43:33";"2025-12-24 04:09:16";95.0741;759.3519;2;54;"2025-02-01 06:43:33";"2025-12-24 04:09:16";6;0
"user_4276";45;42;"2025-01-30 08:30:21";"2025-12-28 23:28:58";86.9333;680.8222;2;45;"2025-01-30 08:30:21";"2025-12-28 23:28:58";2;0
"user_4277";41;39;"2025-03-10 19:09:04";"2025-12-29 08:37:22";88.3171;728.3659;2;41;"2025-03-10 19:09:04";"2025-12-29 08:37:22";1;0
"user_4278";44;41;"2025-01-14 21:33:11";"2025-12-29 07:43:52";88.9318;712.0;1;44;"2025-01-14 21:33:11";"2025-12-29 07:43:52";1;0
"user_4279";114;96;"2025-01-05 19:37:26";"2025-11-20 20:18:15";87.693;704.9649;2;114;"2025-01-05 19:37:26";"2025-11-20 20:18:15";40;1
"user_428";16;16;"2025-02-22 10:15:48";"2025-11-30 14:22:38";87.0625;694.5;1;16;"2025-02-22 10:15:48";"2025-11-30 14:22:38";30;1
"user_4280";50;44;"2025-01-04 11:38:42";"2025-12-07 18:31:18";93.18;744.26;1;50;"2025-01-04 11:38:42";"2025-12-07 18:31:18";23;1
"user_4281";68;56;"2025-02-17 06:05:07";"2025-09-13 02:14:23";91.0147;724.6176;1;68;"2025-02-17 06:05:07";"2025-09-13 02:14:23";108;1
"user_4282";24;24;"2025-02-09 09:54:37";"2025-11-24 19:13:43";91.7917;739.4167;2;24;"2025-02-09 09:54:37";"2025-11-24 19:13:43";36;1
"user_4283";92;85;"2025-02-07 03:31:27";"2025-11-20 10:10:32";88.6304;711.5435;1;92;"2025-02-07 03:31:27";"2025-11-20 10:10:32";40;1
"user_4284";85;70;"2025-01-26 10:27:36";"2025-12-09 19:45:34";84.0471;680.6471;1;85;"2025-01-26 10:27:36";"2025-12-09 19:45:34";21;0
"user_4285";63;53;"2025-02-13 09:29:03";"2025-12-25 23:20:27";88.0159;687.0794;1;63;"2025-02-13 09:29:03";"2025-12-25 23:20:27";5;0
"user_4286";59;55;"2025-01-17 06:31:36";"2025-12-25 06:14:27";91.3559;742.678;1;59;"2025-01-17 06:31:36";"2025-12-25 06:14:27";5;0
"user_4287";22;22;"2025-03-01 03:21:05";"2025-12-28 18:38:54";94.3182;744.8636;1;22;"2025-03-01 03:21:05";"2025-12-28 18:38:54";2;0
"user_4288";49;46;"2025-01-30 05:30:59";"2025-12-17 02:14:31";92.0408;745.0204;2;49;"2025-01-30 05:30:59";"2025-12-17 02:14:31";13;0
"user_4289";51;50;"2025-02-07 05:21:01";"2025-12-25 10:04:29";88.6078;687.0588;1;51;"2025-02-07 05:21:01";"2025-12-25 10:04:29";5;0
"user_429";56;52;"2025-02-03 01:31:50";"2025-12-27 10:19:07";88.4643;694.9643;2;56;"2025-02-03 01:31:50";"2025-12-27 10:19:07";3;0
"user_4290";26;25;"2025-02-19 14:37:17";"2025-12-28 06:34:02";93.5;725.1923;1;26;"2025-02-19 14:37:17";"2025-12-28 06:34:02";2;0
"user_4291";43;43;"2025-02-10 00:50:32";"2025-12-22 11:15:27";91.0698;717.907;1;43;"2025-02-10 00:50:32";"2025-12-22 11:15:27";8;0
"user_4292";77;63;"2025-02-01 03:38:55";"2025-07-24 21:41:11";88.2597;696.0;1;77;"2025-02-01 03:38:55";"2025-07-24 21:41:11";159;1
"user_4293";39;37;"2025-03-14 05:21:47";"2025-12-20 05:19:27";90.3077;724.1026;2;39;"2025-03-14 05:21:47";"2025-12-20 05:19:27";10;0
"user_4294";12;12;"2025-02-25 02:37:43";"2025-12-22 15:55:20";84.8333;733.0833;2;12;"2025-02-25 02:37:43";"2025-12-22 15:55:20";8;0
"user_4295";41;40;"2025-02-22 12:58:17";"2025-12-20 05:47:20";85.6829;704.878;1;41;"2025-02-22 12:58:17";"2025-12-20 05:47:20";10;0
"user_4296";63;55;"2025-01-17 04:32:38";"2025-07-18 13:06:21";90.8095;724.6508;1;63;"2025-01-17 04:32:38";"2025-07-18 13:06:21";165;1
"user_4297";82;72;"2025-02-20 16:17:32";"2025-10-09 13:03:38";91.1951;736.5122;2;82;"2025-02-20 16:17:32";"2025-10-09 13:03:38";82;1
"user_4298";104;85;"2025-02-24 16:52:54";"2025-12-12 23:08:50";87.5865;693.25;1;104;"2025-02-24 16:52:54";"2025-12-12 23:08:50";18;0
"user_4299";37;34;"2025-03-03 00:39:12";"2025-12-30 16:51:47";87.2973;725.1622;2;37;"2025-03-03 00:39:12";"2025-12-30 16:51:47";0;0
"user_43";64;57;"2025-01-14 12:18:14";"2025-06-19 09:33:01";89.6875;734.0156;1;64;"2025-01-14 12:18:14";"2025-06-19 09:33:01";194;1
"user_430";76;61;"2025-02-20 07:59:04";"2025-09-24 06:32:27";89.6316;710.9211;1;76;"2025-02-20 07:59:04";"2025-09-24 06:32:27";97;1
"user_4300";52;49;"2025-01-12 07:16:45";"2025-12-29 14:50:19";89.8269;672.25;1;52;"2025-01-12 07:16:45";"2025-12-29 14:50:19";1;0
"user_4301";111;98;"2025-01-15 00:28:23";"2025-11-15 14:01:57";91.045;726.3694;2;111;"2025-01-15 00:28:23";"2025-11-15 14:01:57";45;1
"user_4302";12;12;"2025-01-27 16:52:28";"2025-12-15 15:19:33";85.1667;692.1667;2;12;"2025-01-27 16:52:28";"2025-12-15 15:19:33";15;0
"user_4303";20;20;"2025-03-10 00:15:57";"2025-12-14 13:14:36";91.8;750.8;2;20;"2025-03-10 00:15:57";"2025-12-14 13:14:36";16;0
"user_4304";52;49;"2025-01-09 18:34:28";"2025-12-29 00:44:56";86.9423;721.1923;1;52;"2025-01-09 18:34:28";"2025-12-29 00:44:56";1;0
"user_4305";24;23;"2025-02-17 20:38:16";"2025-12-07 10:11:29";88.375;700.0833;1;24;"2025-02-17 20:38:16";"2025-12-07 10:11:29";23;1
"user_4306";75;69;"2025-01-02 17:34:10";"2025-08-10 02:52:00";87.4667;691.4;1;75;"2025-01-02 17:34:10";"2025-08-10 02:52:00";142;1
"user_4307";45;43;"2025-01-25 09:17:15";"2025-12-15 17:12:41";86.2;708.0444;2;45;"2025-01-25 09:17:15";"2025-12-15 17:12:41";15;0
"user_4308";51;46;"2025-01-18 07:51:58";"2025-12-30 01:06:15";91.1373;722.9412;1;51;"2025-01-18 07:51:58";"2025-12-30 01:06:15";0;0
"user_4309";22;20;"2025-02-23 03:34:59";"2025-12-10 23:27:39";89.0455;733.4545;1;22;"2025-02-23 03:34:59";"2025-12-10 23:27:39";20;0
"user_431";71;62;"2025-02-07 08:42:08";"2025-10-13 04:12:55";91.169;728.8451;2;71;"2025-02-07 08:42:08";"2025-10-13 04:12:55";78;1
"user_4310";23;22;"2025-02-26 22:46:39";"2025-12-19 14:52:41";98.9565;772.087;2;23;"2025-02-26 22:46:39";"2025-12-19 14:52:41";11;0
"user_4311";113;96;"2025-02-15 10:26:19";"2025-12-28 05:25:37";90.6018;733.469;2;113;"2025-02-15 10:26:19";"2025-12-28 05:25:37";2;0
"user_4312";17;17;"2025-01-17 04:30:24";"2025-12-09 23:12:59";90.5882;742.8235;1;17;"2025-01-17 04:30:24";"2025-12-09 23:12:59";21;0
"user_4313";69;58;"2025-02-23 09:59:23";"2025-09-26 00:06:12";92.7246;756.1014;2;69;"2025-02-23 09:59:23";"2025-09-26 00:06:12";95;1
"user_4314";18;18;"2025-01-21 04:57:36";"2025-12-11 23:07:57";94.9444;764.8333;2;18;"2025-01-21 04:57:36";"2025-12-11 23:07:57";19;0
"user_4315";18;18;"2025-03-02 07:17:15";"2025-12-19 20:32:28";92.2778;727.0;1;18;"2025-03-02 07:17:15";"2025-12-19 20:32:28";11;0
"user_4316";75;61;"2025-02-12 03:39:27";"2025-10-08 18:00:31";94.52;740.28;2;75;"2025-02-12 03:39:27";"2025-10-08 18:00:31";83;1
"user_4317";26;25;"2025-02-08 04:59:08";"2025-12-27 08:52:34";97.2692;766.1923;2;26;"2025-02-08 04:59:08";"2025-12-27 08:52:34";3;0
"user_4318";80;70;"2025-02-19 00:17:06";"2025-09-18 08:27:19";89.1125;707.575;1;80;"2025-02-19 00:17:06";"2025-09-18 08:27:19";103;1
"user_4319";41;41;"2025-01-04 06:00:18";"2025-12-29 03:38:51";90.8049;714.1707;1;41;"2025-01-04 06:00:18";"2025-12-29 03:38:51";1;0
"user_432";22;21;"2025-02-11 12:00:49";"2025-12-18 03:20:41";90.7727;741.9545;1;22;"2025-02-11 12:00:49";"2025-12-18 03:20:41";12;0
"user_4320";57;52;"2025-01-11 03:47:11";"2025-12-29 14:21:12";92.7719;746.5614;1;57;"2025-01-11 03:47:11";"2025-12-29 14:21:12";1;0
"user_4321";40;39;"2025-03-15 07:10:57";"2025-12-30 17:36:25";91.075;732.9;1;40;"2025-03-15 07:10:57";"2025-12-30 17:36:25";0;0
"user_4322";18;16;"2025-02-16 04:44:19";"2025-12-28 14:42:58";90.3889;738.0;1;18;"2025-02-16 04:44:19";"2025-12-28 14:42:58";2;0
"user_4323";20;19;"2025-04-22 23:12:09";"2025-12-29 16:54:29";87.7;702.15;1;20;"2025-04-22 23:12:09";"2025-12-29 16:54:29";1;0
"user_4324";43;39;"2025-03-16 22:50:03";"2025-12-26 22:34:21";87.5116;707.8372;2;43;"2025-03-16 22:50:03";"2025-12-26 22:34:21";4;0
"user_4325";30;27;"2025-02-05 03:32:01";"2025-12-30 13:53:57";82.9;674.6;1;30;"2025-02-05 03:32:01";"2025-12-30 13:53:57";0;0
"user_4326";25;25;"2025-01-28 08:20:40";"2025-12-15 14:55:08";87.4;691.76;1;25;"2025-01-28 08:20:40";"2025-12-15 14:55:08";15;0
"user_4327";84;69;"2025-02-19 19:11:07";"2025-10-29 09:41:29";96.0952;784.1429;2;84;"2025-02-19 19:11:07";"2025-10-29 09:41:29";62;1
"user_4328";15;15;"2025-01-18 17:13:41";"2025-12-02 12:08:53";82.5333;713.8667;2;15;"2025-01-18 17:13:41";"2025-12-02 12:08:53";28;1
"user_4329";64;51;"2025-03-03 06:30:39";"2025-09-09 17:22:56";90.4531;734.5313;2;64;"2025-03-03 06:30:39";"2025-09-09 17:22:56";112;1
"user_433";64;60;"2025-01-27 14:02:42";"2025-12-13 11:44:09";87.3438;685.5938;1;64;"2025-01-27 14:02:42";"2025-12-13 11:44:09";17;0
"user_4330";22;22;"2025-02-03 13:33:07";"2025-12-21 04:10:49";89.4545;713.8636;2;22;"2025-02-03 13:33:07";"2025-12-21 04:10:49";9;0
"user_4331";64;55;"2025-02-19 15:37:34";"2025-09-09 00:26:05";91.2031;731.4531;1;64;"2025-02-19 15:37:34";"2025-09-09 00:26:05";112;1
"user_4332";101;79;"2025-01-08 03:45:59";"2025-11-16 03:21:29";91.3861;741.0792;2;101;"2025-01-08 03:45:59";"2025-11-16 03:21:29";44;1
"user_4333";45;39;"2025-02-12 06:36:18";"2025-12-20 15:01:49";91.0667;722.5556;2;45;"2025-02-12 06:36:18";"2025-12-20 15:01:49";10;0
"user_4334";49;47;"2025-02-26 18:59:37";"2025-12-24 15:30:08";86.2449;705.2041;1;49;"2025-02-26 18:59:37";"2025-12-24 15:30:08";6;0
"user_4335";40;38;"2025-02-23 08:48:32";"2025-12-22 08:12:34";93.025;734.775;1;40;"2025-02-23 08:48:32";"2025-12-22 08:12:34";8;0
"user_4336";102;90;"2025-01-05 05:36:13";"2025-09-18 23:17:21";89.2843;720.8824;1;102;"2025-01-05 05:36:13";"2025-09-18 23:17:21";103;1
"user_4337";46;45;"2025-01-22 18:08:15";"2025-12-22 22:08:38";86.7826;679.1304;1;46;"2025-01-22 18:08:15";"2025-12-22 22:08:38";8;0
"user_4338";11;11;"2025-03-20 09:10:34";"2025-11-26 10:11:08";94.7273;727.0;2;11;"2025-03-20 09:10:34";"2025-11-26 10:11:08";34;1
"user_4339";49;44;"2025-02-13 12:22:33";"2025-12-22 23:16:36";92.4694;732.9796;1;49;"2025-02-13 12:22:33";"2025-12-22 23:16:36";8;0
"user_434";79;67;"2025-01-05 02:00:13";"2025-08-12 11:39:00";88.1013;704.4304;1;79;"2025-01-05 02:00:13";"2025-08-12 11:39:00";140;1
"user_4340";68;56;"2025-02-19 00:42:35";"2025-09-19 18:53:13";88.1912;718.5735;1;68;"2025-02-19 00:42:35";"2025-09-19 18:53:13";102;1
"user_4341";48;44;"2025-02-14 00:13:30";"2025-12-29 09:36:16";85.2083;700.1458;1;48;"2025-02-14 00:13:30";"2025-12-29 09:36:16";1;0
"user_4342";63;56;"2025-01-20 11:51:55";"2025-08-07 17:30:37";90.6508;727.6667;1;63;"2025-01-20 11:51:55";"2025-08-07 17:30:37";145;1
"user_4343";27;26;"2025-02-03 15:57:48";"2025-12-22 19:05:56";84.8519;692.1852;1;27;"2025-02-03 15:57:48";"2025-12-22 19:05:56";8;0
"user_4344";28;24;"2025-02-15 14:24:43";"2025-12-28 15:55:41";88.0357;728.4286;2;28;"2025-02-15 14:24:43";"2025-12-28 15:55:41";2;0
"user_4345";44;38;"2025-01-16 15:01:43";"2025-11-27 02:31:30";89.1364;704.2955;2;44;"2025-01-16 15:01:43";"2025-11-27 02:31:30";33;1
"user_4346";33;31;"2025-02-24 12:31:38";"2025-12-13 03:42:42";87.3636;692.1212;2;33;"2025-02-24 12:31:38";"2025-12-13 03:42:42";17;0
"user_4347";27;27;"2025-01-24 22:45:41";"2025-12-07 17:04:58";97.037;735.4074;1;27;"2025-01-24 22:45:41";"2025-12-07 17:04:58";23;1
"user_4348";40;36;"2025-02-10 01:02:51";"2025-12-25 14:10:51";84.05;675.325;2;40;"2025-02-10 01:02:51";"2025-12-25 14:10:51";5;0
"user_4349";29;28;"2025-03-01 23:45:46";"2025-11-10 19:42:50";90.7931;745.4483;1;29;"2025-03-01 23:45:46";"2025-11-10 19:42:50";50;1
"user_435";70;53;"2025-02-19 19:44:42";"2025-07-21 15:50:36";89.9714;705.5286;2;70;"2025-02-19 19:44:42";"2025-07-21 15:50:36";162;1
"user_4350";29;29;"2025-02-25 17:38:36";"2025-12-23 21:40:18";89.069;704.8966;2;29;"2025-02-25 17:38:36";"2025-12-23 21:40:18";7;0
"user_4351";25;25;"2025-01-18 08:32:01";"2025-12-22 08:25:21";93.4;739.2;1;25;"2025-01-18 08:32:01";"2025-12-22 08:25:21";8;0
"user_4352";58;55;"2025-02-01 05:37:15";"2025-12-29 12:48:33";86.9138;711.569;2;58;"2025-02-01 05:37:15";"2025-12-29 12:48:33";1;0
"user_4353";39;36;"2025-02-12 17:53:22";"2025-12-30 01:28:32";87.7949;726.4615;2;39;"2025-02-12 17:53:22";"2025-12-30 01:28:32";0;0
"user_4354";20;19;"2025-02-11 13:12:31";"2025-12-28 03:00:19";92.0;725.7;1;20;"2025-02-11 13:12:31";"2025-12-28 03:00:19";2;0
"user_4355";48;45;"2025-01-27 23:26:55";"2025-12-16 11:35:46";85.2708;678.4583;2;48;"2025-01-27 23:26:55";"2025-12-16 11:35:46";14;0
"user_4356";49;44;"2025-02-04 12:24:48";"2025-12-16 14:30:52";91.6939;717.5306;2;49;"2025-02-04 12:24:48";"2025-12-16 14:30:52";14;0
"user_4357";64;58;"2025-01-10 02:44:02";"2025-08-14 20:19:07";89.0;707.8906;1;64;"2025-01-10 02:44:02";"2025-08-14 20:19:07";138;1
"user_4358";47;43;"2025-01-22 22:09:52";"2025-12-10 02:23:10";88.5957;714.0851;2;47;"2025-01-22 22:09:52";"2025-12-10 02:23:10";20;0
"user_4359";51;49;"2025-01-21 05:40:32";"2025-12-24 18:35:23";92.1373;736.6667;1;51;"2025-01-21 05:40:32";"2025-12-24 18:35:23";6;0
"user_436";24;22;"2025-03-24 23:46:11";"2025-11-20 18:42:26";94.2083;747.4583;2;24;"2025-03-24 23:46:11";"2025-11-20 18:42:26";40;1
"user_4360";74;61;"2025-01-21 00:16:06";"2025-07-18 21:38:41";90.6757;726.2703;1;74;"2025-01-21 00:16:06";"2025-07-18 21:38:41";165;1
"user_4361";60;55;"2025-01-25 14:24:54";"2025-09-20 03:01:40";91.2167;732.75;2;60;"2025-01-25 14:24:54";"2025-09-20 03:01:40";101;1
"user_4362";31;29;"2025-02-07 10:25:28";"2025-12-22 13:29:48";87.5484;709.9677;1;31;"2025-02-07 10:25:28";"2025-12-22 13:29:48";8;0
"user_4363";15;15;"2025-01-31 10:10:39";"2025-12-05 19:36:37";90.5333;762.5333;2;15;"2025-01-31 10:10:39";"2025-12-05 19:36:37";25;1
"user_4364";49;44;"2025-02-02 20:20:30";"2025-12-25 10:18:40";88.4694;697.4082;2;49;"2025-02-02 20:20:30";"2025-12-25 10:18:40";5;0
"user_4365";77;64;"2025-02-22 17:16:55";"2025-09-13 10:17:03";90.3117;726.9481;1;77;"2025-02-22 17:16:55";"2025-09-13 10:17:03";108;1
"user_4366";27;25;"2025-02-09 11:06:20";"2025-12-09 18:20:11";89.8889;712.2593;2;27;"2025-02-09 11:06:20";"2025-12-09 18:20:11";21;0
"user_4367";69;52;"2025-01-27 00:26:29";"2025-07-04 02:08:50";89.4058;690.5507;2;69;"2025-01-27 00:26:29";"2025-07-04 02:08:50";179;1
"user_4368";57;54;"2025-01-14 18:47:18";"2025-12-18 21:59:14";90.9123;722.5965;1;57;"2025-01-14 18:47:18";"2025-12-18 21:59:14";12;0
"user_4369";66;54;"2025-03-04 06:36:54";"2025-09-01 12:52:32";87.5152;705.4848;1;66;"2025-03-04 06:36:54";"2025-09-01 12:52:32";120;1
"user_437";66;57;"2025-01-09 20:31:34";"2025-09-29 00:52:55";92.5606;754.9697;1;66;"2025-01-09 20:31:34";"2025-09-29 00:52:55";92;1
"user_4370";100;83;"2025-02-03 06:33:32";"2025-12-21 09:12:58";90.75;743.66;1;100;"2025-02-03 06:33:32";"2025-12-21 09:12:58";9;0
"user_4371";82;71;"2025-01-30 22:47:12";"2025-10-06 02:09:59";88.7317;718.5122;1;82;"2025-01-30 22:47:12";"2025-10-06 02:09:59";85;1
"user_4372";49;47;"2025-01-16 02:42:06";"2025-12-30 16:38:04";93.0612;732.3878;2;49;"2025-01-16 02:42:06";"2025-12-30 16:38:04";0;0
"user_4373";67;57;"2025-02-17 22:29:05";"2025-08-13 11:57:42";89.806;696.6269;2;67;"2025-02-17 22:29:05";"2025-08-13 11:57:42";139;1
"user_4374";57;54;"2025-02-01 03:37:16";"2025-12-15 18:48:34";91.0175;735.5439;2;57;"2025-02-01 03:37:16";"2025-12-15 18:48:34";15;0
"user_4375";49;45;"2025-02-12 01:57:59";"2025-12-29 11:46:17";89.1837;712.0612;1;49;"2025-02-12 01:57:59";"2025-12-29 11:46:17";1;0
"user_4376";46;43;"2025-02-12 07:01:47";"2025-12-21 19:55:22";89.413;723.6739;2;46;"2025-02-12 07:01:47";"2025-12-21 19:55:22";9;0
"user_4377";33;31;"2025-02-27 19:57:36";"2025-12-30 09:10:16";87.9091;679.7273;1;33;"2025-02-27 19:57:36";"2025-12-30 09:10:16";0;0
"user_4378";22;22;"2025-03-14 17:40:47";"2025-11-19 20:24:50";83.0;701.8182;1;22;"2025-03-14 17:40:47";"2025-11-19 20:24:50";41;1
"user_4379";71;62;"2025-02-14 16:27:40";"2025-08-05 16:13:47";88.9859;727.7606;1;71;"2025-02-14 16:27:40";"2025-08-05 16:13:47";147;1
"user_438";33;33;"2025-01-17 11:11:56";"2025-12-25 07:26:33";85.0303;683.0606;2;33;"2025-01-17 11:11:56";"2025-12-25 07:26:33";5;0
"user_4380";43;40;"2025-02-27 08:51:38";"2025-12-23 03:29:36";85.4651;691.4884;2;43;"2025-02-27 08:51:38";"2025-12-23 03:29:36";7;0
"user_4381";91;78;"2025-03-02 10:35:18";"2025-12-30 17:14:04";89.0659;710.9011;2;91;"2025-03-02 10:35:18";"2025-12-30 17:14:04";0;0
"user_4382";71;58;"2025-02-20 09:07:44";"2025-09-29 13:03:23";90.9296;718.8873;1;71;"2025-02-20 09:07:44";"2025-09-29 13:03:23";92;1
"user_4383";49;44;"2025-01-29 04:22:26";"2025-12-10 15:23:07";86.8367;706.8571;2;49;"2025-01-29 04:22:26";"2025-12-10 15:23:07";20;0
"user_4384";51;47;"2025-01-15 02:14:23";"2025-12-21 15:43:19";82.0;659.5686;2;51;"2025-01-15 02:14:23";"2025-12-21 15:43:19";9;0
"user_4385";19;19;"2025-01-17 15:58:35";"2025-12-26 16:06:48";88.2632;739.2105;1;19;"2025-01-17 15:58:35";"2025-12-26 16:06:48";4;0
"user_4386";55;53;"2025-01-20 01:41:51";"2025-12-23 02:44:02";89.8364;699.9455;1;55;"2025-01-20 01:41:51";"2025-12-23 02:44:02";7;0
"user_4387";13;13;"2025-01-08 02:47:48";"2025-12-16 15:25:37";92.0769;742.1538;2;13;"2025-01-08 02:47:48";"2025-12-16 15:25:37";14;0
"user_4388";114;101;"2025-01-28 13:51:30";"2025-12-30 19:19:19";88.8509;714.8158;1;114;"2025-01-28 13:51:30";"2025-12-30 19:19:19";0;0
"user_4389";78;66;"2025-02-21 04:19:52";"2025-10-23 03:43:02";88.8333;701.2692;2;78;"2025-02-21 04:19:52";"2025-10-23 03:43:02";68;1
"user_439";19;19;"2025-01-11 08:47:16";"2025-12-23 23:42:00";84.1053;659.2632;2;19;"2025-01-11 08:47:16";"2025-12-23 23:42:00";7;0
"user_4390";60;52;"2025-03-03 07:36:59";"2025-08-18 07:20:59";96.9667;781.05;1;60;"2025-03-03 07:36:59";"2025-08-18 07:20:59";134;1
"user_4391";63;52;"2025-01-28 17:46:23";"2025-08-02 20:50:58";84.5238;688.6032;2;63;"2025-01-28 17:46:23";"2025-08-02 20:50:58";150;1
"user_4392";54;50;"2025-02-01 09:56:41";"2025-12-27 09:59:02";90.9815;732.0741;1;54;"2025-02-01 09:56:41";"2025-12-27 09:59:02";3;0
"user_4393";61;54;"2025-01-20 02:01:21";"2025-12-28 20:19:05";90.1803;732.5246;1;61;"2025-01-20 02:01:21";"2025-12-28 20:19:05";2;0
"user_4394";60;55;"2025-02-21 05:51:05";"2025-09-03 00:43:53";85.55;681.7833;1;60;"2025-02-21 05:51:05";"2025-09-03 00:43:53";118;1
"user_4395";19;19;"2025-01-30 16:31:47";"2025-11-20 20:39:59";91.9474;728.7368;2;19;"2025-01-30 16:31:47";"2025-11-20 20:39:59";40;1
"user_4396";20;18;"2025-03-26 10:23:16";"2025-12-13 08:30:41";95.7;780.95;2;20;"2025-03-26 10:23:16";"2025-12-13 08:30:41";17;0
"user_4397";63;53;"2025-02-24 11:01:36";"2025-08-11 10:22:06";91.873;771.7619;2;63;"2025-02-24 11:01:36";"2025-08-11 10:22:06";141;1
"user_4398";80;65;"2025-02-23 08:28:34";"2025-09-13 02:20:24";91.975;739.1625;2;80;"2025-02-23 08:28:34";"2025-09-13 02:20:24";108;1
"user_4399";66;53;"2025-02-28 07:35:57";"2025-08-24 03:25:37";94.197;754.8939;2;66;"2025-02-28 07:35:57";"2025-08-24 03:25:37";128;1
"user_44";17;17;"2025-02-24 15:25:34";"2025-11-23 18:59:04";89.5882;719.2941;1;17;"2025-02-24 15:25:34";"2025-11-23 18:59:04";37;1
"user_440";91;76;"2025-01-27 06:13:05";"2025-10-28 12:02:38";91.967;724.1648;2;91;"2025-01-27 06:13:05";"2025-10-28 12:02:38";63;1
"user_4400";65;52;"2025-01-19 00:29:51";"2025-06-05 23:49:49";89.9538;692.6154;1;65;"2025-01-19 00:29:51";"2025-06-05 23:49:49";208;1
"user_4401";72;60;"2025-02-15 21:20:51";"2025-11-02 21:27:28";87.8472;699.9306;2;72;"2025-02-15 21:20:51";"2025-11-02 21:27:28";58;1
"user_4402";46;46;"2025-01-11 00:37:04";"2025-12-23 11:57:17";86.2826;687.3696;2;46;"2025-01-11 00:37:04";"2025-12-23 11:57:17";7;0
"user_4403";70;57;"2025-01-31 01:11:28";"2025-07-20 05:52:02";91.5286;739.4857;2;70;"2025-01-31 01:11:28";"2025-07-20 05:52:02";163;1
"user_4404";53;48;"2025-02-07 07:37:01";"2025-12-29 13:40:50";88.9057;716.6038;2;53;"2025-02-07 07:37:01";"2025-12-29 13:40:50";1;0
"user_4405";18;18;"2025-04-18 02:10:54";"2025-12-15 16:55:47";90.8889;719.4444;2;18;"2025-04-18 02:10:54";"2025-12-15 16:55:47";15;0
"user_4406";34;34;"2025-02-15 09:55:29";"2025-12-29 22:48:46";94.8529;786.9412;2;34;"2025-02-15 09:55:29";"2025-12-29 22:48:46";1;0
"user_4407";16;14;"2025-03-08 05:53:35";"2025-12-30 16:23:26";86.75;713.25;1;16;"2025-03-08 05:53:35";"2025-12-30 16:23:26";0;0
"user_4408";62;53;"2025-02-27 08:28:11";"2025-08-21 18:41:19";90.129;712.3065;2;62;"2025-02-27 08:28:11";"2025-08-21 18:41:19";131;1
"user_4409";48;44;"2025-02-16 16:25:59";"2025-12-13 15:11:05";89.2083;712.9167;2;48;"2025-02-16 16:25:59";"2025-12-13 15:11:05";17;0
"user_441";64;59;"2025-01-05 17:32:51";"2025-08-23 19:08:18";92.5625;746.4063;1;64;"2025-01-05 17:32:51";"2025-08-23 19:08:18";129;1
"user_4410";41;40;"2025-03-24 13:01:48";"2025-12-26 09:57:00";93.878;763.2439;2;41;"2025-03-24 13:01:48";"2025-12-26 09:57:00";4;0
"user_4411";76;62;"2025-03-02 15:14:17";"2025-11-18 20:12:20";90.3158;723.2895;1;76;"2025-03-02 15:14:17";"2025-11-18 20:12:20";42;1
"user_4412";106;95;"2025-01-27 20:35:16";"2025-12-30 22:13:33";86.8585;714.2925;1;106;"2025-01-27 20:35:16";"2025-12-30 22:13:33";0;0
"user_4413";30;30;"2025-03-03 11:14:11";"2025-12-07 00:01:50";91.7;732.3333;1;30;"2025-03-03 11:14:11";"2025-12-07 00:01:50";23;1
"user_4414";35;31;"2025-02-22 07:10:56";"2025-12-28 15:06:22";88.8857;724.6;1;35;"2025-02-22 07:10:56";"2025-12-28 15:06:22";2;0
"user_4415";50;48;"2025-02-24 03:37:30";"2025-12-30 03:53:49";90.2;704.9;2;50;"2025-02-24 03:37:30";"2025-12-30 03:53:49";0;0
"user_4416";40;39;"2025-02-06 07:53:31";"2025-12-26 16:33:28";87.575;709.8;2;40;"2025-02-06 07:53:31";"2025-12-26 16:33:28";4;0
"user_4417";52;49;"2025-01-06 15:16:00";"2025-12-29 20:55:41";87.1923;714.6731;1;52;"2025-01-06 15:16:00";"2025-12-29 20:55:41";1;0
"user_4418";87;75;"2025-01-24 09:27:45";"2025-11-17 21:15:32";84.5517;679.092;1;87;"2025-01-24 09:27:45";"2025-11-17 21:15:32";43;1
"user_4419";61;55;"2025-01-25 16:29:01";"2025-12-25 14:50:01";90.1311;729.9016;2;61;"2025-01-25 16:29:01";"2025-12-25 14:50:01";5;0
"user_442";11;11;"2025-02-25 03:25:45";"2025-12-16 00:01:03";86.4545;691.6364;1;11;"2025-02-25 03:25:45";"2025-12-16 00:01:03";14;0
"user_4420";90;73;"2025-01-24 21:49:07";"2025-09-15 23:51:30";87.9;695.1778;1;90;"2025-01-24 21:49:07";"2025-09-15 23:51:30";106;1
"user_4421";62;53;"2025-01-29 04:28:50";"2025-07-13 18:18:56";93.3065;750.0323;2;62;"2025-01-29 04:28:50";"2025-07-13 18:18:56";170;1
"user_4422";16;16;"2025-03-27 22:57:00";"2025-11-27 14:31:50";89.5625;656.5625;1;16;"2025-03-27 22:57:00";"2025-11-27 14:31:50";33;1
"user_4423";41;38;"2025-02-08 12:03:47";"2025-12-23 04:50:52";88.9024;729.5122;1;41;"2025-02-08 12:03:47";"2025-12-23 04:50:52";7;0
"user_4424";17;15;"2025-01-30 01:19:04";"2025-11-23 16:40:53";98.4706;718.8824;2;17;"2025-01-30 01:19:04";"2025-11-23 16:40:53";37;1
"user_4425";48;46;"2025-02-27 01:29:21";"2025-12-23 00:53:12";93.1667;749.7708;2;48;"2025-02-27 01:29:21";"2025-12-23 00:53:12";7;0
"user_4426";57;49;"2025-01-23 19:43:44";"2025-12-13 12:34:57";89.6316;713.8772;2;57;"2025-01-23 19:43:44";"2025-12-13 12:34:57";17;0
"user_4427";64;56;"2025-02-23 12:38:35";"2025-09-08 12:52:11";84.8906;700.0469;1;64;"2025-02-23 12:38:35";"2025-09-08 12:52:11";113;1
"user_4428";71;61;"2025-01-26 16:02:02";"2025-08-08 11:33:26";90.5352;723.1268;2;71;"2025-01-26 16:02:02";"2025-08-08 11:33:26";144;1
"user_4429";104;83;"2025-01-25 23:18:23";"2025-12-07 03:54:22";87.8269;719.9231;2;104;"2025-01-25 23:18:23";"2025-12-07 03:54:22";23;1
"user_443";50;47;"2025-02-05 16:19:27";"2025-12-30 17:07:44";89.84;720.12;1;50;"2025-02-05 16:19:27";"2025-12-30 17:07:44";0;0
"user_4430";30;29;"2025-03-03 07:47:48";"2025-12-16 15:12:36";89.8;741.3333;1;30;"2025-03-03 07:47:48";"2025-12-16 15:12:36";14;0
"user_4431";25;25;"2025-03-06 13:26:18";"2025-12-24 06:14:50";87.32;698.36;1;25;"2025-03-06 13:26:18";"2025-12-24 06:14:50";6;0
"user_4432";39;39;"2025-03-09 09:19:35";"2025-12-28 11:30:26";87.4615;712.6667;1;39;"2025-03-09 09:19:35";"2025-12-28 11:30:26";2;0
"user_4433";48;47;"2025-02-21 16:49:55";"2025-12-23 07:25:24";88.3542;700.6042;2;48;"2025-02-21 16:49:55";"2025-12-23 07:25:24";7;0
"user_4434";17;17;"2025-01-20 20:11:36";"2025-12-28 20:18:46";100.7059;785.1765;1;17;"2025-01-20 20:11:36";"2025-12-28 20:18:46";2;0
"user_4435";75;63;"2025-02-15 11:56:52";"2025-10-16 04:58:58";91.4533;735.3333;1;75;"2025-02-15 11:56:52";"2025-10-16 04:58:58";75;1
"user_4436";69;57;"2025-02-13 12:36:35";"2025-08-23 11:43:40";91.0;737.2464;2;69;"2025-02-13 12:36:35";"2025-08-23 11:43:40";129;1
"user_4437";42;41;"2025-02-12 12:15:18";"2025-12-18 09:42:21";88.3571;711.7619;2;42;"2025-02-12 12:15:18";"2025-12-18 09:42:21";12;0
"user_4438";23;23;"2025-02-06 18:54:39";"2025-12-25 22:55:33";90.087;700.9565;2;23;"2025-02-06 18:54:39";"2025-12-25 22:55:33";5;0
"user_4439";22;22;"2025-01-02 13:07:08";"2025-12-11 02:21:22";91.1364;771.6364;2;22;"2025-01-02 13:07:08";"2025-12-11 02:21:22";19;0
"user_444";37;35;"2025-02-13 01:47:17";"2025-12-20 08:57:05";85.9189;695.6216;2;37;"2025-02-13 01:47:17";"2025-12-20 08:57:05";10;0
"user_4440";62;50;"2025-01-29 22:32:13";"2025-07-20 16:23:35";83.3548;680.0806;1;62;"2025-01-29 22:32:13";"2025-07-20 16:23:35";163;1
"user_4441";14;14;"2025-02-14 10:05:35";"2025-12-25 02:34:35";85.0714;648.2143;1;14;"2025-02-14 10:05:35";"2025-12-25 02:34:35";5;0
"user_4442";21;21;"2025-03-23 12:49:03";"2025-12-24 00:46:34";88.1905;770.5714;2;21;"2025-03-23 12:49:03";"2025-12-24 00:46:34";6;0
"user_4443";69;61;"2025-01-22 15:04:17";"2025-09-18 14:11:40";89.4348;710.9855;2;69;"2025-01-22 15:04:17";"2025-09-18 14:11:40";103;1
"user_4444";49;44;"2025-01-15 18:12:27";"2025-12-24 08:05:10";88.1633;692.3673;1;49;"2025-01-15 18:12:27";"2025-12-24 08:05:10";6;0
"user_4445";50;49;"2025-01-21 20:48:20";"2025-12-29 23:53:26";92.68;764.04;2;50;"2025-01-21 20:48:20";"2025-12-29 23:53:26";1;0
"user_4446";23;22;"2025-01-16 09:15:55";"2025-12-26 17:29:37";92.5217;705.8696;1;23;"2025-01-16 09:15:55";"2025-12-26 17:29:37";4;0
"user_4447";60;53;"2025-01-18 20:33:19";"2025-06-15 07:37:53";90.2333;716.5667;2;60;"2025-01-18 20:33:19";"2025-06-15 07:37:53";198;1
"user_4448";18;16;"2025-03-25 20:07:18";"2025-12-28 04:02:34";87.5556;655.0556;2;18;"2025-03-25 20:07:18";"2025-12-28 04:02:34";2;0
"user_4449";54;45;"2025-03-28 14:18:02";"2025-12-23 16:47:49";90.7222;736.2222;2;54;"2025-03-28 14:18:02";"2025-12-23 16:47:49";7;0
"user_445";25;22;"2025-03-17 01:35:13";"2025-11-24 13:25:06";87.96;723.48;1;25;"2025-03-17 01:35:13";"2025-11-24 13:25:06";36;1
"user_4450";30;30;"2025-01-23 07:30:19";"2025-12-30 12:21:30";93.4;778.7;2;30;"2025-01-23 07:30:19";"2025-12-30 12:21:30";0;0
"user_4451";43;41;"2025-02-13 00:14:42";"2025-12-28 09:46:48";89.5581;737.1163;2;43;"2025-02-13 00:14:42";"2025-12-28 09:46:48";2;0
"user_4452";43;41;"2025-02-17 12:27:20";"2025-12-30 13:23:47";91.7674;705.7907;1;43;"2025-02-17 12:27:20";"2025-12-30 13:23:47";0;0
"user_4453";30;30;"2025-01-14 11:08:23";"2025-12-18 08:11:42";88.2333;676.5667;1;30;"2025-01-14 11:08:23";"2025-12-18 08:11:42";12;0
"user_4454";25;25;"2025-02-16 07:46:14";"2025-12-17 03:50:36";90.08;724.8;2;25;"2025-02-16 07:46:14";"2025-12-17 03:50:36";13;0
"user_4455";20;20;"2025-02-26 09:31:59";"2025-12-19 12:43:48";96.55;775.5;2;20;"2025-02-26 09:31:59";"2025-12-19 12:43:48";11;0
"user_4456";61;55;"2025-01-15 07:52:50";"2025-07-22 05:14:47";87.6557;715.541;1;61;"2025-01-15 07:52:50";"2025-07-22 05:14:47";161;1
"user_4457";18;18;"2025-03-09 02:22:57";"2025-12-24 17:21:44";93.5;754.8333;1;18;"2025-03-09 02:22:57";"2025-12-24 17:21:44";6;0
"user_4458";77;65;"2025-01-26 23:04:22";"2025-09-12 05:02:44";88.1818;714.2857;1;77;"2025-01-26 23:04:22";"2025-09-12 05:02:44";109;1
"user_4459";45;41;"2025-02-09 19:17:21";"2025-12-29 11:23:59";90.0889;735.0;2;45;"2025-02-09 19:17:21";"2025-12-29 11:23:59";1;0
"user_446";13;13;"2025-04-02 00:18:03";"2025-11-29 18:41:05";92.3846;757.9231;2;13;"2025-04-02 00:18:03";"2025-11-29 18:41:05";31;1
"user_4460";50;46;"2025-01-27 16:06:12";"2025-12-25 15:40:01";85.8;650.8;1;50;"2025-01-27 16:06:12";"2025-12-25 15:40:01";5;0
"user_4461";63;59;"2025-01-05 07:46:54";"2025-12-23 12:42:11";91.9524;727.6984;1;63;"2025-01-05 07:46:54";"2025-12-23 12:42:11";7;0
"user_4462";39;36;"2025-02-02 02:52:04";"2025-12-24 09:55:01";89.3333;718.7179;1;39;"2025-02-02 02:52:04";"2025-12-24 09:55:01";6;0
"user_4463";10;9;"2025-03-29 13:52:46";"2025-10-01 07:24:23";86.8;734.7;2;10;"2025-03-29 13:52:46";"2025-10-01 07:24:23";90;1
"user_4464";115;96;"2025-01-16 16:24:28";"2025-11-27 14:11:23";90.2783;739.1043;1;115;"2025-01-16 16:24:28";"2025-11-27 14:11:23";33;1
"user_4465";25;23;"2025-01-22 00:42:50";"2025-12-11 03:15:59";88.28;707.76;2;25;"2025-01-22 00:42:50";"2025-12-11 03:15:59";19;0
"user_4466";41;40;"2025-01-17 04:07:04";"2025-12-24 17:24:23";87.3415;674.8293;1;41;"2025-01-17 04:07:04";"2025-12-24 17:24:23";6;0
"user_4467";68;60;"2025-01-11 13:47:37";"2025-07-26 18:09:13";88.1471;710.4265;2;68;"2025-01-11 13:47:37";"2025-07-26 18:09:13";157;1
"user_4468";81;71;"2025-01-20 12:21:11";"2025-10-03 01:57:37";92.6543;751.3704;1;81;"2025-01-20 12:21:11";"2025-10-03 01:57:37";88;1
"user_4469";11;10;"2025-02-17 01:26:35";"2025-12-15 02:59:10";87.2727;729.7273;1;11;"2025-02-17 01:26:35";"2025-12-15 02:59:10";15;0
"user_447";11;11;"2025-03-20 10:48:56";"2025-12-28 06:48:07";99.8182;837.4545;1;11;"2025-03-20 10:48:56";"2025-12-28 06:48:07";2;0
"user_4470";23;22;"2025-02-26 19:22:51";"2025-12-10 05:11:39";86.9565;695.7391;2;23;"2025-02-26 19:22:51";"2025-12-10 05:11:39";20;0
"user_4471";15;15;"2025-03-02 04:43:41";"2025-12-04 20:46:31";88.4667;684.5333;1;15;"2025-03-02 04:43:41";"2025-12-04 20:46:31";26;1
"user_4472";12;12;"2025-02-19 18:52:29";"2025-12-14 16:16:18";81.0833;675.3333;1;12;"2025-02-19 18:52:29";"2025-12-14 16:16:18";16;0
"user_4473";71;62;"2025-01-19 23:22:23";"2025-09-22 13:37:17";86.2113;671.5634;2;71;"2025-01-19 23:22:23";"2025-09-22 13:37:17";99;1
"user_4474";52;49;"2025-01-26 14:00:12";"2025-12-30 07:12:19";90.9423;746.3269;1;52;"2025-01-26 14:00:12";"2025-12-30 07:12:19";0;0
"user_4475";33;28;"2025-01-15 07:30:23";"2025-12-26 12:14:24";88.7576;691.9091;2;33;"2025-01-15 07:30:23";"2025-12-26 12:14:24";4;0
"user_4476";52;47;"2025-02-20 09:34:47";"2025-12-24 03:25:43";93.25;743.6731;2;52;"2025-02-20 09:34:47";"2025-12-24 03:25:43";6;0
"user_4477";44;42;"2025-02-19 02:04:07";"2025-12-21 04:50:48";91.4091;724.8409;1;44;"2025-02-19 02:04:07";"2025-12-21 04:50:48";9;0
"user_4478";60;57;"2025-01-26 04:26:50";"2025-12-23 16:14:41";88.0167;744.5;1;60;"2025-01-26 04:26:50";"2025-12-23 16:14:41";7;0
"user_4479";39;38;"2025-02-25 22:59:30";"2025-12-29 00:40:59";92.4872;736.7949;1;39;"2025-02-25 22:59:30";"2025-12-29 00:40:59";1;0
"user_448";21;20;"2025-03-04 17:37:32";"2025-12-05 01:38:05";87.8571;732.8571;2;21;"2025-03-04 17:37:32";"2025-12-05 01:38:05";25;1
"user_4480";56;52;"2025-02-03 14:03:07";"2025-12-27 09:01:48";93.5536;739.7321;2;56;"2025-02-03 14:03:07";"2025-12-27 09:01:48";3;0
"user_4481";85;69;"2025-01-14 17:01:41";"2025-10-02 16:07:23";89.7294;728.6941;1;85;"2025-01-14 17:01:41";"2025-10-02 16:07:23";89;1
"user_4482";56;52;"2025-01-20 15:41:51";"2025-12-27 01:34:27";86.5536;670.4464;2;56;"2025-01-20 15:41:51";"2025-12-27 01:34:27";3;0
"user_4483";51;48;"2025-01-15 00:53:45";"2025-12-21 10:54:05";87.451;722.549;1;51;"2025-01-15 00:53:45";"2025-12-21 10:54:05";9;0
"user_4484";61;56;"2025-02-19 05:01:20";"2025-12-28 03:21:28";88.918;702.3279;2;61;"2025-02-19 05:01:20";"2025-12-28 03:21:28";2;0
"user_4485";85;75;"2025-01-07 00:08:41";"2025-10-01 00:02:47";89.8471;695.8588;2;85;"2025-01-07 00:08:41";"2025-10-01 00:02:47";90;1
"user_4486";20;20;"2025-02-25 21:51:11";"2025-12-19 03:32:51";90.35;674.1;2;20;"2025-02-25 21:51:11";"2025-12-19 03:32:51";11;0
"user_4487";78;68;"2025-02-18 11:25:32";"2025-09-27 04:54:20";85.9744;700.0;2;78;"2025-02-18 11:25:32";"2025-09-27 04:54:20";94;1
"user_4488";55;51;"2025-02-17 08:01:15";"2025-12-30 12:12:53";90.0;726.3818;2;55;"2025-02-17 08:01:15";"2025-12-30 12:12:53";0;0
"user_4489";19;18;"2025-03-19 10:28:00";"2025-12-08 13:34:07";88.4211;699.1579;1;19;"2025-03-19 10:28:00";"2025-12-08 13:34:07";22;1
"user_449";47;44;"2025-02-18 07:57:08";"2025-12-14 14:50:59";86.383;699.9574;2;47;"2025-02-18 07:57:08";"2025-12-14 14:50:59";16;0
"user_4490";51;46;"2025-01-16 04:28:06";"2025-12-28 12:09:03";92.1961;737.6275;2;51;"2025-01-16 04:28:06";"2025-12-28 12:09:03";2;0
"user_4491";64;55;"2025-01-29 00:23:13";"2025-08-03 17:40:18";89.4688;739.4219;2;64;"2025-01-29 00:23:13";"2025-08-03 17:40:18";149;1
"user_4492";21;20;"2025-03-03 01:47:28";"2025-12-14 20:41:42";87.5238;700.381;1;21;"2025-03-03 01:47:28";"2025-12-14 20:41:42";16;0
"user_4493";49;46;"2025-02-23 15:47:43";"2025-12-27 13:21:55";85.5714;688.1837;1;49;"2025-02-23 15:47:43";"2025-12-27 13:21:55";3;0
"user_4494";33;30;"2025-01-29 18:14:51";"2025-12-20 22:58:33";92.0;739.5455;1;33;"2025-01-29 18:14:51";"2025-12-20 22:58:33";10;0
"user_4495";21;21;"2025-01-22 00:51:52";"2025-12-25 16:33:09";96.2381;777.4762;1;21;"2025-01-22 00:51:52";"2025-12-25 16:33:09";5;0
"user_4496";51;51;"2025-01-25 04:47:03";"2025-12-21 11:41:54";89.6863;715.451;2;51;"2025-01-25 04:47:03";"2025-12-21 11:41:54";9;0
"user_4497";49;45;"2025-02-28 21:36:07";"2025-12-25 14:52:41";90.3878;734.3469;2;49;"2025-02-28 21:36:07";"2025-12-25 14:52:41";5;0
"user_4498";63;56;"2025-01-26 08:15:09";"2025-09-03 18:29:49";88.6825;733.5873;2;63;"2025-01-26 08:15:09";"2025-09-03 18:29:49";118;1
"user_4499";78;63;"2025-01-13 08:36:16";"2025-07-16 08:35:08";85.8462;704.3077;1;78;"2025-01-13 08:36:16";"2025-07-16 08:35:08";167;1
"user_45";62;51;"2025-01-14 18:47:36";"2025-09-01 03:02:41";88.7419;710.8226;2;62;"2025-01-14 18:47:36";"2025-09-01 03:02:41";120;1
"user_450";81;71;"2025-02-11 10:01:10";"2025-11-28 20:47:29";88.4691;708.3951;2;81;"2025-02-11 10:01:10";"2025-11-28 20:47:29";32;1
"user_4500";41;37;"2025-02-21 10:42:06";"2025-12-26 23:31:02";93.4146;769.7317;2;41;"2025-02-21 10:42:06";"2025-12-26 23:31:02";4;0
"user_4501";39;38;"2025-02-25 17:52:44";"2025-12-21 12:29:45";87.1026;705.9744;1;39;"2025-02-25 17:52:44";"2025-12-21 12:29:45";9;0
"user_4502";56;53;"2025-01-12 14:45:19";"2025-12-18 19:45:20";92.4464;747.2321;1;56;"2025-01-12 14:45:19";"2025-12-18 19:45:20";12;0
"user_4503";70;58;"2025-02-23 06:51:27";"2025-10-06 04:03:58";85.0;684.0571;2;70;"2025-02-23 06:51:27";"2025-10-06 04:03:58";85;1
"user_4504";83;67;"2025-01-19 16:35:30";"2025-09-23 13:06:19";93.9759;770.1084;2;83;"2025-01-19 16:35:30";"2025-09-23 13:06:19";98;1
"user_4505";43;38;"2025-02-01 05:21:40";"2025-12-28 13:24:22";91.1395;738.8837;2;43;"2025-02-01 05:21:40";"2025-12-28 13:24:22";2;0
"user_4506";96;85;"2025-01-16 08:59:15";"2025-10-16 00:16:47";87.9688;709.5417;2;96;"2025-01-16 08:59:15";"2025-10-16 00:16:47";75;1
"user_4507";26;26;"2025-02-01 02:40:57";"2025-12-10 00:05:49";96.5;739.7308;2;26;"2025-02-01 02:40:57";"2025-12-10 00:05:49";20;0
"user_4508";67;57;"2025-02-25 04:18:52";"2025-09-01 00:22:49";93.2537;756.9701;1;67;"2025-02-25 04:18:52";"2025-09-01 00:22:49";120;1
"user_4509";43;41;"2025-03-02 11:05:40";"2025-12-29 03:32:30";88.6744;707.5349;2;43;"2025-03-02 11:05:40";"2025-12-29 03:32:30";1;0
"user_451";29;29;"2025-03-16 08:09:46";"2025-12-21 10:28:30";91.1379;684.8966;1;29;"2025-03-16 08:09:46";"2025-12-21 10:28:30";9;0
"user_4510";16;16;"2025-01-11 20:13:45";"2025-12-24 08:13:14";93.4375;721.4375;2;16;"2025-01-11 20:13:45";"2025-12-24 08:13:14";6;0
"user_4511";64;56;"2025-02-14 08:59:35";"2025-08-18 20:18:32";90.0625;714.5313;2;64;"2025-02-14 08:59:35";"2025-08-18 20:18:32";134;1
"user_4512";46;45;"2025-02-14 22:55:55";"2025-12-28 20:46:57";91.6304;739.3261;1;46;"2025-02-14 22:55:55";"2025-12-28 20:46:57";2;0
"user_4513";72;63;"2025-03-03 22:08:47";"2025-10-09 10:31:40";87.5556;703.1111;2;72;"2025-03-03 22:08:47";"2025-10-09 10:31:40";82;1
"user_4514";44;42;"2025-02-06 17:47:45";"2025-12-23 16:38:27";88.6591;712.6591;1;44;"2025-02-06 17:47:45";"2025-12-23 16:38:27";7;0
"user_4515";49;46;"2025-01-05 09:27:33";"2025-12-30 23:14:10";92.4694;761.551;1;49;"2025-01-05 09:27:33";"2025-12-30 23:14:10";0;0
"user_4516";40;39;"2025-03-06 10:14:33";"2025-12-23 09:33:33";91.075;730.3;1;40;"2025-03-06 10:14:33";"2025-12-23 09:33:33";7;0
"user_4517";37;34;"2025-01-24 05:46:56";"2025-12-19 11:18:58";87.1351;700.0541;1;37;"2025-01-24 05:46:56";"2025-12-19 11:18:58";11;0
"user_4518";21;21;"2025-03-15 11:19:03";"2025-12-11 03:47:59";88.2381;724.9524;2;21;"2025-03-15 11:19:03";"2025-12-11 03:47:59";19;0
"user_4519";64;51;"2025-02-26 22:07:32";"2025-08-11 23:47:47";90.1094;743.8438;2;64;"2025-02-26 22:07:32";"2025-08-11 23:47:47";141;1
"user_452";50;47;"2025-02-21 00:00:49";"2025-12-18 08:27:26";89.36;702.22;1;50;"2025-02-21 00:00:49";"2025-12-18 08:27:26";12;0
"user_4520";61;52;"2025-01-21 07:10:28";"2025-08-16 08:49:14";91.2459;724.2951;1;61;"2025-01-21 07:10:28";"2025-08-16 08:49:14";136;1
"user_4521";17;17;"2025-02-22 09:19:29";"2025-12-14 01:23:42";81.7059;650.7059;1;17;"2025-02-22 09:19:29";"2025-12-14 01:23:42";16;0
"user_4522";44;42;"2025-01-27 13:47:00";"2025-12-23 19:17:18";89.7727;702.9773;2;44;"2025-01-27 13:47:00";"2025-12-23 19:17:18";7;0
"user_4523";24;21;"2025-01-04 12:04:49";"2025-12-19 18:48:48";90.8333;703.9167;1;24;"2025-01-04 12:04:49";"2025-12-19 18:48:48";11;0
"user_4524";39;37;"2025-02-28 01:23:04";"2025-12-16 00:44:22";86.0;700.8718;1;39;"2025-02-28 01:23:04";"2025-12-16 00:44:22";14;0
"user_4525";27;26;"2025-03-13 02:07:08";"2025-11-29 07:56:44";93.7778;733.7778;1;27;"2025-03-13 02:07:08";"2025-11-29 07:56:44";31;1
"user_4526";55;53;"2025-01-23 08:20:09";"2025-12-29 20:34:41";88.6545;712.5273;1;55;"2025-01-23 08:20:09";"2025-12-29 20:34:41";1;0
"user_4527";24;23;"2025-01-06 18:15:40";"2025-12-05 14:46:11";89.2917;688.4167;1;24;"2025-01-06 18:15:40";"2025-12-05 14:46:11";25;1
"user_4528";20;19;"2025-02-01 00:10:53";"2025-12-30 04:42:33";88.25;699.65;2;20;"2025-02-01 00:10:53";"2025-12-30 04:42:33";0;0
"user_4529";45;41;"2025-01-21 20:15:05";"2025-12-10 22:44:39";93.4;721.4667;2;45;"2025-01-21 20:15:05";"2025-12-10 22:44:39";20;0
"user_453";38;36;"2025-02-16 11:50:02";"2025-12-26 01:24:55";80.9211;628.7368;1;38;"2025-02-16 11:50:02";"2025-12-26 01:24:55";4;0
"user_4530";89;74;"2025-01-21 00:28:22";"2025-09-03 00:55:41";89.6517;725.1348;1;89;"2025-01-21 00:28:22";"2025-09-03 00:55:41";118;1
"user_4531";88;77;"2025-02-26 10:42:09";"2025-12-02 12:36:49";92.4659;726.8977;2;88;"2025-02-26 10:42:09";"2025-12-02 12:36:49";28;1
"user_4532";74;61;"2025-01-18 19:09:02";"2025-08-02 12:38:17";88.4595;711.2568;1;74;"2025-01-18 19:09:02";"2025-08-02 12:38:17";150;1
"user_4533";62;57;"2025-02-17 06:27:28";"2025-09-10 07:16:24";91.9032;758.0323;1;62;"2025-02-17 06:27:28";"2025-09-10 07:16:24";111;1
"user_4534";47;45;"2025-03-01 06:43:06";"2025-12-28 21:05:22";92.9362;730.2979;2;47;"2025-03-01 06:43:06";"2025-12-28 21:05:22";2;0
"user_4535";62;58;"2025-01-07 12:18:25";"2025-12-30 09:39:09";89.4194;727.7742;1;62;"2025-01-07 12:18:25";"2025-12-30 09:39:09";0;0
"user_4536";47;44;"2025-03-07 12:19:10";"2025-12-29 19:21:43";87.6596;698.2128;1;47;"2025-03-07 12:19:10";"2025-12-29 19:21:43";1;0
"user_4537";36;35;"2025-02-20 18:37:58";"2025-12-11 05:26:44";80.3889;654.2778;1;36;"2025-02-20 18:37:58";"2025-12-11 05:26:44";19;0
"user_4538";43;40;"2025-02-09 01:13:31";"2025-12-12 08:01:59";91.3023;762.4419;1;43;"2025-02-09 01:13:31";"2025-12-12 08:01:59";18;0
"user_4539";68;61;"2025-01-10 08:58:03";"2025-08-21 15:02:30";93.1176;717.1912;1;68;"2025-01-10 08:58:03";"2025-08-21 15:02:30";131;1
"user_454";18;18;"2025-02-28 21:25:30";"2025-12-20 15:56:48";89.7778;700.7778;1;18;"2025-02-28 21:25:30";"2025-12-20 15:56:48";10;0
"user_4540";83;64;"2025-02-09 23:29:19";"2025-09-19 21:12:41";90.5181;745.2892;1;83;"2025-02-09 23:29:19";"2025-09-19 21:12:41";102;1
"user_4541";82;76;"2025-01-20 21:39:56";"2025-10-23 19:24:37";84.3293;682.3537;1;82;"2025-01-20 21:39:56";"2025-10-23 19:24:37";68;1
"user_4542";45;39;"2025-01-20 12:15:03";"2025-12-28 19:18:54";95.4;813.7556;2;45;"2025-01-20 12:15:03";"2025-12-28 19:18:54";2;0
"user_4543";61;49;"2025-01-10 08:42:36";"2025-07-22 10:17:44";86.4262;697.2131;2;61;"2025-01-10 08:42:36";"2025-07-22 10:17:44";161;1
"user_4544";92;85;"2025-03-01 13:43:39";"2025-12-01 02:28:34";89.5109;722.2283;2;92;"2025-03-01 13:43:39";"2025-12-01 02:28:34";29;1
"user_4545";63;60;"2025-01-30 07:00:52";"2025-12-13 06:43:13";87.5238;711.4762;1;63;"2025-01-30 07:00:52";"2025-12-13 06:43:13";17;0
"user_4546";24;23;"2025-02-28 02:24:16";"2025-11-14 02:14:24";97.25;762.0417;2;24;"2025-02-28 02:24:16";"2025-11-14 02:14:24";46;1
"user_4547";61;53;"2025-02-22 20:06:48";"2025-10-15 07:32:33";90.2623;727.4754;2;61;"2025-02-22 20:06:48";"2025-10-15 07:32:33";76;1
"user_4548";37;36;"2025-03-04 07:32:27";"2025-12-25 00:15:23";93.4324;778.3514;1;37;"2025-03-04 07:32:27";"2025-12-25 00:15:23";5;0
"user_4549";19;19;"2025-04-15 12:28:54";"2025-12-24 07:55:41";89.1579;708.8421;1;19;"2025-04-15 12:28:54";"2025-12-24 07:55:41";6;0
"user_455";94;81;"2025-03-02 18:01:57";"2025-10-31 15:02:23";86.0532;727.9043;2;94;"2025-03-02 18:01:57";"2025-10-31 15:02:23";60;1
"user_4550";33;31;"2025-01-12 07:38:20";"2025-12-28 17:23:55";91.2121;728.8182;2;33;"2025-01-12 07:38:20";"2025-12-28 17:23:55";2;0
"user_4551";19;17;"2025-01-30 03:08:40";"2025-12-05 04:46:27";91.9474;725.0;2;19;"2025-01-30 03:08:40";"2025-12-05 04:46:27";25;1
"user_4552";96;81;"2025-01-18 11:20:20";"2025-11-23 02:02:40";90.3021;743.4583;2;96;"2025-01-18 11:20:20";"2025-11-23 02:02:40";37;1
"user_4553";70;59;"2025-02-17 03:10:04";"2025-09-01 07:02:20";89.3;709.9714;1;70;"2025-02-17 03:10:04";"2025-09-01 07:02:20";120;1
"user_4554";19;19;"2025-01-16 07:08:04";"2025-11-30 07:19:54";84.8421;685.7368;2;19;"2025-01-16 07:08:04";"2025-11-30 07:19:54";30;1
"user_4555";43;38;"2025-01-15 00:44:10";"2025-12-20 10:47:44";85.3023;691.3256;1;43;"2025-01-15 00:44:10";"2025-12-20 10:47:44";10;0
"user_4556";44;38;"2025-02-27 02:23:13";"2025-12-20 10:28:06";92.8409;728.0682;2;44;"2025-02-27 02:23:13";"2025-12-20 10:28:06";10;0
"user_4557";27;26;"2025-02-23 03:30:42";"2025-12-20 06:29:07";93.1111;708.2593;1;27;"2025-02-23 03:30:42";"2025-12-20 06:29:07";10;0
"user_4558";23;22;"2025-03-16 15:35:49";"2025-12-24 06:49:57";94.5652;723.7391;2;23;"2025-03-16 15:35:49";"2025-12-24 06:49:57";6;0
"user_4559";21;21;"2025-01-25 09:04:13";"2025-11-09 22:50:59";82.2857;613.5238;1;21;"2025-01-25 09:04:13";"2025-11-09 22:50:59";51;1
"user_456";38;34;"2025-01-25 01:38:56";"2025-12-15 17:53:38";92.4737;758.6053;2;38;"2025-01-25 01:38:56";"2025-12-15 17:53:38";15;0
"user_4560";14;13;"2025-01-20 12:30:51";"2025-12-05 19:47:34";83.2143;691.0;2;14;"2025-01-20 12:30:51";"2025-12-05 19:47:34";25;1
"user_4561";24;22;"2025-01-17 10:51:15";"2025-12-19 01:18:40";82.4583;686.4167;1;24;"2025-01-17 10:51:15";"2025-12-19 01:18:40";11;0
"user_4562";67;60;"2025-02-10 01:33:24";"2025-08-15 23:04:58";90.5075;730.8209;1;67;"2025-02-10 01:33:24";"2025-08-15 23:04:58";137;1
"user_4563";18;18;"2025-03-05 03:35:39";"2025-12-23 03:03:14";85.3889;721.2778;2;18;"2025-03-05 03:35:39";"2025-12-23 03:03:14";7;0
"user_4564";82;66;"2025-02-27 23:58:21";"2025-12-23 15:09:39";90.2561;728.6463;1;82;"2025-02-27 23:58:21";"2025-12-23 15:09:39";7;0
"user_4565";119;108;"2025-01-31 17:59:03";"2025-12-29 19:09:28";90.1933;718.1597;1;119;"2025-01-31 17:59:03";"2025-12-29 19:09:28";1;0
"user_4566";12;11;"2025-03-04 23:51:13";"2025-12-10 05:37:11";82.25;679.75;1;12;"2025-03-04 23:51:13";"2025-12-10 05:37:11";20;0
"user_4567";77;69;"2025-02-18 17:51:42";"2025-11-10 22:12:05";88.2987;706.026;2;77;"2025-02-18 17:51:42";"2025-11-10 22:12:05";50;1
"user_4568";91;80;"2025-01-03 00:49:46";"2025-11-27 19:30:29";88.7582;716.3736;2;91;"2025-01-03 00:49:46";"2025-11-27 19:30:29";33;1
"user_4569";80;72;"2025-01-12 08:22:17";"2025-09-17 03:17:49";89.9125;700.875;2;80;"2025-01-12 08:22:17";"2025-09-17 03:17:49";104;1
"user_457";87;80;"2025-02-20 06:19:34";"2025-11-16 19:18:40";86.9655;697.046;2;87;"2025-02-20 06:19:34";"2025-11-16 19:18:40";44;1
"user_4570";26;24;"2025-01-20 16:24:20";"2025-12-16 20:45:02";84.6923;661.6538;1;26;"2025-01-20 16:24:20";"2025-12-16 20:45:02";14;0
"user_4571";50;48;"2025-02-07 20:18:57";"2025-12-24 12:38:16";91.78;742.48;2;50;"2025-02-07 20:18:57";"2025-12-24 12:38:16";6;0
"user_4572";28;25;"2025-02-06 11:56:12";"2025-11-18 16:33:52";86.9286;697.4286;2;28;"2025-02-06 11:56:12";"2025-11-18 16:33:52";42;1
"user_4573";94;79;"2025-01-30 04:12:29";"2025-12-27 10:10:23";91.1702;720.2021;2;94;"2025-01-30 04:12:29";"2025-12-27 10:10:23";3;0
"user_4574";20;19;"2025-01-27 18:06:31";"2025-12-25 01:25:35";84.7;674.95;1;20;"2025-01-27 18:06:31";"2025-12-25 01:25:35";5;0
"user_4575";24;23;"2025-02-03 07:01:03";"2025-12-08 17:17:16";87.0417;682.875;1;24;"2025-02-03 07:01:03";"2025-12-08 17:17:16";22;1
"user_4576";44;43;"2025-02-10 03:12:39";"2025-12-27 14:06:22";87.9545;717.7727;1;44;"2025-02-10 03:12:39";"2025-12-27 14:06:22";3;0
"user_4577";50;45;"2025-01-29 08:01:38";"2025-12-23 00:53:24";88.72;719.28;2;50;"2025-01-29 08:01:38";"2025-12-23 00:53:24";7;0
"user_4578";75;68;"2025-02-28 19:25:22";"2025-09-28 05:57:28";87.1733;718.2;2;75;"2025-02-28 19:25:22";"2025-09-28 05:57:28";93;1
"user_4579";17;17;"2025-02-06 03:08:18";"2025-12-21 17:56:02";95.8824;781.9412;1;17;"2025-02-06 03:08:18";"2025-12-21 17:56:02";9;0
"user_458";46;42;"2025-03-12 17:17:40";"2025-12-26 13:03:28";95.7174;728.8913;1;46;"2025-03-12 17:17:40";"2025-12-26 13:03:28";4;0
"user_4580";50;46;"2025-01-04 00:03:04";"2025-12-24 19:02:43";97.08;791.02;2;50;"2025-01-04 00:03:04";"2025-12-24 19:02:43";6;0
"user_4581";13;13;"2025-03-23 09:44:32";"2025-12-22 15:38:47";89.0;709.0;1;13;"2025-03-23 09:44:32";"2025-12-22 15:38:47";8;0
"user_4582";56;56;"2025-01-19 05:06:22";"2025-12-28 23:17:05";89.2321;684.2857;1;56;"2025-01-19 05:06:22";"2025-12-28 23:17:05";2;0
"user_4583";17;17;"2025-02-28 23:55:52";"2025-12-10 17:00:44";95.8235;789.0588;2;17;"2025-02-28 23:55:52";"2025-12-10 17:00:44";20;0
"user_4584";17;17;"2025-02-01 14:47:42";"2025-11-26 09:40:12";83.5294;663.6471;2;17;"2025-02-01 14:47:42";"2025-11-26 09:40:12";34;1
"user_4585";18;18;"2025-02-04 06:51:11";"2025-12-23 03:05:54";92.5;705.1111;1;18;"2025-02-04 06:51:11";"2025-12-23 03:05:54";7;0
"user_4586";15;14;"2025-02-23 16:14:12";"2025-12-15 00:59:25";97.4667;807.4667;1;15;"2025-02-23 16:14:12";"2025-12-15 00:59:25";15;0
"user_4587";37;37;"2025-03-11 02:28:29";"2025-12-18 12:58:07";88.5405;696.4595;2;37;"2025-03-11 02:28:29";"2025-12-18 12:58:07";12;0
"user_4588";94;75;"2025-01-03 16:11:28";"2025-08-24 12:45:07";90.6383;746.2447;1;94;"2025-01-03 16:11:28";"2025-08-24 12:45:07";128;1
"user_4589";23;23;"2025-02-15 07:39:21";"2025-12-23 17:50:05";80.6522;668.8261;1;23;"2025-02-15 07:39:21";"2025-12-23 17:50:05";7;0
"user_459";90;73;"2025-01-27 12:20:11";"2025-10-29 10:14:10";88.7889;730.9667;2;90;"2025-01-27 12:20:11";"2025-10-29 10:14:10";62;1
"user_4590";38;35;"2025-01-25 22:00:14";"2025-12-24 16:55:35";91.6316;730.8684;1;38;"2025-01-25 22:00:14";"2025-12-24 16:55:35";6;0
"user_4591";47;43;"2025-02-20 11:15:52";"2025-12-20 08:59:54";89.0638;728.3404;2;47;"2025-02-20 11:15:52";"2025-12-20 08:59:54";10;0
"user_4592";104;87;"2025-01-30 05:09:22";"2025-12-25 08:49:53";90.4135;722.9423;2;104;"2025-01-30 05:09:22";"2025-12-25 08:49:53";5;0
"user_4593";60;57;"2025-01-20 11:30:56";"2025-12-25 10:38:33";86.8667;696.6333;2;60;"2025-01-20 11:30:56";"2025-12-25 10:38:33";5;0
"user_4594";45;42;"2025-01-29 21:07:18";"2025-12-30 04:34:12";94.4;730.2667;2;45;"2025-01-29 21:07:18";"2025-12-30 04:34:12";0;0
"user_4595";43;40;"2025-02-21 20:07:14";"2025-12-25 00:50:48";96.814;769.2093;2;43;"2025-02-21 20:07:14";"2025-12-25 00:50:48";5;0
"user_4596";48;45;"2025-02-22 00:34:47";"2025-12-25 13:23:55";90.6875;728.5208;1;48;"2025-02-22 00:34:47";"2025-12-25 13:23:55";5;0
"user_4597";16;16;"2025-02-23 10:17:10";"2025-12-18 09:30:19";87.9375;701.0625;2;16;"2025-02-23 10:17:10";"2025-12-18 09:30:19";12;0
"user_4598";89;77;"2025-01-21 19:49:46";"2025-10-07 03:28:20";85.9101;690.4382;2;89;"2025-01-21 19:49:46";"2025-10-07 03:28:20";84;1
"user_4599";45;42;"2025-01-31 05:19:15";"2025-12-30 03:56:54";80.8667;619.8444;1;45;"2025-01-31 05:19:15";"2025-12-30 03:56:54";0;0
"user_46";35;32;"2025-01-15 12:53:55";"2025-12-15 15:28:11";85.2571;666.2;2;35;"2025-01-15 12:53:55";"2025-12-15 15:28:11";15;0
"user_460";77;69;"2025-01-23 07:39:21";"2025-09-06 19:56:45";85.026;671.0779;2;77;"2025-01-23 07:39:21";"2025-09-06 19:56:45";115;1
"user_4600";81;70;"2025-02-13 05:12:43";"2025-11-17 08:18:52";90.0494;729.5309;1;81;"2025-02-13 05:12:43";"2025-11-17 08:18:52";43;1
"user_4601";64;52;"2025-03-03 02:57:41";"2025-09-17 20:27:49";91.7656;761.3281;2;64;"2025-03-03 02:57:41";"2025-09-17 20:27:49";104;1
"user_4602";21;21;"2025-02-07 19:48:15";"2025-12-23 11:57:17";91.9048;759.2381;2;21;"2025-02-07 19:48:15";"2025-12-23 11:57:17";7;0
"user_4603";14;14;"2025-04-18 01:22:31";"2025-10-17 13:00:27";92.2857;716.0;2;14;"2025-04-18 01:22:31";"2025-10-17 13:00:27";74;1
"user_4604";57;51;"2025-01-27 16:21:46";"2025-12-30 04:55:31";90.4737;717.1053;1;57;"2025-01-27 16:21:46";"2025-12-30 04:55:31";0;0
"user_4605";26;24;"2025-01-17 05:59:37";"2025-12-25 19:21:22";86.2692;663.8846;2;26;"2025-01-17 05:59:37";"2025-12-25 19:21:22";5;0
"user_4606";6;6;"2025-02-13 04:10:09";"2025-12-05 13:26:23";89.5;635.0;1;6;"2025-02-13 04:10:09";"2025-12-05 13:26:23";25;1
"user_4607";24;22;"2025-02-09 04:47:29";"2025-12-30 04:19:06";89.25;710.1667;1;24;"2025-02-09 04:47:29";"2025-12-30 04:19:06";0;0
"user_4608";72;60;"2025-02-17 22:04:19";"2025-10-12 06:59:02";88.5972;701.8333;2;72;"2025-02-17 22:04:19";"2025-10-12 06:59:02";79;1
"user_4609";10;9;"2025-03-03 20:36:17";"2025-12-12 13:41:32";90.2;736.7;1;10;"2025-03-03 20:36:17";"2025-12-12 13:41:32";18;0
"user_461";97;82;"2025-02-26 02:11:04";"2025-11-18 02:04:15";85.5773;695.7629;1;97;"2025-02-26 02:11:04";"2025-11-18 02:04:15";42;1
"user_4610";40;40;"2025-03-14 15:58:27";"2025-12-14 19:49:29";88.6;700.925;2;40;"2025-03-14 15:58:27";"2025-12-14 19:49:29";16;0
"user_4611";42;41;"2025-01-08 08:35:43";"2025-12-20 15:27:19";84.0476;660.1429;1;42;"2025-01-08 08:35:43";"2025-12-20 15:27:19";10;0
"user_4612";82;71;"2025-01-01 12:26:49";"2025-07-07 04:47:59";91.8537;709.9756;2;82;"2025-01-01 12:26:49";"2025-07-07 04:47:59";176;1
"user_4613";46;43;"2025-02-24 23:10:07";"2025-12-30 15:00:38";90.3913;742.087;1;46;"2025-02-24 23:10:07";"2025-12-30 15:00:38";0;0
"user_4614";81;63;"2025-02-24 00:35:17";"2025-10-24 01:21:03";85.8765;699.1481;2;81;"2025-02-24 00:35:17";"2025-10-24 01:21:03";67;1
"user_4615";60;55;"2025-01-20 23:48:16";"2025-07-22 07:55:25";91.4333;722.5833;1;60;"2025-01-20 23:48:16";"2025-07-22 07:55:25";161;1
"user_4616";44;40;"2025-02-16 03:37:41";"2025-12-18 14:18:54";90.75;712.7273;2;44;"2025-02-16 03:37:41";"2025-12-18 14:18:54";12;0
"user_4617";29;28;"2025-02-20 14:19:09";"2025-12-22 21:24:56";88.931;709.931;1;29;"2025-02-20 14:19:09";"2025-12-22 21:24:56";8;0
"user_4618";17;15;"2025-01-29 17:38:22";"2025-12-19 17:08:10";85.5294;722.4706;2;17;"2025-01-29 17:38:22";"2025-12-19 17:08:10";11;0
"user_4619";46;45;"2025-01-18 02:13:54";"2025-12-26 14:34:10";89.3478;734.1522;2;46;"2025-01-18 02:13:54";"2025-12-26 14:34:10";4;0
"user_462";47;42;"2025-02-20 17:41:48";"2025-12-23 09:03:03";88.7872;710.4894;2;47;"2025-02-20 17:41:48";"2025-12-23 09:03:03";7;0
"user_4620";15;14;"2025-03-14 00:13:09";"2025-12-26 14:31:51";90.8667;732.3333;1;15;"2025-03-14 00:13:09";"2025-12-26 14:31:51";4;0
"user_4621";15;15;"2025-02-26 05:36:46";"2025-12-17 18:51:38";86.4;682.6;1;15;"2025-02-26 05:36:46";"2025-12-17 18:51:38";13;0
"user_4622";18;18;"2025-03-03 10:13:11";"2025-12-22 17:26:28";85.2778;702.8333;2;18;"2025-03-03 10:13:11";"2025-12-22 17:26:28";8;0
"user_4623";103;93;"2025-01-15 04:27:28";"2025-12-02 19:56:01";89.8738;707.068;1;103;"2025-01-15 04:27:28";"2025-12-02 19:56:01";28;1
"user_4624";26;26;"2025-02-20 14:40:12";"2025-12-17 18:07:39";90.0769;750.8077;1;26;"2025-02-20 14:40:12";"2025-12-17 18:07:39";13;0
"user_4625";21;21;"2025-02-02 05:14:46";"2025-12-03 09:59:09";89.0;705.8095;1;21;"2025-02-02 05:14:46";"2025-12-03 09:59:09";27;1
"user_4626";22;21;"2025-02-23 05:58:29";"2025-12-14 08:15:04";89.9091;707.3182;1;22;"2025-02-23 05:58:29";"2025-12-14 08:15:04";16;0
"user_4627";47;44;"2025-01-17 03:06:59";"2025-12-24 07:23:24";91.0426;724.3617;1;47;"2025-01-17 03:06:59";"2025-12-24 07:23:24";6;0
"user_4628";39;36;"2025-02-15 15:09:07";"2025-12-16 14:40:34";84.0256;680.5128;2;39;"2025-02-15 15:09:07";"2025-12-16 14:40:34";14;0
"user_4629";55;51;"2025-02-20 11:40:40";"2025-12-11 19:05:47";89.2;720.6182;1;55;"2025-02-20 11:40:40";"2025-12-11 19:05:47";19;0
"user_463";22;22;"2025-01-22 14:13:30";"2025-12-20 19:34:01";88.0909;677.0455;2;22;"2025-01-22 14:13:30";"2025-12-20 19:34:01";10;0
"user_4630";46;43;"2025-01-15 11:33:09";"2025-12-29 22:10:31";91.7174;731.1739;2;46;"2025-01-15 11:33:09";"2025-12-29 22:10:31";1;0
"user_4631";94;82;"2025-02-24 22:33:04";"2025-12-13 05:42:06";87.7872;713.1489;2;94;"2025-02-24 22:33:04";"2025-12-13 05:42:06";17;0
"user_4632";47;44;"2025-02-21 07:47:40";"2025-12-23 02:15:09";85.6596;691.0638;1;47;"2025-02-21 07:47:40";"2025-12-23 02:15:09";7;0
"user_4633";22;21;"2025-02-24 12:03:11";"2025-12-30 09:24:48";84.1818;667.5;1;22;"2025-02-24 12:03:11";"2025-12-30 09:24:48";0;0
"user_4634";13;13;"2025-03-10 11:25:28";"2025-11-28 22:36:22";98.5385;758.8462;1;13;"2025-03-10 11:25:28";"2025-11-28 22:36:22";32;1
"user_4635";63;54;"2025-02-02 22:56:26";"2025-08-12 14:32:19";85.4286;693.6984;2;63;"2025-02-02 22:56:26";"2025-08-12 14:32:19";140;1
"user_4636";14;13;"2025-02-26 17:04:58";"2025-11-03 12:47:46";86.0;660.2143;2;14;"2025-02-26 17:04:58";"2025-11-03 12:47:46";57;1
"user_4637";49;45;"2025-02-02 18:47:21";"2025-12-26 12:44:02";85.1224;691.9184;2;49;"2025-02-02 18:47:21";"2025-12-26 12:44:02";4;0
"user_4638";31;29;"2025-01-19 15:03:29";"2025-12-30 00:34:07";91.3548;726.0;1;31;"2025-01-19 15:03:29";"2025-12-30 00:34:07";0;0
"user_4639";29;29;"2025-01-12 19:38:30";"2025-12-26 12:14:18";94.8276;805.8276;1;29;"2025-01-12 19:38:30";"2025-12-26 12:14:18";4;0
"user_464";55;52;"2025-01-15 01:12:50";"2025-12-17 11:42:30";87.0364;707.8909;2;55;"2025-01-15 01:12:50";"2025-12-17 11:42:30";13;0
"user_4640";20;20;"2025-02-19 01:48:45";"2025-12-16 18:27:55";86.75;716.4;2;20;"2025-02-19 01:48:45";"2025-12-16 18:27:55";14;0
"user_4641";26;26;"2025-02-10 06:17:46";"2025-12-27 09:15:32";88.5769;716.5385;1;26;"2025-02-10 06:17:46";"2025-12-27 09:15:32";3;0
"user_4642";59;52;"2025-02-12 08:34:32";"2025-12-30 20:53:27";92.4746;736.2881;2;59;"2025-02-12 08:34:32";"2025-12-30 20:53:27";0;0
"user_4643";21;21;"2025-02-14 09:40:49";"2025-10-05 22:08:46";88.8571;738.2857;2;21;"2025-02-14 09:40:49";"2025-10-05 22:08:46";86;1
"user_4644";61;52;"2025-02-19 01:34:44";"2025-08-29 17:46:17";87.3115;743.7541;1;61;"2025-02-19 01:34:44";"2025-08-29 17:46:17";123;1
"user_4645";13;12;"2025-03-02 04:16:49";"2025-12-24 02:48:04";85.6923;655.3077;2;13;"2025-03-02 04:16:49";"2025-12-24 02:48:04";6;0
"user_4646";28;26;"2025-02-04 07:39:49";"2025-12-29 23:35:24";89.8929;719.8214;1;28;"2025-02-04 07:39:49";"2025-12-29 23:35:24";1;0
"user_4647";18;18;"2025-02-28 14:03:40";"2025-12-05 23:03:02";96.3333;777.3333;2;18;"2025-02-28 14:03:40";"2025-12-05 23:03:02";25;1
"user_4648";60;48;"2025-02-21 20:49:45";"2025-08-07 04:09:06";90.3167;735.3167;1;60;"2025-02-21 20:49:45";"2025-08-07 04:09:06";145;1
"user_4649";13;12;"2025-01-31 19:53:07";"2025-11-08 07:07:29";95.7692;773.3077;2;13;"2025-01-31 19:53:07";"2025-11-08 07:07:29";52;1
"user_465";16;14;"2025-02-08 08:24:40";"2025-12-22 05:27:30";99.375;833.25;1;16;"2025-02-08 08:24:40";"2025-12-22 05:27:30";8;0
"user_4650";66;59;"2025-01-28 01:41:11";"2025-07-23 19:05:48";91.2121;732.803;1;66;"2025-01-28 01:41:11";"2025-07-23 19:05:48";160;1
"user_4651";63;50;"2025-01-14 13:28:10";"2025-07-18 11:18:40";88.5873;705.0952;2;63;"2025-01-14 13:28:10";"2025-07-18 11:18:40";165;1
"user_4652";22;21;"2025-04-12 01:08:49";"2025-12-28 14:22:42";95.0909;779.0455;2;22;"2025-04-12 01:08:49";"2025-12-28 14:22:42";2;0
"user_4653";49;45;"2025-02-02 13:40:29";"2025-12-19 04:58:04";86.4286;659.2041;1;49;"2025-02-02 13:40:29";"2025-12-19 04:58:04";11;0
"user_4654";26;25;"2025-01-30 09:58:20";"2025-12-25 01:18:41";87.3462;693.0;2;26;"2025-01-30 09:58:20";"2025-12-25 01:18:41";5;0
"user_4655";60;52;"2025-01-03 08:57:19";"2025-12-25 14:10:36";85.8167;670.2;1;60;"2025-01-03 08:57:19";"2025-12-25 14:10:36";5;0
"user_4656";100;86;"2025-03-01 12:16:39";"2025-12-24 21:39:11";92.86;762.98;2;100;"2025-03-01 12:16:39";"2025-12-24 21:39:11";6;0
"user_4657";19;17;"2025-02-28 09:55:10";"2025-12-30 20:26:40";85.4737;673.5789;1;19;"2025-02-28 09:55:10";"2025-12-30 20:26:40";0;0
"user_4658";46;46;"2025-03-23 12:27:27";"2025-12-27 21:26:32";92.2826;725.7609;1;46;"2025-03-23 12:27:27";"2025-12-27 21:26:32";3;0
"user_4659";60;53;"2025-02-04 20:05:44";"2025-07-17 11:11:47";89.2333;706.0833;1;60;"2025-02-04 20:05:44";"2025-07-17 11:11:47";166;1
"user_466";36;32;"2025-01-04 06:56:19";"2025-12-26 10:08:59";89.6667;707.25;2;36;"2025-01-04 06:56:19";"2025-12-26 10:08:59";4;0
"user_4660";34;34;"2025-02-23 22:08:34";"2025-12-27 09:05:04";84.0294;704.4706;2;34;"2025-02-23 22:08:34";"2025-12-27 09:05:04";3;0
"user_4661";45;44;"2025-01-29 00:52:05";"2025-12-26 20:44:25";90.9778;721.7111;1;45;"2025-01-29 00:52:05";"2025-12-26 20:44:25";4;0
"user_4662";46;44;"2025-02-03 17:06:58";"2025-12-29 23:00:43";92.9565;719.5217;2;46;"2025-02-03 17:06:58";"2025-12-29 23:00:43";1;0
"user_4663";53;48;"2025-01-23 01:15:56";"2025-12-30 14:26:54";81.2642;649.566;2;53;"2025-01-23 01:15:56";"2025-12-30 14:26:54";0;0
"user_4664";16;15;"2025-03-08 08:06:17";"2025-11-21 16:46:28";77.1875;619.8125;2;16;"2025-03-08 08:06:17";"2025-11-21 16:46:28";39;1
"user_4665";23;23;"2025-02-04 13:26:50";"2025-12-22 22:08:43";89.8261;705.3913;2;23;"2025-02-04 13:26:50";"2025-12-22 22:08:43";8;0
"user_4666";25;24;"2025-01-22 16:30:35";"2025-12-29 06:16:33";83.24;656.0;1;25;"2025-01-22 16:30:35";"2025-12-29 06:16:33";1;0
"user_4667";85;77;"2025-02-04 16:58:09";"2025-10-16 13:21:59";90.7059;719.7176;1;85;"2025-02-04 16:58:09";"2025-10-16 13:21:59";75;1
"user_4668";20;20;"2025-04-18 07:41:36";"2025-12-11 23:36:02";90.15;743.5;2;20;"2025-04-18 07:41:36";"2025-12-11 23:36:02";19;0
"user_4669";21;21;"2025-02-17 09:58:26";"2025-12-13 14:05:45";86.9524;711.2381;1;21;"2025-02-17 09:58:26";"2025-12-13 14:05:45";17;0
"user_467";70;59;"2025-01-20 07:04:47";"2025-07-30 16:18:32";91.5857;723.3714;1;70;"2025-01-20 07:04:47";"2025-07-30 16:18:32";153;1
"user_4670";15;15;"2025-03-23 22:00:07";"2025-12-21 10:34:09";91.6;743.9333;1;15;"2025-03-23 22:00:07";"2025-12-21 10:34:09";9;0
"user_4671";56;50;"2025-01-05 17:29:03";"2025-12-28 23:35:25";94.0357;751.4107;2;56;"2025-01-05 17:29:03";"2025-12-28 23:35:25";2;0
"user_4672";21;21;"2025-03-10 01:10:01";"2025-12-24 04:13:46";85.1429;736.8095;2;21;"2025-03-10 01:10:01";"2025-12-24 04:13:46";6;0
"user_4673";27;26;"2025-01-05 17:49:11";"2025-12-04 23:06:08";92.5926;743.4444;2;27;"2025-01-05 17:49:11";"2025-12-04 23:06:08";26;1
"user_4674";64;57;"2025-03-05 14:09:31";"2025-09-19 15:43:34";88.75;714.5156;1;64;"2025-03-05 14:09:31";"2025-09-19 15:43:34";102;1
"user_4675";60;54;"2025-01-22 04:41:59";"2025-12-30 13:45:02";90.0;721.25;1;60;"2025-01-22 04:41:59";"2025-12-30 13:45:02";0;0
"user_4676";28;26;"2025-02-19 13:22:38";"2025-12-18 14:33:12";90.9286;737.5;1;28;"2025-02-19 13:22:38";"2025-12-18 14:33:12";12;0
"user_4677";77;66;"2025-01-22 23:51:07";"2025-09-08 18:21:58";90.6104;731.1169;1;77;"2025-01-22 23:51:07";"2025-09-08 18:21:58";113;1
"user_4678";11;11;"2025-02-16 23:29:59";"2025-12-17 17:52:34";85.6364;716.2727;1;11;"2025-02-16 23:29:59";"2025-12-17 17:52:34";13;0
"user_4679";25;24;"2025-03-09 18:41:57";"2025-12-26 21:08:49";91.0;738.88;1;25;"2025-03-09 18:41:57";"2025-12-26 21:08:49";4;0
"user_468";21;21;"2025-03-06 00:10:31";"2025-12-05 08:40:07";88.9524;750.381;2;21;"2025-03-06 00:10:31";"2025-12-05 08:40:07";25;1
"user_4680";54;49;"2025-02-06 19:30:02";"2025-12-21 19:08:12";86.7778;698.3519;2;54;"2025-02-06 19:30:02";"2025-12-21 19:08:12";9;0
"user_4681";66;59;"2025-03-05 19:55:40";"2025-10-06 22:45:00";89.9848;675.3788;2;66;"2025-03-05 19:55:40";"2025-10-06 22:45:00";85;1
"user_4682";111;100;"2025-01-21 23:34:21";"2025-12-29 11:41:15";88.7297;692.6036;1;111;"2025-01-21 23:34:21";"2025-12-29 11:41:15";1;0
"user_4683";18;17;"2025-02-16 14:29:14";"2025-12-28 03:29:47";94.2778;746.0556;2;18;"2025-02-16 14:29:14";"2025-12-28 03:29:47";2;0
"user_4684";60;53;"2025-03-01 02:13:48";"2025-09-18 12:09:52";89.2167;708.7667;1;60;"2025-03-01 02:13:48";"2025-09-18 12:09:52";103;1
"user_4685";30;27;"2025-02-23 18:05:11";"2025-12-23 21:11:55";91.5;715.8333;1;30;"2025-02-23 18:05:11";"2025-12-23 21:11:55";7;0
"user_4686";39;36;"2025-01-13 06:59:34";"2025-12-19 03:33:28";84.5641;679.5641;2;39;"2025-01-13 06:59:34";"2025-12-19 03:33:28";11;0
"user_4687";119;100;"2025-02-03 08:29:40";"2025-12-30 22:26:39";88.4034;697.605;1;119;"2025-02-03 08:29:40";"2025-12-30 22:26:39";0;0
"user_4688";106;91;"2025-01-05 14:13:40";"2025-12-23 23:53:43";91.717;735.8962;1;106;"2025-01-05 14:13:40";"2025-12-23 23:53:43";7;0
"user_4689";34;32;"2025-03-09 18:00:30";"2025-11-28 23:46:59";87.8824;717.0;1;34;"2025-03-09 18:00:30";"2025-11-28 23:46:59";32;1
"user_469";86;76;"2025-02-18 23:34:03";"2025-12-28 13:53:36";90.7791;707.5698;2;86;"2025-02-18 23:34:03";"2025-12-28 13:53:36";2;0
"user_4690";13;13;"2025-01-30 13:16:49";"2025-12-11 19:11:21";90.6923;721.6923;2;13;"2025-01-30 13:16:49";"2025-12-11 19:11:21";19;0
"user_4691";56;51;"2025-01-10 12:02:49";"2025-12-29 13:08:55";87.5;693.2679;2;56;"2025-01-10 12:02:49";"2025-12-29 13:08:55";1;0
"user_4692";48;43;"2025-01-19 01:52:09";"2025-12-24 10:32:58";87.3333;693.375;1;48;"2025-01-19 01:52:09";"2025-12-24 10:32:58";6;0
"user_4693";36;34;"2025-03-09 02:03:57";"2025-12-14 01:33:30";89.2778;729.9722;2;36;"2025-03-09 02:03:57";"2025-12-14 01:33:30";16;0
"user_4694";46;45;"2025-01-08 09:10:08";"2025-12-30 20:00:14";85.5652;703.0652;1;46;"2025-01-08 09:10:08";"2025-12-30 20:00:14";0;0
"user_4695";38;35;"2025-02-10 21:44:30";"2025-12-11 15:35:49";88.9737;720.6053;2;38;"2025-02-10 21:44:30";"2025-12-11 15:35:49";19;0
"user_4696";12;11;"2025-01-18 00:12:44";"2025-12-24 00:41:11";87.75;738.1667;2;12;"2025-01-18 00:12:44";"2025-12-24 00:41:11";6;0
"user_4697";62;54;"2025-02-03 01:40:31";"2025-12-24 21:22:56";83.4839;668.2097;1;62;"2025-02-03 01:40:31";"2025-12-24 21:22:56";6;0
"user_4698";44;42;"2025-02-27 08:16:08";"2025-12-30 23:03:49";89.2273;712.5909;1;44;"2025-02-27 08:16:08";"2025-12-30 23:03:49";0;0
"user_4699";76;67;"2025-01-06 09:06:49";"2025-07-13 09:22:57";88.6974;731.8158;2;76;"2025-01-06 09:06:49";"2025-07-13 09:22:57";170;1
"user_47";44;39;"2025-01-25 11:30:24";"2025-12-27 13:20:44";88.7045;677.1136;2;44;"2025-01-25 11:30:24";"2025-12-27 13:20:44";3;0
"user_470";21;21;"2025-01-31 12:03:12";"2025-12-29 11:21:05";87.4762;704.2381;1;21;"2025-01-31 12:03:12";"2025-12-29 11:21:05";1;0
"user_4700";10;10;"2025-04-20 11:18:06";"2025-12-22 22:21:06";79.0;636.6;2;10;"2025-04-20 11:18:06";"2025-12-22 22:21:06";8;0
"user_4701";78;67;"2025-02-07 01:21:21";"2025-09-06 07:11:02";92.5;722.7308;2;78;"2025-02-07 01:21:21";"2025-09-06 07:11:02";115;1
"user_4702";62;52;"2025-02-28 22:01:35";"2025-09-07 09:06:36";91.6613;701.5323;2;62;"2025-02-28 22:01:35";"2025-09-07 09:06:36";114;1
"user_4703";23;23;"2025-01-26 00:11:46";"2025-12-27 10:13:04";89.5217;729.087;1;23;"2025-01-26 00:11:46";"2025-12-27 10:13:04";3;0
"user_4704";63;56;"2025-01-04 17:20:22";"2025-12-26 08:43:00";88.8254;731.1587;1;63;"2025-01-04 17:20:22";"2025-12-26 08:43:00";4;0
"user_4705";53;47;"2025-01-04 07:44:18";"2025-12-06 06:31:05";87.9811;724.7358;2;53;"2025-01-04 07:44:18";"2025-12-06 06:31:05";24;1
"user_4706";42;39;"2025-02-18 06:58:13";"2025-12-26 01:05:37";94.2381;744.5476;2;42;"2025-02-18 06:58:13";"2025-12-26 01:05:37";4;0
"user_4707";24;22;"2025-02-25 21:40:59";"2025-12-27 17:07:28";91.2917;710.2083;2;24;"2025-02-25 21:40:59";"2025-12-27 17:07:28";3;0
"user_4708";88;74;"2025-02-05 03:25:10";"2025-10-02 11:08:19";88.0455;691.8295;2;88;"2025-02-05 03:25:10";"2025-10-02 11:08:19";89;1
"user_4709";19;19;"2025-02-08 11:11:05";"2025-12-14 23:41:45";92.8947;758.4211;1;19;"2025-02-08 11:11:05";"2025-12-14 23:41:45";16;0
"user_471";60;49;"2025-02-06 14:53:38";"2025-08-04 19:13:57";87.4667;686.05;1;60;"2025-02-06 14:53:38";"2025-08-04 19:13:57";148;1
"user_4710";47;43;"2025-02-03 05:20:23";"2025-11-22 06:26:30";86.2553;680.1915;1;47;"2025-02-03 05:20:23";"2025-11-22 06:26:30";38;1
"user_4711";64;57;"2025-01-13 03:58:32";"2025-12-07 22:07:41";90.0469;693.1563;1;64;"2025-01-13 03:58:32";"2025-12-07 22:07:41";23;1
"user_4712";58;50;"2025-01-21 19:15:09";"2025-12-30 19:41:03";87.8793;700.2586;2;58;"2025-01-21 19:15:09";"2025-12-30 19:41:03";0;0
"user_4713";68;65;"2025-01-16 07:48:01";"2025-08-05 22:35:04";88.6618;715.2206;1;68;"2025-01-16 07:48:01";"2025-08-05 22:35:04";147;1
"user_4714";32;30;"2025-02-01 01:24:03";"2025-12-13 08:21:31";92.3125;750.8125;1;32;"2025-02-01 01:24:03";"2025-12-13 08:21:31";17;0
"user_4715";51;48;"2025-02-19 19:11:10";"2025-12-23 06:41:03";90.6667;710.3333;2;51;"2025-02-19 19:11:10";"2025-12-23 06:41:03";7;0
"user_4716";52;47;"2025-03-07 17:07:15";"2025-12-23 03:48:59";90.3269;723.2692;2;52;"2025-03-07 17:07:15";"2025-12-23 03:48:59";7;0
"user_4717";56;52;"2025-02-26 03:52:10";"2025-12-26 00:12:44";87.3929;709.375;1;56;"2025-02-26 03:52:10";"2025-12-26 00:12:44";4;0
"user_4718";12;12;"2025-03-11 15:57:45";"2025-12-09 01:33:04";97.25;784.1667;1;12;"2025-03-11 15:57:45";"2025-12-09 01:33:04";21;0
"user_4719";47;45;"2025-01-29 01:48:44";"2025-12-30 19:29:33";87.383;721.2766;1;47;"2025-01-29 01:48:44";"2025-12-30 19:29:33";0;0
"user_472";11;11;"2025-01-16 15:14:05";"2025-11-27 03:09:57";86.9091;700.0909;1;11;"2025-01-16 15:14:05";"2025-11-27 03:09:57";33;1
"user_4720";13;13;"2025-02-28 05:13:15";"2025-12-30 16:06:13";89.2308;739.4615;2;13;"2025-02-28 05:13:15";"2025-12-30 16:06:13";0;0
"user_4721";43;42;"2025-02-02 15:23:54";"2025-12-15 21:28:01";93.6279;745.7442;2;43;"2025-02-02 15:23:54";"2025-12-15 21:28:01";15;0
"user_4722";92;80;"2025-02-21 09:54:46";"2025-12-28 12:51:32";89.6957;718.8913;1;92;"2025-02-21 09:54:46";"2025-12-28 12:51:32";2;0
"user_4723";83;72;"2025-02-13 04:31:00";"2025-09-26 22:43:51";93.012;722.9518;1;83;"2025-02-13 04:31:00";"2025-09-26 22:43:51";95;1
"user_4724";46;43;"2025-02-13 22:23:50";"2025-12-30 19:11:23";90.2391;722.0652;2;46;"2025-02-13 22:23:50";"2025-12-30 19:11:23";0;0
"user_4725";116;102;"2025-01-05 21:24:18";"2025-12-30 19:16:00";91.9397;739.4741;1;116;"2025-01-05 21:24:18";"2025-12-30 19:16:00";0;0
"user_4726";77;63;"2025-02-12 19:38:18";"2025-10-07 23:15:10";90.1688;737.2338;1;77;"2025-02-12 19:38:18";"2025-10-07 23:15:10";84;1
"user_4727";19;19;"2025-03-02 15:42:42";"2025-12-30 11:31:49";92.3158;700.5263;2;19;"2025-03-02 15:42:42";"2025-12-30 11:31:49";0;0
"user_4728";27;27;"2025-01-13 00:51:09";"2025-12-28 01:45:27";92.8519;706.0741;2;27;"2025-01-13 00:51:09";"2025-12-28 01:45:27";2;0
"user_4729";21;20;"2025-03-05 20:01:02";"2025-12-21 18:15:56";91.5714;725.0476;2;21;"2025-03-05 20:01:02";"2025-12-21 18:15:56";9;0
"user_473";89;74;"2025-01-22 04:36:09";"2025-12-27 06:01:51";86.618;683.6292;1;89;"2025-01-22 04:36:09";"2025-12-27 06:01:51";3;0
"user_4730";84;69;"2025-02-22 12:35:51";"2025-10-23 05:06:05";87.6071;714.5833;2;84;"2025-02-22 12:35:51";"2025-10-23 05:06:05";68;1
"user_4731";65;53;"2025-01-26 23:59:08";"2025-08-15 00:12:32";89.1692;705.8923;2;65;"2025-01-26 23:59:08";"2025-08-15 00:12:32";137;1
"user_4732";84;75;"2025-01-21 23:30:16";"2025-10-24 20:54:01";88.5238;715.5119;1;84;"2025-01-21 23:30:16";"2025-10-24 20:54:01";67;1
"user_4733";22;21;"2025-02-11 19:55:28";"2025-12-28 09:33:28";90.2727;706.5455;2;22;"2025-02-11 19:55:28";"2025-12-28 09:33:28";2;0
"user_4734";9;8;"2025-04-28 04:06:10";"2025-12-26 01:25:03";88.0;772.8889;1;9;"2025-04-28 04:06:10";"2025-12-26 01:25:03";4;0
"user_4735";63;57;"2025-01-19 20:49:19";"2025-12-29 19:39:01";89.6032;720.5238;1;63;"2025-01-19 20:49:19";"2025-12-29 19:39:01";1;0
"user_4736";62;51;"2025-01-29 04:17:49";"2025-08-05 07:50:45";86.8226;694.9839;2;62;"2025-01-29 04:17:49";"2025-08-05 07:50:45";147;1
"user_4737";45;43;"2025-02-26 04:48:48";"2025-12-20 21:10:13";83.9556;672.0889;2;45;"2025-02-26 04:48:48";"2025-12-20 21:10:13";10;0
"user_4738";54;48;"2025-02-07 02:06:42";"2025-12-27 00:49:11";88.0741;710.463;2;54;"2025-02-07 02:06:42";"2025-12-27 00:49:11";3;0
"user_4739";52;50;"2025-01-05 11:34:01";"2025-12-28 05:45:34";90.9615;715.6731;1;52;"2025-01-05 11:34:01";"2025-12-28 05:45:34";2;0
"user_474";11;10;"2025-03-26 07:14:52";"2025-12-22 15:21:34";83.6364;670.8182;2;11;"2025-03-26 07:14:52";"2025-12-22 15:21:34";8;0
"user_4740";53;51;"2025-02-07 08:22:24";"2025-12-30 13:49:02";90.3774;706.9811;1;53;"2025-02-07 08:22:24";"2025-12-30 13:49:02";0;0
"user_4741";21;20;"2025-02-08 04:18:13";"2025-12-24 11:28:49";89.3333;719.1905;2;21;"2025-02-08 04:18:13";"2025-12-24 11:28:49";6;0
"user_4742";71;56;"2025-02-21 23:20:07";"2025-08-06 13:56:22";86.662;694.7183;1;71;"2025-02-21 23:20:07";"2025-08-06 13:56:22";146;1
"user_4743";65;53;"2025-01-25 21:38:58";"2025-07-21 15:15:25";92.5385;758.1846;1;65;"2025-01-25 21:38:58";"2025-07-21 15:15:25";162;1
"user_4744";16;15;"2025-01-18 18:47:07";"2025-12-04 21:28:22";94.375;745.9375;1;16;"2025-01-18 18:47:07";"2025-12-04 21:28:22";26;1
"user_4745";114;101;"2025-01-13 14:22:31";"2025-12-27 12:14:56";89.6316;716.1404;1;114;"2025-01-13 14:22:31";"2025-12-27 12:14:56";3;0
"user_4746";65;53;"2025-01-04 08:31:52";"2025-07-12 04:45:56";92.9231;780.8769;1;65;"2025-01-04 08:31:52";"2025-07-12 04:45:56";171;1
"user_4747";95;85;"2025-01-11 04:27:25";"2025-10-23 18:12:10";90.9263;736.6632;2;95;"2025-01-11 04:27:25";"2025-10-23 18:12:10";68;1
"user_4748";64;53;"2025-02-18 04:04:56";"2025-09-05 01:11:22";88.3125;712.1563;2;64;"2025-02-18 04:04:56";"2025-09-05 01:11:22";116;1
"user_4749";44;42;"2025-02-03 20:10:17";"2025-12-21 21:12:34";86.8864;723.1136;2;44;"2025-02-03 20:10:17";"2025-12-21 21:12:34";9;0
"user_475";58;57;"2025-01-22 14:48:40";"2025-12-29 03:57:04";90.3621;735.1379;1;58;"2025-01-22 14:48:40";"2025-12-29 03:57:04";1;0
"user_4750";26;25;"2025-02-07 07:41:56";"2025-12-23 18:13:45";87.5385;687.5385;2;26;"2025-02-07 07:41:56";"2025-12-23 18:13:45";7;0
"user_4751";41;41;"2025-01-31 10:18:02";"2025-11-22 17:20:22";92.3171;752.5854;2;41;"2025-01-31 10:18:02";"2025-11-22 17:20:22";38;1
"user_4752";55;50;"2025-02-17 00:03:05";"2025-12-25 01:13:29";87.7273;713.4727;1;55;"2025-02-17 00:03:05";"2025-12-25 01:13:29";5;0
"user_4753";19;18;"2025-03-22 10:48:50";"2025-12-09 18:56:06";88.5263;737.8421;2;19;"2025-03-22 10:48:50";"2025-12-09 18:56:06";21;0
"user_4754";57;49;"2025-01-11 22:58:09";"2025-12-28 12:09:07";90.2105;728.1228;2;57;"2025-01-11 22:58:09";"2025-12-28 12:09:07";2;0
"user_4755";16;16;"2025-02-21 20:55:43";"2025-12-15 09:26:35";85.125;642.6875;2;16;"2025-02-21 20:55:43";"2025-12-15 09:26:35";15;0
"user_4756";12;12;"2025-03-22 02:53:19";"2025-11-15 08:52:42";86.1667;641.1667;1;12;"2025-03-22 02:53:19";"2025-11-15 08:52:42";45;1
"user_4757";66;59;"2025-01-22 23:54:21";"2025-07-30 00:40:56";93.1061;759.9697;2;66;"2025-01-22 23:54:21";"2025-07-30 00:40:56";153;1
"user_4758";23;22;"2025-02-13 18:54:26";"2025-12-27 10:20:11";92.6087;767.6522;1;23;"2025-02-13 18:54:26";"2025-12-27 10:20:11";3;0
"user_4759";41;39;"2025-01-20 03:12:33";"2025-12-09 22:44:10";91.7805;736.6341;2;41;"2025-01-20 03:12:33";"2025-12-09 22:44:10";21;0
"user_476";17;17;"2025-02-19 03:46:54";"2025-12-22 02:55:17";90.5294;765.0;2;17;"2025-02-19 03:46:54";"2025-12-22 02:55:17";8;0
"user_4760";14;14;"2025-01-17 04:01:52";"2025-11-07 21:35:32";73.6429;610.0714;2;14;"2025-01-17 04:01:52";"2025-11-07 21:35:32";53;1
"user_4761";49;45;"2025-02-11 03:50:04";"2025-12-25 05:34:31";88.9388;723.3469;1;49;"2025-02-11 03:50:04";"2025-12-25 05:34:31";5;0
"user_4762";17;17;"2025-02-20 11:30:38";"2025-11-04 01:20:00";91.8824;775.2353;1;17;"2025-02-20 11:30:38";"2025-11-04 01:20:00";56;1
"user_4763";18;18;"2025-01-18 10:14:14";"2025-11-23 03:25:01";91.8889;704.7778;2;18;"2025-01-18 10:14:14";"2025-11-23 03:25:01";37;1
"user_4764";63;53;"2025-01-25 19:13:28";"2025-07-06 12:46:53";87.7937;723.2381;1;63;"2025-01-25 19:13:28";"2025-07-06 12:46:53";177;1
"user_4765";63;58;"2025-01-28 11:56:01";"2025-12-30 03:56:11";89.381;706.4762;2;63;"2025-01-28 11:56:01";"2025-12-30 03:56:11";0;0
"user_4766";14;13;"2025-02-08 09:05:35";"2025-12-04 14:59:03";82.0714;679.5714;1;14;"2025-02-08 09:05:35";"2025-12-04 14:59:03";26;1
"user_4767";9;9;"2025-01-26 00:33:23";"2025-10-28 07:37:31";82.0;653.2222;2;9;"2025-01-26 00:33:23";"2025-10-28 07:37:31";63;1
"user_4768";71;60;"2025-01-29 20:43:15";"2025-08-18 21:38:20";91.2958;742.7887;2;71;"2025-01-29 20:43:15";"2025-08-18 21:38:20";134;1
"user_4769";26;26;"2025-02-24 06:26:22";"2025-12-20 02:05:53";98.6538;775.6923;1;26;"2025-02-24 06:26:22";"2025-12-20 02:05:53";10;0
"user_477";64;55;"2025-03-06 08:42:33";"2025-08-30 23:51:21";88.3906;704.4375;2;64;"2025-03-06 08:42:33";"2025-08-30 23:51:21";122;1
"user_4770";38;37;"2025-01-21 22:14:26";"2025-12-29 19:56:18";89.5526;689.0263;2;38;"2025-01-21 22:14:26";"2025-12-29 19:56:18";1;0
"user_4771";63;51;"2025-02-11 08:03:38";"2025-07-23 21:03:32";87.4444;695.1905;2;63;"2025-02-11 08:03:38";"2025-07-23 21:03:32";160;1
"user_4772";35;32;"2025-02-26 16:35:19";"2025-12-28 07:11:09";83.1143;670.1714;2;35;"2025-02-26 16:35:19";"2025-12-28 07:11:09";2;0
"user_4773";69;60;"2025-02-12 09:13:08";"2025-09-07 13:05:37";88.7826;715.8116;2;69;"2025-02-12 09:13:08";"2025-09-07 13:05:37";114;1
"user_4774";31;31;"2025-02-06 10:59:02";"2025-12-23 04:26:28";88.129;676.871;2;31;"2025-02-06 10:59:02";"2025-12-23 04:26:28";7;0
"user_4775";58;54;"2025-01-10 17:50:29";"2025-12-27 17:56:02";88.6724;738.3966;1;58;"2025-01-10 17:50:29";"2025-12-27 17:56:02";3;0
"user_4776";26;25;"2025-01-18 00:35:27";"2025-12-18 09:49:22";93.0769;732.1154;1;26;"2025-01-18 00:35:27";"2025-12-18 09:49:22";12;0
"user_4777";62;54;"2025-03-01 01:26:49";"2025-10-08 19:25:31";87.9355;695.6935;2;62;"2025-03-01 01:26:49";"2025-10-08 19:25:31";83;1
"user_4778";54;49;"2025-01-31 11:44:06";"2025-12-26 22:16:38";86.2963;671.8333;1;54;"2025-01-31 11:44:06";"2025-12-26 22:16:38";4;0
"user_4779";78;65;"2025-02-08 00:49:48";"2025-09-15 19:58:13";90.9744;709.5769;2;78;"2025-02-08 00:49:48";"2025-09-15 19:58:13";106;1
"user_478";47;43;"2025-02-23 02:43:51";"2025-12-23 20:45:26";88.7872;719.2979;2;47;"2025-02-23 02:43:51";"2025-12-23 20:45:26";7;0
"user_4780";108;94;"2025-01-09 00:27:44";"2025-12-26 08:13:32";88.4074;699.1667;2;108;"2025-01-09 00:27:44";"2025-12-26 08:13:32";4;0
"user_4781";93;79;"2025-01-30 00:31:12";"2025-11-26 16:03:02";88.6344;705.6774;1;93;"2025-01-30 00:31:12";"2025-11-26 16:03:02";34;1
"user_4782";71;57;"2025-01-22 23:24:18";"2025-08-30 10:00:53";89.8732;702.6479;2;71;"2025-01-22 23:24:18";"2025-08-30 10:00:53";122;1
"user_4783";53;49;"2025-01-13 00:03:00";"2025-12-28 05:40:27";88.1321;711.0943;1;53;"2025-01-13 00:03:00";"2025-12-28 05:40:27";2;0
"user_4784";103;87;"2025-01-24 04:37:14";"2025-11-27 06:09:46";91.5825;751.8155;1;103;"2025-01-24 04:37:14";"2025-11-27 06:09:46";33;1
"user_4785";44;42;"2025-03-05 02:52:21";"2025-12-28 12:28:25";93.3864;769.6364;1;44;"2025-03-05 02:52:21";"2025-12-28 12:28:25";2;0
"user_4786";58;53;"2025-01-19 07:41:01";"2025-12-17 15:33:56";94.5172;727.2241;1;58;"2025-01-19 07:41:01";"2025-12-17 15:33:56";13;0
"user_4787";14;14;"2025-02-26 19:26:08";"2025-11-12 11:42:25";92.9286;778.4286;2;14;"2025-02-26 19:26:08";"2025-11-12 11:42:25";48;1
"user_4788";13;13;"2025-03-10 21:17:25";"2025-12-12 22:16:37";80.0769;646.3846;1;13;"2025-03-10 21:17:25";"2025-12-12 22:16:37";18;0
"user_4789";46;41;"2025-02-07 13:20:08";"2025-12-06 16:37:58";90.4348;709.3696;1;46;"2025-02-07 13:20:08";"2025-12-06 16:37:58";24;1
"user_479";10;10;"2025-04-08 16:20:21";"2025-09-24 11:41:23";83.2;710.2;1;10;"2025-04-08 16:20:21";"2025-09-24 11:41:23";97;1
"user_4790";57;51;"2025-01-23 09:40:20";"2025-12-25 15:51:34";87.5439;698.2807;1;57;"2025-01-23 09:40:20";"2025-12-25 15:51:34";5;0
"user_4791";62;52;"2025-01-17 19:23:35";"2025-07-21 19:44:52";88.9677;714.9194;2;62;"2025-01-17 19:23:35";"2025-07-21 19:44:52";162;1
"user_4792";19;19;"2025-02-01 09:54:29";"2025-11-21 18:43:16";84.0526;713.4211;2;19;"2025-02-01 09:54:29";"2025-11-21 18:43:16";39;1
"user_4793";85;70;"2025-02-09 19:34:48";"2025-09-25 13:14:48";86.3529;680.6824;2;85;"2025-02-09 19:34:48";"2025-09-25 13:14:48";96;1
"user_4794";83;75;"2025-02-16 15:38:48";"2025-12-20 19:02:22";87.4458;719.6506;1;83;"2025-02-16 15:38:48";"2025-12-20 19:02:22";10;0
"user_4795";85;67;"2025-03-02 20:03:15";"2025-10-11 15:42:17";90.1412;712.6706;2;85;"2025-03-02 20:03:15";"2025-10-11 15:42:17";80;1
"user_4796";40;35;"2025-02-03 19:41:56";"2025-12-22 22:03:25";92.65;753.725;2;40;"2025-02-03 19:41:56";"2025-12-22 22:03:25";8;0
"user_4797";99;87;"2025-01-31 02:54:47";"2025-12-29 18:00:49";88.101;706.5051;2;99;"2025-01-31 02:54:47";"2025-12-29 18:00:49";1;0
"user_4798";17;17;"2025-02-21 00:38:03";"2025-12-29 21:39:21";99.0588;743.4118;2;17;"2025-02-21 00:38:03";"2025-12-29 21:39:21";1;0
"user_4799";116;98;"2025-01-04 15:13:39";"2025-12-14 07:50:30";88.2155;715.9655;2;116;"2025-01-04 15:13:39";"2025-12-14 07:50:30";16;0
"user_48";43;41;"2025-02-09 01:01:23";"2025-12-24 14:25:30";96.1628;787.093;2;43;"2025-02-09 01:01:23";"2025-12-24 14:25:30";6;0
"user_480";42;39;"2025-03-02 05:31:02";"2025-12-22 02:07:09";83.7619;673.5;2;42;"2025-03-02 05:31:02";"2025-12-22 02:07:09";8;0
"user_4800";52;49;"2025-01-24 23:32:28";"2025-12-29 05:06:46";93.1154;748.5577;2;52;"2025-01-24 23:32:28";"2025-12-29 05:06:46";1;0
"user_4801";117;102;"2025-01-29 22:58:01";"2025-12-29 06:43:28";89.7265;711.0;1;117;"2025-01-29 22:58:01";"2025-12-29 06:43:28";1;0
"user_4802";69;59;"2025-02-03 11:56:04";"2025-07-30 19:07:49";90.0145;737.5362;1;69;"2025-02-03 11:56:04";"2025-07-30 19:07:49";153;1
"user_4803";14;14;"2025-02-18 07:31:58";"2025-11-24 19:47:46";88.0714;710.6429;2;14;"2025-02-18 07:31:58";"2025-11-24 19:47:46";36;1
"user_4804";76;68;"2025-02-16 10:13:05";"2025-11-14 06:24:03";89.9605;720.0789;1;76;"2025-02-16 10:13:05";"2025-11-14 06:24:03";46;1
"user_4805";29;26;"2025-03-12 12:39:35";"2025-12-26 00:11:53";81.5862;672.5517;2;29;"2025-03-12 12:39:35";"2025-12-26 00:11:53";4;0
"user_4806";46;42;"2025-02-09 08:54:59";"2025-12-28 16:59:37";89.3261;707.9783;1;46;"2025-02-09 08:54:59";"2025-12-28 16:59:37";2;0
"user_4807";64;57;"2025-02-04 07:13:08";"2025-08-22 22:04:10";92.625;720.2813;1;64;"2025-02-04 07:13:08";"2025-08-22 22:04:10";130;1
"user_4808";12;11;"2025-02-06 14:36:28";"2025-11-14 00:32:30";84.3333;697.75;2;12;"2025-02-06 14:36:28";"2025-11-14 00:32:30";46;1
"user_4809";65;56;"2025-02-09 02:50:35";"2025-09-22 05:35:43";90.2308;709.5538;1;65;"2025-02-09 02:50:35";"2025-09-22 05:35:43";99;1
"user_481";45;41;"2025-02-24 18:54:38";"2025-12-30 10:46:09";88.3333;724.1778;2;45;"2025-02-24 18:54:38";"2025-12-30 10:46:09";0;0
"user_4810";22;20;"2025-02-17 13:56:23";"2025-12-28 02:31:09";82.6364;656.5455;1;22;"2025-02-17 13:56:23";"2025-12-28 02:31:09";2;0
"user_4811";82;67;"2025-02-26 11:53:51";"2025-10-17 23:23:11";87.8049;692.2927;1;82;"2025-02-26 11:53:51";"2025-10-17 23:23:11";74;1
"user_4812";15;15;"2025-02-05 02:06:53";"2025-12-18 03:34:02";86.4;683.4667;2;15;"2025-02-05 02:06:53";"2025-12-18 03:34:02";12;0
"user_4813";61;48;"2025-01-11 02:12:17";"2025-06-23 09:59:14";88.623;694.9672;1;61;"2025-01-11 02:12:17";"2025-06-23 09:59:14";190;1
"user_4814";55;48;"2025-01-25 13:12:47";"2025-12-11 12:30:31";87.9455;699.1455;2;55;"2025-01-25 13:12:47";"2025-12-11 12:30:31";19;0
"user_4815";26;26;"2025-01-15 16:21:23";"2025-12-26 03:56:32";92.0;716.7692;1;26;"2025-01-15 16:21:23";"2025-12-26 03:56:32";4;0
"user_4816";9;9;"2025-02-11 03:10:19";"2025-11-18 10:01:56";85.2222;698.6667;1;9;"2025-02-11 03:10:19";"2025-11-18 10:01:56";42;1
"user_4817";19;18;"2025-03-03 07:34:59";"2025-11-19 01:58:48";93.7368;753.1579;1;19;"2025-03-03 07:34:59";"2025-11-19 01:58:48";41;1
"user_4818";26;26;"2025-02-08 16:51:50";"2025-12-30 14:30:47";82.8077;654.1923;1;26;"2025-02-08 16:51:50";"2025-12-30 14:30:47";0;0
"user_4819";16;16;"2025-03-02 10:07:44";"2025-12-18 18:15:42";78.6875;627.6875;1;16;"2025-03-02 10:07:44";"2025-12-18 18:15:42";12;0
"user_482";17;17;"2025-02-15 17:09:47";"2025-11-26 12:41:02";86.8824;731.1176;1;17;"2025-02-15 17:09:47";"2025-11-26 12:41:02";34;1
"user_4820";60;43;"2025-01-29 00:42:39";"2025-06-30 13:09:16";93.3833;744.6333;2;60;"2025-01-29 00:42:39";"2025-06-30 13:09:16";183;1
"user_4821";86;73;"2025-02-05 15:53:27";"2025-11-04 06:43:54";89.1047;691.3837;1;86;"2025-02-05 15:53:27";"2025-11-04 06:43:54";56;1
"user_4822";67;56;"2025-01-19 13:40:59";"2025-08-21 17:36:04";90.2687;713.5075;1;67;"2025-01-19 13:40:59";"2025-08-21 17:36:04";131;1
"user_4823";38;36;"2025-03-02 14:38:27";"2025-12-16 06:09:07";90.6316;746.1842;1;38;"2025-03-02 14:38:27";"2025-12-16 06:09:07";14;0
"user_4824";51;48;"2025-01-24 15:45:10";"2025-12-24 03:49:25";90.4314;716.5294;1;51;"2025-01-24 15:45:10";"2025-12-24 03:49:25";6;0
"user_4825";36;35;"2025-02-27 16:27:19";"2025-12-28 20:23:50";85.5833;686.3889;2;36;"2025-02-27 16:27:19";"2025-12-28 20:23:50";2;0
"user_4826";67;60;"2025-01-15 03:12:27";"2025-07-29 17:41:30";92.5672;736.1045;1;67;"2025-01-15 03:12:27";"2025-07-29 17:41:30";154;1
"user_4827";24;23;"2025-02-24 15:34:04";"2025-12-29 16:37:38";88.9167;728.7917;2;24;"2025-02-24 15:34:04";"2025-12-29 16:37:38";1;0
"user_4828";63;47;"2025-01-15 04:02:08";"2025-07-02 19:49:21";90.6032;714.0159;1;63;"2025-01-15 04:02:08";"2025-07-02 19:49:21";181;1
"user_4829";60;54;"2025-01-18 03:54:09";"2025-12-14 14:48:58";89.65;717.7167;1;60;"2025-01-18 03:54:09";"2025-12-14 14:48:58";16;0
"user_483";41;39;"2025-02-27 21:41:21";"2025-12-28 04:45:10";87.878;710.3902;1;41;"2025-02-27 21:41:21";"2025-12-28 04:45:10";2;0
"user_4830";50;47;"2025-01-06 06:50:28";"2025-12-30 08:29:13";89.62;726.82;2;50;"2025-01-06 06:50:28";"2025-12-30 08:29:13";0;0
"user_4831";23;22;"2025-01-29 22:05:52";"2025-12-24 03:26:18";90.3913;715.7826;1;23;"2025-01-29 22:05:52";"2025-12-24 03:26:18";6;0
"user_4832";30;28;"2025-02-18 13:54:16";"2025-12-27 02:11:31";91.1333;718.4333;1;30;"2025-02-18 13:54:16";"2025-12-27 02:11:31";3;0
"user_4833";34;34;"2025-02-27 09:03:40";"2025-12-30 10:37:00";88.1176;708.0588;2;34;"2025-02-27 09:03:40";"2025-12-30 10:37:00";0;0
"user_4834";109;90;"2025-01-17 05:46:07";"2025-12-30 04:33:07";89.6239;706.6881;2;109;"2025-01-17 05:46:07";"2025-12-30 04:33:07";0;0
"user_4835";46;46;"2025-02-28 11:54:17";"2025-12-29 18:14:06";86.4565;696.2826;2;46;"2025-02-28 11:54:17";"2025-12-29 18:14:06";1;0
"user_4836";61;52;"2025-02-23 00:26:39";"2025-09-03 16:10:33";93.082;735.7705;2;61;"2025-02-23 00:26:39";"2025-09-03 16:10:33";118;1
"user_4837";56;50;"2025-02-05 03:19:58";"2025-12-24 13:34:19";87.3571;719.9643;1;56;"2025-02-05 03:19:58";"2025-12-24 13:34:19";6;0
"user_4838";35;34;"2025-03-03 00:06:22";"2025-12-25 11:17:24";89.4286;721.0286;2;35;"2025-03-03 00:06:22";"2025-12-25 11:17:24";5;0
"user_4839";79;74;"2025-01-19 18:21:01";"2025-09-09 23:01:53";90.7468;736.6709;2;79;"2025-01-19 18:21:01";"2025-09-09 23:01:53";112;1
"user_484";39;36;"2025-02-02 15:52:22";"2025-12-27 05:38:44";91.3846;745.9744;1;39;"2025-02-02 15:52:22";"2025-12-27 05:38:44";3;0
"user_4840";64;48;"2025-01-21 09:03:20";"2025-08-13 10:07:24";88.5156;697.6094;2;64;"2025-01-21 09:03:20";"2025-08-13 10:07:24";139;1
"user_4841";11;11;"2025-02-06 15:42:01";"2025-12-07 19:53:06";85.9091;649.5455;1;11;"2025-02-06 15:42:01";"2025-12-07 19:53:06";23;1
"user_4842";13;13;"2025-01-10 14:42:07";"2025-11-01 20:34:55";96.0;760.6923;2;13;"2025-01-10 14:42:07";"2025-11-01 20:34:55";59;1
"user_4843";42;40;"2025-01-11 08:45:50";"2025-12-27 09:36:40";89.8571;738.5714;2;42;"2025-01-11 08:45:50";"2025-12-27 09:36:40";3;0
"user_4844";75;62;"2025-01-12 16:21:05";"2025-09-15 09:49:09";90.9467;753.08;2;75;"2025-01-12 16:21:05";"2025-09-15 09:49:09";106;1
"user_4845";62;50;"2025-01-31 18:37:37";"2025-07-15 06:12:49";89.1774;718.0484;1;62;"2025-01-31 18:37:37";"2025-07-15 06:12:49";168;1
"user_4846";47;44;"2025-01-21 05:35:53";"2025-12-30 04:25:03";96.1064;810.1277;2;47;"2025-01-21 05:35:53";"2025-12-30 04:25:03";0;0
"user_4847";6;6;"2025-03-30 18:41:10";"2025-12-05 19:35:51";82.8333;720.3333;1;6;"2025-03-30 18:41:10";"2025-12-05 19:35:51";25;1
"user_4848";70;58;"2025-02-28 03:19:01";"2025-10-01 22:32:43";88.6286;719.8286;2;70;"2025-02-28 03:19:01";"2025-10-01 22:32:43";90;1
"user_4849";27;25;"2025-03-15 01:13:05";"2025-12-28 19:21:57";88.1111;728.1481;2;27;"2025-03-15 01:13:05";"2025-12-28 19:21:57";2;0
"user_485";49;46;"2025-02-28 10:03:05";"2025-12-21 13:47:15";97.0;789.1429;1;49;"2025-02-28 10:03:05";"2025-12-21 13:47:15";9;0
"user_4850";79;66;"2025-01-11 07:12:38";"2025-09-05 06:51:05";88.7595;712.1899;2;79;"2025-01-11 07:12:38";"2025-09-05 06:51:05";116;1
"user_4851";18;18;"2025-02-11 05:09:36";"2025-12-28 05:20:38";95.5556;767.1667;1;18;"2025-02-11 05:09:36";"2025-12-28 05:20:38";2;0
"user_4852";52;48;"2025-01-18 01:57:56";"2025-12-27 12:22:55";90.0385;711.2885;2;52;"2025-01-18 01:57:56";"2025-12-27 12:22:55";3;0
"user_4853";17;17;"2025-03-01 18:24:35";"2025-12-28 06:54:54";85.0;708.2941;1;17;"2025-03-01 18:24:35";"2025-12-28 06:54:54";2;0
"user_4854";44;43;"2025-02-09 03:01:45";"2025-12-22 00:43:31";91.5227;744.6591;1;44;"2025-02-09 03:01:45";"2025-12-22 00:43:31";8;0
"user_4855";50;47;"2025-01-11 12:51:05";"2025-12-27 11:32:05";88.48;719.3;1;50;"2025-01-11 12:51:05";"2025-12-27 11:32:05";3;0
"user_4856";98;84;"2025-01-13 08:37:14";"2025-12-17 13:52:57";88.1122;719.7755;1;98;"2025-01-13 08:37:14";"2025-12-17 13:52:57";13;0
"user_4857";84;70;"2025-01-08 04:40:22";"2025-08-08 03:18:53";89.2024;724.8095;2;84;"2025-01-08 04:40:22";"2025-08-08 03:18:53";144;1
"user_4858";13;13;"2025-02-16 04:12:37";"2025-12-25 01:58:02";84.3077;711.3846;2;13;"2025-02-16 04:12:37";"2025-12-25 01:58:02";5;0
"user_4859";11;11;"2025-02-27 09:16:26";"2025-12-29 21:32:43";92.9091;744.2727;2;11;"2025-02-27 09:16:26";"2025-12-29 21:32:43";1;0
"user_486";11;11;"2025-02-22 14:53:09";"2025-12-29 00:10:05";96.2727;728.4545;1;11;"2025-02-22 14:53:09";"2025-12-29 00:10:05";1;0
"user_4860";17;17;"2025-01-12 12:01:20";"2025-12-04 04:47:12";90.1176;706.5882;2;17;"2025-01-12 12:01:20";"2025-12-04 04:47:12";26;1
"user_4861";57;51;"2025-03-08 10:35:02";"2025-12-29 09:49:24";92.3158;738.3509;2;57;"2025-03-08 10:35:02";"2025-12-29 09:49:24";1;0
"user_4862";19;18;"2025-02-02 04:17:13";"2025-12-27 10:50:15";93.5263;759.1579;1;19;"2025-02-02 04:17:13";"2025-12-27 10:50:15";3;0
"user_4863";60;52;"2025-01-18 08:43:23";"2025-07-13 23:09:00";89.2667;722.5167;1;60;"2025-01-18 08:43:23";"2025-07-13 23:09:00";170;1
"user_4864";39;37;"2025-02-24 00:59:43";"2025-12-20 01:29:22";89.4872;730.7692;2;39;"2025-02-24 00:59:43";"2025-12-20 01:29:22";10;0
"user_4865";51;49;"2025-01-24 23:12:19";"2025-12-29 07:02:38";83.098;659.1765;2;51;"2025-01-24 23:12:19";"2025-12-29 07:02:38";1;0
"user_4866";63;58;"2025-01-08 16:46:01";"2025-12-24 17:58:45";88.254;701.9365;1;63;"2025-01-08 16:46:01";"2025-12-24 17:58:45";6;0
"user_4867";48;46;"2025-01-19 04:33:12";"2025-12-28 20:21:20";88.7083;729.1667;1;48;"2025-01-19 04:33:12";"2025-12-28 20:21:20";2;0
"user_4868";66;54;"2025-02-23 20:33:42";"2025-08-30 20:27:19";89.3182;738.1212;2;66;"2025-02-23 20:33:42";"2025-08-30 20:27:19";122;1
"user_4869";43;43;"2025-01-10 15:16:43";"2025-12-13 13:54:57";83.6047;670.8837;2;43;"2025-01-10 15:16:43";"2025-12-13 13:54:57";17;0
"user_487";73;63;"2025-02-05 04:47:58";"2025-08-31 19:52:45";91.4658;736.863;1;73;"2025-02-05 04:47:58";"2025-08-31 19:52:45";121;1
"user_4870";30;29;"2025-01-10 14:11:59";"2025-12-20 12:50:34";86.0;666.0333;1;30;"2025-01-10 14:11:59";"2025-12-20 12:50:34";10;0
"user_4871";44;41;"2025-03-01 00:27:01";"2025-12-27 22:57:26";89.7273;706.7045;1;44;"2025-03-01 00:27:01";"2025-12-27 22:57:26";3;0
"user_4872";67;50;"2025-01-31 17:59:52";"2025-07-10 04:02:57";88.2388;696.6866;1;67;"2025-01-31 17:59:52";"2025-07-10 04:02:57";173;1
"user_4873";72;56;"2025-03-02 00:17:55";"2025-09-16 10:57:37";91.5556;745.6528;2;72;"2025-03-02 00:17:55";"2025-09-16 10:57:37";105;1
"user_4874";68;57;"2025-01-11 07:04:12";"2025-09-07 09:29:05";84.4706;658.0735;2;68;"2025-01-11 07:04:12";"2025-09-07 09:29:05";114;1
"user_4875";69;60;"2025-02-24 00:47:57";"2025-09-28 15:15:16";87.3768;681.5942;1;69;"2025-02-24 00:47:57";"2025-09-28 15:15:16";93;1
"user_4876";42;40;"2025-02-20 02:16:33";"2025-12-30 17:09:38";83.8571;676.9286;1;42;"2025-02-20 02:16:33";"2025-12-30 17:09:38";0;0
"user_4877";44;43;"2025-01-22 15:58:16";"2025-12-26 13:59:16";86.1818;672.2955;2;44;"2025-01-22 15:58:16";"2025-12-26 13:59:16";4;0
"user_4878";29;26;"2025-01-24 07:30:32";"2025-12-29 14:22:39";90.2759;708.2069;1;29;"2025-01-24 07:30:32";"2025-12-29 14:22:39";1;0
"user_4879";43;39;"2025-02-19 16:47:27";"2025-12-17 16:30:05";90.6512;735.186;1;43;"2025-02-19 16:47:27";"2025-12-17 16:30:05";13;0
"user_488";70;59;"2025-02-16 06:26:00";"2025-09-05 01:03:48";90.7429;711.1;2;70;"2025-02-16 06:26:00";"2025-09-05 01:03:48";116;1
"user_4880";16;15;"2025-03-12 13:15:42";"2025-12-14 16:03:48";87.875;707.625;2;16;"2025-03-12 13:15:42";"2025-12-14 16:03:48";16;0
"user_4881";104;93;"2025-02-02 01:50:52";"2025-12-26 12:10:53";91.2308;742.5192;1;104;"2025-02-02 01:50:52";"2025-12-26 12:10:53";4;0
"user_4882";58;52;"2025-02-14 20:52:16";"2025-12-24 09:03:50";92.6207;714.2931;2;58;"2025-02-14 20:52:16";"2025-12-24 09:03:50";6;0
"user_4883";26;26;"2025-02-19 01:39:25";"2025-12-23 16:13:00";83.5385;635.6923;1;26;"2025-02-19 01:39:25";"2025-12-23 16:13:00";7;0
"user_4884";74;64;"2025-01-22 12:43:17";"2025-08-18 10:50:04";88.9459;711.2297;2;74;"2025-01-22 12:43:17";"2025-08-18 10:50:04";134;1
"user_4885";63;48;"2025-02-27 05:41:59";"2025-08-17 00:04:59";89.0;714.1746;2;63;"2025-02-27 05:41:59";"2025-08-17 00:04:59";135;1
"user_4886";8;8;"2025-02-13 22:24:35";"2025-12-02 15:14:47";84.5;761.625;2;8;"2025-02-13 22:24:35";"2025-12-02 15:14:47";28;1
"user_4887";56;52;"2025-01-16 22:24:10";"2025-12-19 01:13:50";87.4464;701.4107;1;56;"2025-01-16 22:24:10";"2025-12-19 01:13:50";11;0
"user_4888";13;13;"2025-01-21 16:50:09";"2025-12-22 08:27:51";87.5385;727.0;2;13;"2025-01-21 16:50:09";"2025-12-22 08:27:51";8;0
"user_4889";73;59;"2025-02-16 00:47:47";"2025-08-30 01:27:34";89.9452;733.1233;2;73;"2025-02-16 00:47:47";"2025-08-30 01:27:34";122;1
"user_489";12;12;"2025-04-15 01:14:25";"2025-12-28 11:45:18";87.0833;744.0833;1;12;"2025-04-15 01:14:25";"2025-12-28 11:45:18";2;0
"user_4890";20;20;"2025-02-20 16:26:05";"2025-12-22 15:03:10";85.1;708.05;1;20;"2025-02-20 16:26:05";"2025-12-22 15:03:10";8;0
"user_4891";46;42;"2025-02-21 06:47:46";"2025-12-25 08:24:52";86.2174;703.8913;2;46;"2025-02-21 06:47:46";"2025-12-25 08:24:52";5;0
"user_4892";78;69;"2025-01-13 01:18:16";"2025-08-15 09:50:25";90.0256;714.0385;1;78;"2025-01-13 01:18:16";"2025-08-15 09:50:25";137;1
"user_4893";44;42;"2025-01-26 22:53:22";"2025-12-20 12:47:21";90.5455;733.0909;2;44;"2025-01-26 22:53:22";"2025-12-20 12:47:21";10;0
"user_4894";65;56;"2025-02-13 19:46:24";"2025-08-03 07:48:28";91.4769;745.0;2;65;"2025-02-13 19:46:24";"2025-08-03 07:48:28";149;1
"user_4895";45;41;"2025-02-24 21:27:50";"2025-12-20 19:47:35";86.3333;695.2444;1;45;"2025-02-24 21:27:50";"2025-12-20 19:47:35";10;0
"user_4896";62;54;"2025-02-18 01:57:04";"2025-08-03 13:10:26";91.8871;739.9194;2;62;"2025-02-18 01:57:04";"2025-08-03 13:10:26";149;1
"user_4897";61;54;"2025-01-25 14:06:26";"2025-07-08 00:43:12";87.4262;687.9344;2;61;"2025-01-25 14:06:26";"2025-07-08 00:43:12";175;1
"user_4898";82;70;"2025-02-04 10:21:41";"2025-09-23 03:34:45";91.1829;729.6951;2;82;"2025-02-04 10:21:41";"2025-09-23 03:34:45";98;1
"user_4899";72;61;"2025-02-08 09:11:19";"2025-09-12 09:05:34";89.7639;733.1528;1;72;"2025-02-08 09:11:19";"2025-09-12 09:05:34";109;1
"user_49";51;49;"2025-02-13 18:34:52";"2025-12-19 08:58:57";89.5686;709.3333;2;51;"2025-02-13 18:34:52";"2025-12-19 08:58:57";11;0
"user_490";6;6;"2025-02-27 16:02:53";"2025-10-25 15:06:43";97.6667;814.3333;2;6;"2025-02-27 16:02:53";"2025-10-25 15:06:43";66;1
"user_4900";18;18;"2025-02-08 05:12:53";"2025-12-09 21:45:56";92.6667;779.3889;1;18;"2025-02-08 05:12:53";"2025-12-09 21:45:56";21;0
"user_4901";74;64;"2025-02-28 00:09:50";"2025-10-02 10:36:17";88.1216;702.7432;1;74;"2025-02-28 00:09:50";"2025-10-02 10:36:17";89;1
"user_4902";41;39;"2025-01-24 05:11:44";"2025-12-29 10:49:16";87.5366;720.3415;1;41;"2025-01-24 05:11:44";"2025-12-29 10:49:16";1;0
"user_4903";84;70;"2025-02-26 19:49:16";"2025-10-08 20:47:39";89.4643;715.0238;2;84;"2025-02-26 19:49:16";"2025-10-08 20:47:39";83;1
"user_4904";63;59;"2025-01-30 11:20:46";"2025-12-26 14:09:50";93.0635;763.3175;2;63;"2025-01-30 11:20:46";"2025-12-26 14:09:50";4;0
"user_4905";16;15;"2025-01-18 07:43:37";"2025-12-22 17:51:54";88.375;692.125;1;16;"2025-01-18 07:43:37";"2025-12-22 17:51:54";8;0
"user_4906";74;59;"2025-01-12 17:43:46";"2025-08-12 21:15:02";94.973;772.8378;1;74;"2025-01-12 17:43:46";"2025-08-12 21:15:02";140;1
"user_4907";9;9;"2025-01-19 14:52:58";"2025-12-14 21:22:01";92.4444;754.3333;2;9;"2025-01-19 14:52:58";"2025-12-14 21:22:01";16;0
"user_4908";74;69;"2025-02-07 16:51:22";"2025-10-13 22:51:08";90.7297;731.9189;1;74;"2025-02-07 16:51:22";"2025-10-13 22:51:08";78;1
"user_4909";20;20;"2025-01-29 21:42:54";"2025-11-30 08:14:46";86.95;699.65;1;20;"2025-01-29 21:42:54";"2025-11-30 08:14:46";30;1
"user_491";49;47;"2025-02-05 15:59:24";"2025-12-19 15:38:28";87.551;718.7551;2;49;"2025-02-05 15:59:24";"2025-12-19 15:38:28";11;0
"user_4910";61;56;"2025-02-05 21:06:53";"2025-12-22 21:29:30";91.2295;729.6885;2;61;"2025-02-05 21:06:53";"2025-12-22 21:29:30";8;0
"user_4911";19;19;"2025-01-18 09:50:28";"2025-12-19 07:21:27";91.0;738.5789;2;19;"2025-01-18 09:50:28";"2025-12-19 07:21:27";11;0
"user_4912";44;38;"2025-01-22 06:59:46";"2025-12-29 14:10:54";88.0455;689.1591;1;44;"2025-01-22 06:59:46";"2025-12-29 14:10:54";1;0
"user_4913";44;38;"2025-02-27 11:37:18";"2025-12-09 17:07:05";91.2045;735.7273;1;44;"2025-02-27 11:37:18";"2025-12-09 17:07:05";21;0
"user_4914";100;89;"2025-01-10 00:56:49";"2025-12-30 17:41:23";88.54;720.38;2;100;"2025-01-10 00:56:49";"2025-12-30 17:41:23";0;0
"user_4915";60;52;"2025-01-14 14:04:52";"2025-07-09 06:12:44";87.4333;695.35;1;60;"2025-01-14 14:04:52";"2025-07-09 06:12:44";174;1
"user_4916";15;14;"2025-03-07 05:03:28";"2025-11-14 15:34:46";94.0;718.4;2;15;"2025-03-07 05:03:28";"2025-11-14 15:34:46";46;1
"user_4917";58;56;"2025-01-06 22:41:14";"2025-12-27 11:52:57";88.9138;712.7414;2;58;"2025-01-06 22:41:14";"2025-12-27 11:52:57";3;0
"user_4918";51;51;"2025-02-07 20:04:54";"2025-12-27 07:37:48";98.6275;804.2745;1;51;"2025-02-07 20:04:54";"2025-12-27 07:37:48";3;0
"user_4919";27;24;"2025-02-28 21:27:28";"2025-11-26 14:34:31";93.6296;753.3333;2;27;"2025-02-28 21:27:28";"2025-11-26 14:34:31";34;1
"user_492";39;38;"2025-03-01 07:34:28";"2025-12-21 06:28:52";87.4359;723.1795;1;39;"2025-03-01 07:34:28";"2025-12-21 06:28:52";9;0
"user_4920";44;42;"2025-02-28 07:30:53";"2025-12-26 19:03:34";94.4545;774.3864;2;44;"2025-02-28 07:30:53";"2025-12-26 19:03:34";4;0
"user_4921";13;13;"2025-02-21 21:30:33";"2025-10-31 15:31:30";86.2308;657.8462;1;13;"2025-02-21 21:30:33";"2025-10-31 15:31:30";60;1
"user_4922";21;20;"2025-02-20 03:10:50";"2025-12-12 01:03:47";88.5238;718.4286;2;21;"2025-02-20 03:10:50";"2025-12-12 01:03:47";18;0
"user_4923";40;37;"2025-02-27 19:16:15";"2025-12-03 00:46:46";88.875;718.2;1;40;"2025-02-27 19:16:15";"2025-12-03 00:46:46";27;1
"user_4924";13;13;"2025-02-14 16:00:42";"2025-11-22 04:23:40";87.0;713.1538;2;13;"2025-02-14 16:00:42";"2025-11-22 04:23:40";38;1
"user_4925";61;46;"2025-01-12 21:46:49";"2025-05-22 07:43:58";91.7213;732.0492;2;61;"2025-01-12 21:46:49";"2025-05-22 07:43:58";222;1
"user_4926";72;58;"2025-02-12 00:21:46";"2025-08-28 15:11:07";86.25;695.1944;1;72;"2025-02-12 00:21:46";"2025-08-28 15:11:07";124;1
"user_4927";51;49;"2025-01-25 19:01:19";"2025-12-26 10:28:20";90.8824;726.3137;1;51;"2025-01-25 19:01:19";"2025-12-26 10:28:20";4;0
"user_4928";61;52;"2025-02-26 10:06:29";"2025-09-07 09:45:55";87.8852;718.8197;2;61;"2025-02-26 10:06:29";"2025-09-07 09:45:55";114;1
"user_4929";14;14;"2025-02-05 22:30:34";"2025-12-23 14:26:53";97.5;775.4286;2;14;"2025-02-05 22:30:34";"2025-12-23 14:26:53";7;0
"user_493";95;81;"2025-02-22 21:08:20";"2025-12-07 23:46:59";91.8842;730.0211;2;95;"2025-02-22 21:08:20";"2025-12-07 23:46:59";23;1
"user_4930";13;13;"2025-02-21 10:00:05";"2025-12-15 03:44:01";92.7692;710.2308;1;13;"2025-02-21 10:00:05";"2025-12-15 03:44:01";15;0
"user_4931";46;41;"2025-02-03 02:33:29";"2025-12-26 02:02:41";86.6957;731.2174;2;46;"2025-02-03 02:33:29";"2025-12-26 02:02:41";4;0
"user_4932";51;46;"2025-02-14 23:28:57";"2025-12-20 13:12:50";84.6275;668.3333;2;51;"2025-02-14 23:28:57";"2025-12-20 13:12:50";10;0
"user_4933";14;14;"2025-03-03 06:34:31";"2025-12-10 02:16:37";89.2857;702.5714;2;14;"2025-03-03 06:34:31";"2025-12-10 02:16:37";20;0
"user_4934";46;44;"2025-01-19 16:00:03";"2025-12-28 09:49:18";85.1957;682.1087;1;46;"2025-01-19 16:00:03";"2025-12-28 09:49:18";2;0
"user_4935";39;37;"2025-02-26 19:20:45";"2025-12-30 21:47:22";93.7179;735.6154;2;39;"2025-02-26 19:20:45";"2025-12-30 21:47:22";0;0
"user_4936";43;40;"2025-02-04 07:40:46";"2025-12-29 19:47:03";95.3256;763.1163;2;43;"2025-02-04 07:40:46";"2025-12-29 19:47:03";1;0
"user_4937";18;18;"2025-02-15 15:42:58";"2025-12-12 16:57:25";89.8333;708.4444;1;18;"2025-02-15 15:42:58";"2025-12-12 16:57:25";18;0
"user_4938";48;43;"2025-01-21 05:11:59";"2025-12-28 06:45:52";92.0;710.625;1;48;"2025-01-21 05:11:59";"2025-12-28 06:45:52";2;0
"user_4939";28;27;"2025-01-16 19:58:10";"2025-12-11 11:07:54";87.9286;701.0;1;28;"2025-01-16 19:58:10";"2025-12-11 11:07:54";19;0
"user_494";80;68;"2025-01-23 08:40:32";"2025-09-05 10:47:06";91.4625;741.975;1;80;"2025-01-23 08:40:32";"2025-09-05 10:47:06";116;1
"user_4940";30;30;"2025-01-23 23:49:58";"2025-12-24 22:37:18";93.0667;735.0333;2;30;"2025-01-23 23:49:58";"2025-12-24 22:37:18";6;0
"user_4941";43;42;"2025-01-03 20:00:43";"2025-12-20 19:54:00";91.2326;754.4186;2;43;"2025-01-03 20:00:43";"2025-12-20 19:54:00";10;0
"user_4942";57;52;"2025-01-23 21:46:24";"2025-12-24 21:29:03";88.5439;721.193;1;57;"2025-01-23 21:46:24";"2025-12-24 21:29:03";6;0
"user_4943";24;24;"2025-02-09 06:05:24";"2025-12-28 13:14:25";89.0833;675.6667;1;24;"2025-02-09 06:05:24";"2025-12-28 13:14:25";2;0
"user_4944";49;44;"2025-02-28 06:38:40";"2025-12-28 12:04:33";83.2653;669.7347;2;49;"2025-02-28 06:38:40";"2025-12-28 12:04:33";2;0
"user_4945";24;23;"2025-03-03 08:16:04";"2025-12-29 20:11:35";94.5;785.875;2;24;"2025-03-03 08:16:04";"2025-12-29 20:11:35";1;0
"user_4946";19;18;"2025-02-19 16:12:44";"2025-12-01 07:22:16";86.1579;677.7895;1;19;"2025-02-19 16:12:44";"2025-12-01 07:22:16";29;1
"user_4947";53;49;"2025-02-12 14:38:11";"2025-12-21 12:18:35";86.6226;691.8113;2;53;"2025-02-12 14:38:11";"2025-12-21 12:18:35";9;0
"user_4948";26;24;"2025-02-03 02:24:05";"2025-12-22 10:58:55";91.6923;757.8462;1;26;"2025-02-03 02:24:05";"2025-12-22 10:58:55";8;0
"user_4949";16;16;"2025-04-11 16:43:11";"2025-11-28 12:51:54";84.6875;669.375;1;16;"2025-04-11 16:43:11";"2025-11-28 12:51:54";32;1
"user_495";51;50;"2025-01-16 21:36:40";"2025-12-27 13:12:54";83.2549;675.8235;2;51;"2025-01-16 21:36:40";"2025-12-27 13:12:54";3;0
"user_4950";24;24;"2025-01-24 04:09:36";"2025-12-13 18:48:15";87.0417;673.875;1;24;"2025-01-24 04:09:36";"2025-12-13 18:48:15";17;0
"user_4951";59;57;"2025-01-31 11:01:11";"2025-12-27 05:18:34";87.9492;709.678;2;59;"2025-01-31 11:01:11";"2025-12-27 05:18:34";3;0
"user_4952";99;84;"2025-01-13 17:47:35";"2025-11-25 00:12:48";92.3333;733.5051;2;99;"2025-01-13 17:47:35";"2025-11-25 00:12:48";35;1
"user_4953";36;34;"2025-01-19 16:57:20";"2025-12-26 20:51:03";88.5556;714.4167;1;36;"2025-01-19 16:57:20";"2025-12-26 20:51:03";4;0
"user_4954";22;22;"2025-03-21 07:22:51";"2025-12-29 18:34:27";84.6818;694.7273;2;22;"2025-03-21 07:22:51";"2025-12-29 18:34:27";1;0
"user_4955";45;42;"2025-02-07 10:05:36";"2025-12-25 01:45:11";89.5556;717.9333;1;45;"2025-02-07 10:05:36";"2025-12-25 01:45:11";5;0
"user_4956";19;19;"2025-02-26 20:00:14";"2025-11-16 15:11:51";85.6316;729.5789;2;19;"2025-02-26 20:00:14";"2025-11-16 15:11:51";44;1
"user_4957";54;49;"2025-02-23 00:33:03";"2025-12-30 12:54:33";90.6667;715.463;2;54;"2025-02-23 00:33:03";"2025-12-30 12:54:33";0;0
"user_4958";45;43;"2025-01-27 02:36:38";"2025-12-26 04:04:34";87.3111;701.7556;2;45;"2025-01-27 02:36:38";"2025-12-26 04:04:34";4;0
"user_4959";67;55;"2025-01-17 13:46:17";"2025-08-09 23:23:10";89.9552;734.194;1;67;"2025-01-17 13:46:17";"2025-08-09 23:23:10";143;1
"user_496";49;43;"2025-01-23 07:57:48";"2025-12-23 10:57:24";92.3878;764.9388;2;49;"2025-01-23 07:57:48";"2025-12-23 10:57:24";7;0
"user_4960";15;15;"2025-01-31 00:26:14";"2025-12-11 10:00:37";95.8;777.6;2;15;"2025-01-31 00:26:14";"2025-12-11 10:00:37";19;0
"user_4961";45;42;"2025-02-24 00:35:18";"2025-12-23 20:25:44";90.6667;747.1111;2;45;"2025-02-24 00:35:18";"2025-12-23 20:25:44";7;0
"user_4962";62;50;"2025-02-06 07:24:17";"2025-09-02 14:31:53";87.8387;704.6774;2;62;"2025-02-06 07:24:17";"2025-09-02 14:31:53";119;1
"user_4963";66;57;"2025-02-18 23:39:03";"2025-07-23 16:10:09";88.7727;718.5303;2;66;"2025-02-18 23:39:03";"2025-07-23 16:10:09";160;1
"user_4964";25;24;"2025-01-18 20:26:21";"2025-12-29 23:48:56";81.72;664.84;2;25;"2025-01-18 20:26:21";"2025-12-29 23:48:56";1;0
"user_4965";38;36;"2025-02-22 20:32:55";"2025-12-23 00:55:11";90.7105;705.3158;1;38;"2025-02-22 20:32:55";"2025-12-23 00:55:11";7;0
"user_4966";65;56;"2025-01-04 00:24:09";"2025-08-11 14:38:51";90.6154;723.6769;1;65;"2025-01-04 00:24:09";"2025-08-11 14:38:51";141;1
"user_4967";21;20;"2025-03-08 17:14:57";"2025-12-16 13:14:25";97.4762;801.619;1;21;"2025-03-08 17:14:57";"2025-12-16 13:14:25";14;0
"user_4968";26;25;"2025-02-28 10:00:03";"2025-12-30 22:16:46";86.2692;714.1923;2;26;"2025-02-28 10:00:03";"2025-12-30 22:16:46";0;0
"user_4969";20;18;"2025-02-21 12:56:22";"2025-12-06 00:48:13";93.5;770.35;2;20;"2025-02-21 12:56:22";"2025-12-06 00:48:13";24;1
"user_497";40;37;"2025-02-22 20:37:29";"2025-12-27 16:47:24";88.375;700.225;2;40;"2025-02-22 20:37:29";"2025-12-27 16:47:24";3;0
"user_4970";47;41;"2025-03-04 19:05:23";"2025-12-15 08:52:01";86.8298;689.9149;2;47;"2025-03-04 19:05:23";"2025-12-15 08:52:01";15;0
"user_4971";33;33;"2025-03-09 22:08:52";"2025-12-23 06:49:29";85.3939;668.5758;2;33;"2025-03-09 22:08:52";"2025-12-23 06:49:29";7;0
"user_4972";11;11;"2025-01-23 00:42:35";"2025-11-13 15:28:33";92.4545;720.8182;2;11;"2025-01-23 00:42:35";"2025-11-13 15:28:33";47;1
"user_4973";39;38;"2025-02-22 19:35:32";"2025-12-29 15:44:38";89.3846;724.5385;1;39;"2025-02-22 19:35:32";"2025-12-29 15:44:38";1;0
"user_4974";18;18;"2025-01-21 22:32:08";"2025-12-09 11:46:30";85.4444;694.1667;2;18;"2025-01-21 22:32:08";"2025-12-09 11:46:30";21;0
"user_4975";110;93;"2025-01-08 18:37:32";"2025-11-04 23:21:16";92.8818;744.9545;1;110;"2025-01-08 18:37:32";"2025-11-04 23:21:16";56;1
"user_4976";39;37;"2025-03-02 00:59:41";"2025-12-25 02:39:14";88.5128;715.9744;1;39;"2025-03-02 00:59:41";"2025-12-25 02:39:14";5;0
"user_4977";65;56;"2025-01-01 05:41:53";"2025-08-12 17:56:22";89.4923;703.9846;2;65;"2025-01-01 05:41:53";"2025-08-12 17:56:22";140;1
"user_4978";88;78;"2025-01-19 16:05:24";"2025-09-10 02:09:56";88.3295;706.8295;2;88;"2025-01-19 16:05:24";"2025-09-10 02:09:56";111;1
"user_4979";62;50;"2025-01-14 03:42:39";"2025-07-23 06:43:47";94.5161;747.2097;1;62;"2025-01-14 03:42:39";"2025-07-23 06:43:47";160;1
"user_498";81;64;"2025-01-17 20:33:46";"2025-08-05 14:54:27";90.8642;748.4444;2;81;"2025-01-17 20:33:46";"2025-08-05 14:54:27";147;1
"user_4980";63;53;"2025-01-05 01:04:34";"2025-07-09 08:42:23";91.0635;733.0;2;63;"2025-01-05 01:04:34";"2025-07-09 08:42:23";174;1
"user_4981";20;20;"2025-04-04 19:08:42";"2025-12-30 03:33:25";93.0;760.65;1;20;"2025-04-04 19:08:42";"2025-12-30 03:33:25";0;0
"user_4982";60;49;"2025-01-13 12:41:18";"2025-06-29 23:06:42";92.4333;750.85;1;60;"2025-01-13 12:41:18";"2025-06-29 23:06:42";184;1
"user_4983";28;27;"2025-02-09 01:56:01";"2025-12-20 05:11:17";93.0;740.9643;2;28;"2025-02-09 01:56:01";"2025-12-20 05:11:17";10;0
"user_4984";19;18;"2025-04-05 07:07:09";"2025-12-30 16:01:13";85.6316;688.5789;2;19;"2025-04-05 07:07:09";"2025-12-30 16:01:13";0;0
"user_4985";52;50;"2025-03-01 23:58:02";"2025-12-17 15:44:55";91.8462;734.7308;2;52;"2025-03-01 23:58:02";"2025-12-17 15:44:55";13;0
"user_4986";69;59;"2025-01-07 17:28:13";"2025-08-22 02:57:40";93.1304;746.1014;1;69;"2025-01-07 17:28:13";"2025-08-22 02:57:40";130;1
"user_4987";29;27;"2025-02-05 01:44:24";"2025-12-24 12:07:47";89.3448;725.3103;1;29;"2025-02-05 01:44:24";"2025-12-24 12:07:47";6;0
"user_4988";61;57;"2025-01-30 22:02:38";"2025-12-18 03:56:42";90.2623;751.0;2;61;"2025-01-30 22:02:38";"2025-12-18 03:56:42";12;0
"user_4989";34;31;"2025-01-17 12:14:07";"2025-12-27 23:26:16";87.2941;702.8529;2;34;"2025-01-17 12:14:07";"2025-12-27 23:26:16";3;0
"user_499";16;16;"2025-02-09 12:05:40";"2025-12-27 23:29:06";83.6875;674.9375;2;16;"2025-02-09 12:05:40";"2025-12-27 23:29:06";3;0
"user_4990";28;27;"2025-02-07 22:42:33";"2025-12-15 11:55:46";83.9286;677.3929;2;28;"2025-02-07 22:42:33";"2025-12-15 11:55:46";15;0
"user_4991";17;17;"2025-01-25 17:32:26";"2025-12-28 02:18:26";90.9412;775.7059;2;17;"2025-01-25 17:32:26";"2025-12-28 02:18:26";2;0
"user_4992";49;47;"2025-02-05 16:40:22";"2025-12-24 01:28:34";91.4898;753.1837;1;49;"2025-02-05 16:40:22";"2025-12-24 01:28:34";6;0
"user_4993";52;47;"2025-01-11 12:42:02";"2025-12-17 08:58:29";89.0192;696.1154;2;52;"2025-01-11 12:42:02";"2025-12-17 08:58:29";13;0
"user_4994";51;48;"2025-01-09 17:11:18";"2025-12-21 11:19:34";88.9804;716.0784;1;51;"2025-01-09 17:11:18";"2025-12-21 11:19:34";9;0
"user_4995";107;96;"2025-01-25 08:42:43";"2025-12-03 17:04:58";89.6168;720.1589;2;107;"2025-01-25 08:42:43";"2025-12-03 17:04:58";27;1
"user_4996";19;17;"2025-02-10 22:55:32";"2025-12-07 20:28:20";86.3158;718.2632;2;19;"2025-02-10 22:55:32";"2025-12-07 20:28:20";23;1
"user_4997";114;94;"2025-01-17 04:18:07";"2025-11-11 04:08:34";91.5614;751.0351;1;114;"2025-01-17 04:18:07";"2025-11-11 04:08:34";49;1
"user_4998";53;48;"2025-02-09 18:55:01";"2025-12-27 09:02:40";91.1509;734.434;1;53;"2025-02-09 18:55:01";"2025-12-27 09:02:40";3;0
"user_4999";22;21;"2025-01-19 06:51:05";"2025-12-26 05:08:11";89.8636;720.7727;2;22;"2025-01-19 06:51:05";"2025-12-26 05:08:11";4;0
"user_5";75;60;"2025-02-28 12:58:35";"2025-10-15 12:20:21";88.2933;699.4667;2;75;"2025-02-28 12:58:35";"2025-10-15 12:20:21";76;1
"user_50";81;72;"2025-02-28 00:55:57";"2025-11-23 19:47:35";88.7284;720.4815;1;81;"2025-02-28 00:55:57";"2025-11-23 19:47:35";37;1
"user_500";16;16;"2025-02-24 18:14:24";"2025-12-07 16:08:14";89.5;721.5625;2;16;"2025-02-24 18:14:24";"2025-12-07 16:08:14";23;1
"user_5000";50;46;"2025-01-20 00:32:34";"2025-12-19 01:23:45";91.06;741.12;2;50;"2025-01-20 00:32:34";"2025-12-19 01:23:45";11;0
"user_501";20;20;"2025-04-21 07:59:13";"2025-11-20 01:31:23";88.2;722.2;1;20;"2025-04-21 07:59:13";"2025-11-20 01:31:23";40;1
"user_502";49;49;"2025-01-28 11:40:33";"2025-12-18 16:08:51";88.8163;726.1224;1;49;"2025-01-28 11:40:33";"2025-12-18 16:08:51";12;0
"user_503";51;49;"2025-02-23 19:52:12";"2025-12-26 08:16:55";92.098;750.902;2;51;"2025-02-23 19:52:12";"2025-12-26 08:16:55";4;0
"user_504";24;24;"2025-02-07 14:47:20";"2025-12-09 05:33:27";94.2917;771.9583;1;24;"2025-02-07 14:47:20";"2025-12-09 05:33:27";21;0
"user_505";19;18;"2025-01-13 21:28:45";"2025-12-23 09:11:45";90.0;704.9474;2;19;"2025-01-13 21:28:45";"2025-12-23 09:11:45";7;0
"user_506";64;57;"2025-01-22 09:10:12";"2025-07-21 14:47:34";90.3281;726.1563;2;64;"2025-01-22 09:10:12";"2025-07-21 14:47:34";162;1
"user_507";20;20;"2025-02-02 09:48:36";"2025-11-25 18:45:12";85.0;658.7;1;20;"2025-02-02 09:48:36";"2025-11-25 18:45:12";35;1
"user_508";22;22;"2025-02-16 03:13:02";"2025-12-15 23:39:15";88.3182;723.6818;2;22;"2025-02-16 03:13:02";"2025-12-15 23:39:15";15;0
"user_509";20;20;"2025-03-05 00:12:21";"2025-12-09 09:11:59";86.6;669.0;2;20;"2025-03-05 00:12:21";"2025-12-09 09:11:59";21;0
"user_51";11;10;"2025-04-21 20:36:33";"2025-12-30 15:39:34";86.9091;725.0909;2;11;"2025-04-21 20:36:33";"2025-12-30 15:39:34";0;0
"user_510";36;30;"2025-01-14 23:10:33";"2025-12-30 14:19:44";87.5556;705.1389;1;36;"2025-01-14 23:10:33";"2025-12-30 14:19:44";0;0
"user_511";41;38;"2025-02-05 05:35:15";"2025-12-25 03:09:11";94.2683;762.2683;1;41;"2025-02-05 05:35:15";"2025-12-25 03:09:11";5;0
"user_512";45;42;"2025-02-19 05:18:45";"2025-12-13 03:02:48";86.7778;706.6889;2;45;"2025-02-19 05:18:45";"2025-12-13 03:02:48";17;0
"user_513";17;16;"2025-02-13 01:44:24";"2025-12-23 22:38:12";82.6471;685.6471;2;17;"2025-02-13 01:44:24";"2025-12-23 22:38:12";7;0
"user_514";16;16;"2025-03-05 03:19:14";"2025-12-10 19:35:24";94.875;753.875;1;16;"2025-03-05 03:19:14";"2025-12-10 19:35:24";20;0
"user_515";89;81;"2025-01-19 23:54:04";"2025-11-21 20:47:22";91.427;709.5843;2;89;"2025-01-19 23:54:04";"2025-11-21 20:47:22";39;1
"user_516";74;66;"2025-02-15 14:55:54";"2025-12-23 06:05:34";92.2027;746.9459;1;74;"2025-02-15 14:55:54";"2025-12-23 06:05:34";7;0
"user_517";48;47;"2025-02-16 22:47:33";"2025-12-19 11:35:54";89.625;702.5417;2;48;"2025-02-16 22:47:33";"2025-12-19 11:35:54";11;0
"user_518";23;23;"2025-01-19 16:22:00";"2025-12-24 22:38:59";92.087;747.7391;1;23;"2025-01-19 16:22:00";"2025-12-24 22:38:59";6;0
"user_519";11;11;"2025-03-03 17:14:21";"2025-12-12 18:26:30";84.0;711.0;1;11;"2025-03-03 17:14:21";"2025-12-12 18:26:30";18;0
"user_52";19;17;"2025-02-04 07:25:30";"2025-12-30 14:01:40";95.3158;777.6316;1;19;"2025-02-04 07:25:30";"2025-12-30 14:01:40";0;0
"user_520";66;59;"2025-02-16 00:53:42";"2025-08-16 18:29:22";92.1818;730.9697;1;66;"2025-02-16 00:53:42";"2025-08-16 18:29:22";136;1
"user_521";38;35;"2025-02-26 06:44:04";"2025-12-25 08:10:46";88.3684;693.2632;2;38;"2025-02-26 06:44:04";"2025-12-25 08:10:46";5;0
"user_522";60;56;"2025-01-05 07:52:53";"2025-12-10 16:15:48";86.3333;674.3;2;60;"2025-01-05 07:52:53";"2025-12-10 16:15:48";20;0
"user_523";8;8;"2025-04-12 19:05:58";"2025-12-05 04:40:49";99.625;761.25;1;8;"2025-04-12 19:05:58";"2025-12-05 04:40:49";25;1
"user_524";24;24;"2025-02-17 11:41:10";"2025-12-19 16:59:16";92.1667;752.25;1;24;"2025-02-17 11:41:10";"2025-12-19 16:59:16";11;0
"user_525";27;24;"2025-01-16 09:41:54";"2025-12-19 18:26:07";91.9259;763.6667;2;27;"2025-01-16 09:41:54";"2025-12-19 18:26:07";11;0
"user_526";60;54;"2025-01-12 11:50:20";"2025-12-29 07:22:41";91.45;742.5667;1;60;"2025-01-12 11:50:20";"2025-12-29 07:22:41";1;0
"user_527";38;36;"2025-03-04 08:49:23";"2025-12-24 14:50:45";86.6842;719.2895;2;38;"2025-03-04 08:49:23";"2025-12-24 14:50:45";6;0
"user_528";66;59;"2025-01-16 08:51:53";"2025-08-09 09:16:20";87.9394;695.5152;2;66;"2025-01-16 08:51:53";"2025-08-09 09:16:20";143;1
"user_529";123;102;"2025-02-01 07:22:40";"2025-12-09 19:48:09";91.7236;732.7317;2;123;"2025-02-01 07:22:40";"2025-12-09 19:48:09";21;0
"user_53";12;12;"2025-03-09 12:36:03";"2025-11-19 16:29:35";92.9167;775.0;2;12;"2025-03-09 12:36:03";"2025-11-19 16:29:35";41;1
"user_530";20;20;"2025-02-11 14:45:20";"2025-12-26 16:54:29";91.05;762.3;2;20;"2025-02-11 14:45:20";"2025-12-26 16:54:29";4;0
"user_531";24;23;"2025-02-17 12:21:49";"2025-12-22 19:12:14";93.2917;755.0417;2;24;"2025-02-17 12:21:49";"2025-12-22 19:12:14";8;0
"user_532";18;18;"2025-02-02 02:42:01";"2025-12-05 05:27:00";89.7222;702.0556;1;18;"2025-02-02 02:42:01";"2025-12-05 05:27:00";25;1
"user_533";16;14;"2025-02-25 22:51:48";"2025-12-05 12:27:11";85.625;668.4375;2;16;"2025-02-25 22:51:48";"2025-12-05 12:27:11";25;1
"user_534";54;49;"2025-01-06 05:29:43";"2025-12-19 20:05:54";90.6111;749.1296;2;54;"2025-01-06 05:29:43";"2025-12-19 20:05:54";11;0
"user_535";23;23;"2025-03-13 06:13:58";"2025-12-27 01:53:04";92.8696;748.5217;1;23;"2025-03-13 06:13:58";"2025-12-27 01:53:04";3;0
"user_536";27;26;"2025-01-19 08:23:51";"2025-12-28 02:11:08";87.7778;676.963;1;27;"2025-01-19 08:23:51";"2025-12-28 02:11:08";2;0
"user_537";18;18;"2025-02-15 16:31:56";"2025-12-13 00:27:10";89.3333;732.1111;2;18;"2025-02-15 16:31:56";"2025-12-13 00:27:10";17;0
"user_538";83;69;"2025-02-08 03:39:28";"2025-08-23 03:31:28";92.8554;732.8072;1;83;"2025-02-08 03:39:28";"2025-08-23 03:31:28";129;1
"user_539";44;42;"2025-02-04 20:50:24";"2025-12-17 22:31:31";92.5227;703.6136;1;44;"2025-02-04 20:50:24";"2025-12-17 22:31:31";13;0
"user_54";15;15;"2025-01-27 12:33:58";"2025-12-20 10:06:21";80.4;632.0667;2;15;"2025-01-27 12:33:58";"2025-12-20 10:06:21";10;0
"user_540";62;51;"2025-03-02 22:18:56";"2025-08-05 13:23:53";86.8871;714.9516;2;62;"2025-03-02 22:18:56";"2025-08-05 13:23:53";147;1
"user_541";14;13;"2025-04-09 23:55:30";"2025-12-23 00:17:52";91.2143;738.6429;2;14;"2025-04-09 23:55:30";"2025-12-23 00:17:52";7;0
"user_542";44;41;"2025-01-23 15:29:16";"2025-12-09 13:02:38";88.0455;717.7273;1;44;"2025-01-23 15:29:16";"2025-12-09 13:02:38";21;0
"user_543";72;62;"2025-01-09 19:19:30";"2025-08-13 08:58:47";85.4167;709.125;1;72;"2025-01-09 19:19:30";"2025-08-13 08:58:47";139;1
"user_544";33;31;"2025-01-22 19:09:22";"2025-12-23 19:20:42";89.2727;720.7273;2;33;"2025-01-22 19:09:22";"2025-12-23 19:20:42";7;0
"user_545";50;44;"2025-02-01 07:42:33";"2025-12-29 03:25:25";83.84;684.0;2;50;"2025-02-01 07:42:33";"2025-12-29 03:25:25";1;0
"user_546";54;51;"2025-02-20 17:37:25";"2025-12-17 19:11:15";91.0926;736.3889;1;54;"2025-02-20 17:37:25";"2025-12-17 19:11:15";13;0
"user_547";99;86;"2025-02-08 14:19:44";"2025-12-20 21:09:58";91.5657;744.0707;2;99;"2025-02-08 14:19:44";"2025-12-20 21:09:58";10;0
"user_548";26;26;"2025-01-29 17:28:23";"2025-12-24 05:03:35";90.1154;717.5385;1;26;"2025-01-29 17:28:23";"2025-12-24 05:03:35";6;0
"user_549";51;47;"2025-01-23 11:00:19";"2025-12-24 04:32:21";87.7647;696.8431;2;51;"2025-01-23 11:00:19";"2025-12-24 04:32:21";6;0
"user_55";45;40;"2025-03-03 13:55:36";"2025-12-26 13:35:14";92.2444;733.8444;1;45;"2025-03-03 13:55:36";"2025-12-26 13:35:14";4;0
"user_550";24;23;"2025-02-28 14:04:42";"2025-12-23 20:35:42";83.875;710.0417;1;24;"2025-02-28 14:04:42";"2025-12-23 20:35:42";7;0
"user_551";50;48;"2025-01-23 18:48:30";"2025-12-19 07:41:40";90.14;719.18;2;50;"2025-01-23 18:48:30";"2025-12-19 07:41:40";11;0
"user_552";9;8;"2025-02-26 03:43:28";"2025-11-26 05:53:14";87.7778;740.4444;1;9;"2025-02-26 03:43:28";"2025-11-26 05:53:14";34;1
"user_553";37;34;"2025-01-11 12:33:44";"2025-12-26 13:42:22";83.8108;695.4865;2;37;"2025-01-11 12:33:44";"2025-12-26 13:42:22";4;0
"user_554";57;54;"2025-01-17 22:00:49";"2025-12-25 21:51:31";92.1228;732.2807;1;57;"2025-01-17 22:00:49";"2025-12-25 21:51:31";5;0
"user_555";13;13;"2025-01-14 06:01:36";"2025-12-06 21:56:47";83.9231;687.3077;2;13;"2025-01-14 06:01:36";"2025-12-06 21:56:47";24;1
"user_556";41;40;"2025-03-05 11:45:57";"2025-12-28 18:03:55";87.4634;668.1463;1;41;"2025-03-05 11:45:57";"2025-12-28 18:03:55";2;0
"user_557";60;52;"2025-03-06 17:05:50";"2025-10-02 21:45:15";92.9;741.8833;1;60;"2025-03-06 17:05:50";"2025-10-02 21:45:15";89;1
"user_558";65;53;"2025-01-31 02:06:13";"2025-08-29 22:08:16";86.3692;706.6;1;65;"2025-01-31 02:06:13";"2025-08-29 22:08:16";123;1
"user_559";25;25;"2025-03-05 01:14:51";"2025-12-05 23:47:14";92.28;766.04;1;25;"2025-03-05 01:14:51";"2025-12-05 23:47:14";25;1
"user_56";13;12;"2025-02-12 11:24:00";"2025-12-15 22:51:27";89.9231;736.9231;1;13;"2025-02-12 11:24:00";"2025-12-15 22:51:27";15;0
"user_560";57;54;"2025-02-18 04:10:30";"2025-12-29 10:41:01";88.3509;735.4035;2;57;"2025-02-18 04:10:30";"2025-12-29 10:41:01";1;0
"user_561";26;25;"2025-02-09 08:11:33";"2025-12-15 05:39:05";93.0769;763.2692;1;26;"2025-02-09 08:11:33";"2025-12-15 05:39:05";15;0
"user_562";79;67;"2025-02-20 15:41:07";"2025-12-30 15:53:49";90.2025;712.8987;2;79;"2025-02-20 15:41:07";"2025-12-30 15:53:49";0;0
"user_563";109;90;"2025-01-19 08:58:05";"2025-12-28 09:33:51";88.9541;734.7615;2;109;"2025-01-19 08:58:05";"2025-12-28 09:33:51";2;0
"user_564";79;62;"2025-02-05 04:21:24";"2025-09-21 16:07:24";90.9873;736.7215;2;79;"2025-02-05 04:21:24";"2025-09-21 16:07:24";100;1
"user_565";36;35;"2025-03-07 07:14:30";"2025-12-28 09:00:55";87.9722;693.5833;2;36;"2025-03-07 07:14:30";"2025-12-28 09:00:55";2;0
"user_566";55;49;"2025-02-02 18:51:24";"2025-12-18 17:05:12";94.3636;765.9273;1;55;"2025-02-02 18:51:24";"2025-12-18 17:05:12";12;0
"user_567";38;35;"2025-01-16 15:42:27";"2025-12-29 14:34:29";91.5789;738.7632;2;38;"2025-01-16 15:42:27";"2025-12-29 14:34:29";1;0
"user_568";63;60;"2025-01-23 11:39:42";"2025-12-30 02:06:17";90.7937;739.7302;1;63;"2025-01-23 11:39:42";"2025-12-30 02:06:17";0;0
"user_569";14;14;"2025-03-26 15:01:24";"2025-12-26 22:24:58";95.7143;763.8571;2;14;"2025-03-26 15:01:24";"2025-12-26 22:24:58";4;0
"user_57";98;84;"2025-01-18 10:45:42";"2025-12-11 09:04:06";90.6224;702.6122;1;98;"2025-01-18 10:45:42";"2025-12-11 09:04:06";19;0
"user_570";44;42;"2025-02-09 00:46:38";"2025-12-14 18:59:07";87.9545;704.0682;1;44;"2025-02-09 00:46:38";"2025-12-14 18:59:07";16;0
"user_571";50;48;"2025-01-31 14:46:06";"2025-12-12 15:12:47";91.62;726.1;2;50;"2025-01-31 14:46:06";"2025-12-12 15:12:47";18;0
"user_572";24;23;"2025-03-04 20:19:10";"2025-12-30 19:54:49";91.2917;761.9167;1;24;"2025-03-04 20:19:10";"2025-12-30 19:54:49";0;0
"user_573";53;50;"2025-03-04 22:34:17";"2025-12-29 03:31:39";88.5283;700.2642;1;53;"2025-03-04 22:34:17";"2025-12-29 03:31:39";1;0
"user_574";50;48;"2025-02-08 06:30:37";"2025-12-30 02:37:44";82.66;654.22;1;50;"2025-02-08 06:30:37";"2025-12-30 02:37:44";0;0
"user_575";17;17;"2025-03-15 20:44:00";"2025-12-15 08:46:23";93.0;718.1176;1;17;"2025-03-15 20:44:00";"2025-12-15 08:46:23";15;0
"user_576";14;14;"2025-02-26 14:13:38";"2025-12-05 11:43:48";85.5714;685.3571;1;14;"2025-02-26 14:13:38";"2025-12-05 11:43:48";25;1
"user_577";67;63;"2025-01-12 08:41:28";"2025-09-03 13:02:44";86.6716;709.4328;2;67;"2025-01-12 08:41:28";"2025-09-03 13:02:44";118;1
"user_578";19;19;"2025-02-08 07:07:40";"2025-12-29 05:57:26";91.5789;737.5789;1;19;"2025-02-08 07:07:40";"2025-12-29 05:57:26";1;0
"user_579";45;43;"2025-01-14 16:17:41";"2025-12-28 16:31:31";88.4444;721.3556;1;45;"2025-01-14 16:17:41";"2025-12-28 16:31:31";2;0
"user_58";61;51;"2025-01-04 10:29:37";"2025-06-09 20:26:00";85.3279;708.9344;1;61;"2025-01-04 10:29:37";"2025-06-09 20:26:00";204;1
"user_580";65;59;"2025-03-04 02:35:58";"2025-09-13 06:03:29";90.0308;751.3538;2;65;"2025-03-04 02:35:58";"2025-09-13 06:03:29";108;1
"user_581";45;39;"2025-01-03 16:35:10";"2025-12-29 12:20:59";90.6889;727.9111;2;45;"2025-01-03 16:35:10";"2025-12-29 12:20:59";1;0
"user_582";20;20;"2025-01-18 19:19:01";"2025-12-18 18:51:46";93.15;755.6;2;20;"2025-01-18 19:19:01";"2025-12-18 18:51:46";12;0
"user_583";33;33;"2025-04-05 21:52:18";"2025-12-27 05:00:43";95.9394;741.2121;1;33;"2025-04-05 21:52:18";"2025-12-27 05:00:43";3;0
"user_584";41;40;"2025-01-30 22:35:36";"2025-12-30 10:32:50";88.9268;702.1463;1;41;"2025-01-30 22:35:36";"2025-12-30 10:32:50";0;0
"user_585";44;40;"2025-01-25 02:27:54";"2025-12-16 03:04:06";91.1591;712.4773;2;44;"2025-01-25 02:27:54";"2025-12-16 03:04:06";14;0
"user_586";71;59;"2025-01-29 07:24:14";"2025-07-26 12:17:24";91.7183;727.662;2;71;"2025-01-29 07:24:14";"2025-07-26 12:17:24";157;1
"user_587";70;56;"2025-01-18 01:38:25";"2025-08-07 18:31:54";88.4714;714.0286;2;70;"2025-01-18 01:38:25";"2025-08-07 18:31:54";145;1
"user_588";61;49;"2025-02-26 08:39:35";"2025-08-13 13:53:56";90.9836;723.1967;2;61;"2025-02-26 08:39:35";"2025-08-13 13:53:56";139;1
"user_589";82;66;"2025-02-15 12:22:37";"2025-09-17 21:24:42";89.9146;722.9268;1;82;"2025-02-15 12:22:37";"2025-09-17 21:24:42";104;1
"user_59";102;87;"2025-01-31 08:06:46";"2025-12-29 20:56:54";88.0882;706.9216;2;102;"2025-01-31 08:06:46";"2025-12-29 20:56:54";1;0
"user_590";93;85;"2025-01-31 01:51:11";"2025-11-26 06:56:43";88.043;699.9892;1;93;"2025-01-31 01:51:11";"2025-11-26 06:56:43";34;1
"user_591";60;48;"2025-02-23 13:05:51";"2025-08-23 02:15:17";90.05;707.2167;2;60;"2025-02-23 13:05:51";"2025-08-23 02:15:17";129;1
"user_592";50;48;"2025-01-25 11:08:09";"2025-12-30 09:06:39";90.68;715.86;2;50;"2025-01-25 11:08:09";"2025-12-30 09:06:39";0;0
"user_593";64;56;"2025-02-09 16:25:04";"2025-10-19 18:11:55";87.75;677.6094;1;64;"2025-02-09 16:25:04";"2025-10-19 18:11:55";72;1
"user_594";37;34;"2025-03-08 15:57:18";"2025-12-26 08:55:20";81.4865;652.6216;2;37;"2025-03-08 15:57:18";"2025-12-26 08:55:20";4;0
"user_595";25;22;"2025-02-01 22:53:58";"2025-12-11 10:21:07";85.92;680.44;2;25;"2025-02-01 22:53:58";"2025-12-11 10:21:07";19;0
"user_596";34;33;"2025-01-28 00:27:43";"2025-12-20 07:18:31";91.6471;776.9412;1;34;"2025-01-28 00:27:43";"2025-12-20 07:18:31";10;0
"user_597";19;19;"2025-03-19 10:56:10";"2025-12-24 15:03:24";81.2105;660.0526;1;19;"2025-03-19 10:56:10";"2025-12-24 15:03:24";6;0
"user_598";61;50;"2025-02-25 01:20:13";"2025-09-14 17:32:59";89.0;716.7705;2;61;"2025-02-25 01:20:13";"2025-09-14 17:32:59";107;1
"user_599";82;66;"2025-01-27 23:06:16";"2025-08-05 16:46:11";88.8171;707.4146;2;82;"2025-01-27 23:06:16";"2025-08-05 16:46:11";147;1
"user_6";78;69;"2025-01-20 04:10:53";"2025-07-27 21:53:59";86.3077;683.9872;1;78;"2025-01-20 04:10:53";"2025-07-27 21:53:59";156;1
"user_60";45;42;"2025-02-23 13:23:45";"2025-12-29 05:42:49";88.2444;697.1111;1;45;"2025-02-23 13:23:45";"2025-12-29 05:42:49";1;0
"user_600";110;94;"2025-01-18 03:22:23";"2025-10-15 12:24:02";86.9636;696.2545;1;110;"2025-01-18 03:22:23";"2025-10-15 12:24:02";76;1
"user_601";69;54;"2025-02-16 19:07:59";"2025-09-08 22:07:38";91.7391;752.8986;2;69;"2025-02-16 19:07:59";"2025-09-08 22:07:38";113;1
"user_602";64;53;"2025-01-11 06:46:54";"2025-08-07 03:39:33";93.6094;755.4688;2;64;"2025-01-11 06:46:54";"2025-08-07 03:39:33";145;1
"user_603";67;56;"2025-03-05 04:36:29";"2025-08-19 10:06:52";87.7313;719.3134;2;67;"2025-03-05 04:36:29";"2025-08-19 10:06:52";133;1
"user_604";84;65;"2025-01-29 21:38:18";"2025-10-01 16:57:09";87.369;695.9405;2;84;"2025-01-29 21:38:18";"2025-10-01 16:57:09";90;1
"user_605";65;54;"2025-01-26 04:23:16";"2025-07-08 17:41:43";86.7077;700.8769;2;65;"2025-01-26 04:23:16";"2025-07-08 17:41:43";175;1
"user_606";47;44;"2025-02-02 01:28:35";"2025-12-28 16:27:26";90.766;705.9149;1;47;"2025-02-02 01:28:35";"2025-12-28 16:27:26";2;0
"user_607";66;59;"2025-01-23 09:37:37";"2025-09-17 06:57:02";89.303;726.5;1;66;"2025-01-23 09:37:37";"2025-09-17 06:57:02";104;1
"user_608";50;47;"2025-02-21 05:38:04";"2025-12-28 06:19:21";87.92;695.26;2;50;"2025-02-21 05:38:04";"2025-12-28 06:19:21";2;0
"user_609";57;54;"2025-01-04 01:04:00";"2025-12-22 17:34:40";86.0175;692.5263;1;57;"2025-01-04 01:04:00";"2025-12-22 17:34:40";8;0
"user_61";57;52;"2025-01-01 07:38:23";"2025-12-29 05:27:03";86.4035;705.2982;1;57;"2025-01-01 07:38:23";"2025-12-29 05:27:03";1;0
"user_610";19;19;"2025-02-13 22:14:10";"2025-10-30 20:48:56";89.2105;682.8947;2;19;"2025-02-13 22:14:10";"2025-10-30 20:48:56";61;1
"user_611";83;73;"2025-01-21 10:27:50";"2025-10-31 19:26:18";87.1566;703.0;1;83;"2025-01-21 10:27:50";"2025-10-31 19:26:18";60;1
"user_612";20;19;"2025-02-05 06:20:45";"2025-11-29 15:51:51";78.5;660.4;1;20;"2025-02-05 06:20:45";"2025-11-29 15:51:51";31;1
"user_613";45;43;"2025-02-11 03:51:10";"2025-12-19 15:34:03";92.1778;732.8667;1;45;"2025-02-11 03:51:10";"2025-12-19 15:34:03";11;0
"user_614";79;64;"2025-02-14 21:46:55";"2025-10-04 21:21:46";87.2532;704.2658;2;79;"2025-02-14 21:46:55";"2025-10-04 21:21:46";87;1
"user_615";21;21;"2025-01-05 00:01:20";"2025-12-29 17:26:33";94.2381;752.5714;1;21;"2025-01-05 00:01:20";"2025-12-29 17:26:33";1;0
"user_616";11;11;"2025-02-11 20:45:14";"2025-12-04 00:52:01";101.9091;791.4545;2;11;"2025-02-11 20:45:14";"2025-12-04 00:52:01";26;1
"user_617";63;50;"2025-02-16 08:48:20";"2025-08-07 13:53:53";91.3333;728.2063;2;63;"2025-02-16 08:48:20";"2025-08-07 13:53:53";145;1
"user_618";66;55;"2025-02-07 17:15:34";"2025-09-17 22:18:47";90.6061;732.8182;1;66;"2025-02-07 17:15:34";"2025-09-17 22:18:47";104;1
"user_619";24;23;"2025-03-02 14:37:32";"2025-12-14 02:10:33";91.5833;731.0;1;24;"2025-03-02 14:37:32";"2025-12-14 02:10:33";16;0
"user_62";72;62;"2025-01-14 16:03:52";"2025-08-27 09:39:10";89.7222;729.0972;1;72;"2025-01-14 16:03:52";"2025-08-27 09:39:10";125;1
"user_620";20;19;"2025-04-11 13:11:11";"2025-12-24 05:42:00";92.1;725.65;1;20;"2025-04-11 13:11:11";"2025-12-24 05:42:00";6;0
"user_621";67;60;"2025-01-23 10:58:49";"2025-08-04 10:22:51";87.7313;687.7015;1;67;"2025-01-23 10:58:49";"2025-08-04 10:22:51";148;1
"user_622";73;62;"2025-02-21 05:23:53";"2025-10-20 06:23:41";92.6986;744.2192;1;73;"2025-02-21 05:23:53";"2025-10-20 06:23:41";71;1
"user_623";44;42;"2025-02-15 18:36:04";"2025-12-28 08:13:27";84.2955;663.5682;2;44;"2025-02-15 18:36:04";"2025-12-28 08:13:27";2;0
"user_624";48;44;"2025-02-18 11:48:46";"2025-12-27 16:23:01";89.4792;741.5208;2;48;"2025-02-18 11:48:46";"2025-12-27 16:23:01";3;0
"user_625";50;44;"2025-02-03 05:47:23";"2025-12-27 03:09:30";91.18;726.04;2;50;"2025-02-03 05:47:23";"2025-12-27 03:09:30";3;0
"user_626";58;53;"2025-01-22 08:23:23";"2025-12-23 05:34:19";87.8621;701.6897;1;58;"2025-01-22 08:23:23";"2025-12-23 05:34:19";7;0
"user_627";43;42;"2025-03-05 06:30:16";"2025-12-25 23:43:07";88.5116;723.186;2;43;"2025-03-05 06:30:16";"2025-12-25 23:43:07";5;0
"user_628";15;14;"2025-03-24 23:02:15";"2025-12-24 04:01:03";91.2667;745.0667;2;15;"2025-03-24 23:02:15";"2025-12-24 04:01:03";6;0
"user_629";79;75;"2025-02-20 09:56:23";"2025-12-04 14:39:54";91.9241;762.0633;1;79;"2025-02-20 09:56:23";"2025-12-04 14:39:54";26;1
"user_63";27;26;"2025-02-18 19:23:38";"2025-12-30 04:09:32";84.2222;693.0741;1;27;"2025-02-18 19:23:38";"2025-12-30 04:09:32";0;0
"user_630";65;54;"2025-01-27 09:35:18";"2025-07-07 02:56:46";84.2462;679.1692;2;65;"2025-01-27 09:35:18";"2025-07-07 02:56:46";176;1
"user_631";21;21;"2025-02-20 20:39:58";"2025-12-15 19:46:04";95.7619;792.9048;1;21;"2025-02-20 20:39:58";"2025-12-15 19:46:04";15;0
"user_632";18;17;"2025-02-28 12:42:47";"2025-12-12 22:46:30";89.5556;708.3333;2;18;"2025-02-28 12:42:47";"2025-12-12 22:46:30";18;0
"user_633";55;53;"2025-02-24 03:03:34";"2025-12-26 22:50:04";93.2545;761.4909;2;55;"2025-02-24 03:03:34";"2025-12-26 22:50:04";4;0
"user_634";50;47;"2025-02-03 15:33:41";"2025-12-27 02:54:55";90.56;718.8;2;50;"2025-02-03 15:33:41";"2025-12-27 02:54:55";3;0
"user_635";66;56;"2025-02-18 17:39:10";"2025-09-13 03:46:05";88.3939;713.9848;2;66;"2025-02-18 17:39:10";"2025-09-13 03:46:05";108;1
"user_636";58;52;"2025-01-23 04:01:56";"2025-12-27 12:24:59";95.1724;771.3966;1;58;"2025-01-23 04:01:56";"2025-12-27 12:24:59";3;0
"user_637";53;50;"2025-01-14 15:32:46";"2025-12-29 16:44:37";87.566;707.3019;2;53;"2025-01-14 15:32:46";"2025-12-29 16:44:37";1;0
"user_638";64;52;"2025-01-24 20:15:39";"2025-08-02 13:46:34";84.6719;706.1563;2;64;"2025-01-24 20:15:39";"2025-08-02 13:46:34";150;1
"user_639";65;57;"2025-01-03 05:37:26";"2025-07-09 04:31:43";89.9846;728.2;2;65;"2025-01-03 05:37:26";"2025-07-09 04:31:43";174;1
"user_64";54;49;"2025-01-05 07:28:47";"2025-12-26 00:48:28";87.1481;698.1296;2;54;"2025-01-05 07:28:47";"2025-12-26 00:48:28";4;0
"user_640";35;34;"2025-01-23 07:16:46";"2025-12-15 09:12:19";85.7714;712.3429;1;35;"2025-01-23 07:16:46";"2025-12-15 09:12:19";15;0
"user_641";82;74;"2025-01-25 13:24:07";"2025-10-08 09:33:42";90.7561;730.7805;2;82;"2025-01-25 13:24:07";"2025-10-08 09:33:42";83;1
"user_642";48;44;"2025-03-14 12:57:10";"2025-12-28 23:28:03";89.1042;755.5208;1;48;"2025-03-14 12:57:10";"2025-12-28 23:28:03";2;0
"user_643";78;64;"2025-01-07 15:12:03";"2025-08-01 05:16:37";87.3846;713.5513;1;78;"2025-01-07 15:12:03";"2025-08-01 05:16:37";151;1
"user_644";55;52;"2025-02-25 13:54:56";"2025-12-27 03:51:02";88.9455;734.1455;1;55;"2025-02-25 13:54:56";"2025-12-27 03:51:02";3;0
"user_645";73;64;"2025-02-14 02:12:02";"2025-09-14 07:06:59";85.5068;702.5616;1;73;"2025-02-14 02:12:02";"2025-09-14 07:06:59";107;1
"user_646";15;15;"2025-03-20 23:14:51";"2025-12-14 21:50:37";88.8667;683.3333;2;15;"2025-03-20 23:14:51";"2025-12-14 21:50:37";16;0
"user_647";35;33;"2025-03-01 05:43:43";"2025-12-26 07:03:46";91.6857;737.3714;2;35;"2025-03-01 05:43:43";"2025-12-26 07:03:46";4;0
"user_648";26;26;"2025-01-21 15:36:25";"2025-12-09 13:40:04";87.1923;687.9231;2;26;"2025-01-21 15:36:25";"2025-12-09 13:40:04";21;0
"user_649";16;16;"2025-01-14 16:54:28";"2025-11-11 17:57:18";97.5;810.0625;1;16;"2025-01-14 16:54:28";"2025-11-11 17:57:18";49;1
"user_65";87;73;"2025-02-13 13:07:06";"2025-11-11 10:31:02";88.1149;723.092;1;87;"2025-02-13 13:07:06";"2025-11-11 10:31:02";49;1
"user_650";49;46;"2025-01-22 18:24:11";"2025-12-25 06:14:18";89.5714;720.6531;2;49;"2025-01-22 18:24:11";"2025-12-25 06:14:18";5;0
"user_651";60;49;"2025-02-05 00:22:47";"2025-07-23 22:27:30";87.3333;694.65;1;60;"2025-02-05 00:22:47";"2025-07-23 22:27:30";160;1
"user_652";53;50;"2025-02-19 02:37:49";"2025-12-24 14:00:30";91.717;739.434;1;53;"2025-02-19 02:37:49";"2025-12-24 14:00:30";6;0
"user_653";42;37;"2025-01-25 21:38:42";"2025-12-29 16:30:10";87.7381;706.3095;1;42;"2025-01-25 21:38:42";"2025-12-29 16:30:10";1;0
"user_654";23;23;"2025-02-20 02:15:04";"2025-12-29 09:10:18";89.6522;747.5217;2;23;"2025-02-20 02:15:04";"2025-12-29 09:10:18";1;0
"user_655";47;44;"2025-01-25 22:17:25";"2025-12-28 15:58:56";87.8298;709.9149;1;47;"2025-01-25 22:17:25";"2025-12-28 15:58:56";2;0
"user_656";60;53;"2025-01-18 13:37:35";"2025-06-17 06:11:03";87.9167;719.1333;1;60;"2025-01-18 13:37:35";"2025-06-17 06:11:03";196;1
"user_657";102;87;"2025-01-12 16:03:29";"2025-10-28 00:12:11";86.9706;692.6961;1;102;"2025-01-12 16:03:29";"2025-10-28 00:12:11";63;1
"user_658";55;52;"2025-02-12 09:51:43";"2025-12-18 13:55:53";89.2909;720.8545;2;55;"2025-02-12 09:51:43";"2025-12-18 13:55:53";12;0
"user_659";49;47;"2025-01-25 07:04:36";"2025-12-19 07:59:58";91.4286;744.2041;2;49;"2025-01-25 07:04:36";"2025-12-19 07:59:58";11;0
"user_66";54;51;"2025-01-26 14:17:36";"2025-12-29 09:13:46";88.4074;718.6296;1;54;"2025-01-26 14:17:36";"2025-12-29 09:13:46";1;0
"user_660";41;39;"2025-02-25 23:08:47";"2025-12-18 10:13:42";89.3659;730.878;2;41;"2025-02-25 23:08:47";"2025-12-18 10:13:42";12;0
"user_661";51;48;"2025-02-25 05:38:50";"2025-12-28 03:17:05";87.1373;713.6863;1;51;"2025-02-25 05:38:50";"2025-12-28 03:17:05";2;0
"user_662";12;12;"2025-03-13 18:10:19";"2025-11-14 10:08:25";98.1667;754.3333;2;12;"2025-03-13 18:10:19";"2025-11-14 10:08:25";46;1
"user_663";54;51;"2025-01-12 03:17:09";"2025-12-29 09:36:03";91.9815;696.8333;2;54;"2025-01-12 03:17:09";"2025-12-29 09:36:03";1;0
"user_664";66;59;"2025-01-18 01:12:30";"2025-07-06 07:29:35";92.5;723.4242;1;66;"2025-01-18 01:12:30";"2025-07-06 07:29:35";177;1
"user_665";63;53;"2025-02-15 17:15:40";"2025-09-13 14:40:07";89.4603;746.8413;2;63;"2025-02-15 17:15:40";"2025-09-13 14:40:07";108;1
"user_666";89;74;"2025-02-08 13:14:40";"2025-12-20 15:01:25";86.6629;705.6854;2;89;"2025-02-08 13:14:40";"2025-12-20 15:01:25";10;0
"user_667";75;65;"2025-02-10 02:13:57";"2025-09-13 22:15:19";89.2133;716.5733;1;75;"2025-02-10 02:13:57";"2025-09-13 22:15:19";108;1
"user_668";101;90;"2025-02-19 02:19:03";"2025-11-21 09:02:42";89.8614;742.2475;2;101;"2025-02-19 02:19:03";"2025-11-21 09:02:42";39;1
"user_669";78;68;"2025-01-04 17:15:30";"2025-09-16 07:19:50";91.5513;727.4359;2;78;"2025-01-04 17:15:30";"2025-09-16 07:19:50";105;1
"user_67";81;71;"2025-02-05 23:40:09";"2025-10-26 19:32:24";91.6049;749.4074;2;81;"2025-02-05 23:40:09";"2025-10-26 19:32:24";65;1
"user_670";65;54;"2025-02-15 05:37:10";"2025-08-29 23:19:04";90.3385;718.5385;2;65;"2025-02-15 05:37:10";"2025-08-29 23:19:04";123;1
"user_671";104;89;"2025-01-26 11:17:17";"2025-11-25 20:45:59";87.75;695.1442;2;104;"2025-01-26 11:17:17";"2025-11-25 20:45:59";35;1
"user_672";20;19;"2025-01-25 20:26:46";"2025-12-26 20:10:48";87.4;678.25;2;20;"2025-01-25 20:26:46";"2025-12-26 20:10:48";4;0
"user_673";64;51;"2025-01-31 15:54:29";"2025-07-25 21:30:26";92.5;755.9375;2;64;"2025-01-31 15:54:29";"2025-07-25 21:30:26";158;1
"user_674";48;44;"2025-01-18 16:12:32";"2025-12-25 17:33:14";93.0625;779.9792;2;48;"2025-01-18 16:12:32";"2025-12-25 17:33:14";5;0
"user_675";50;47;"2025-01-10 01:35:23";"2025-12-15 00:27:39";92.82;751.12;2;50;"2025-01-10 01:35:23";"2025-12-15 00:27:39";15;0
"user_676";16;16;"2025-02-03 13:47:54";"2025-12-29 08:46:33";98.625;779.125;1;16;"2025-02-03 13:47:54";"2025-12-29 08:46:33";1;0
"user_677";63;53;"2025-02-02 15:35:07";"2025-09-08 15:43:51";85.9048;705.4444;2;63;"2025-02-02 15:35:07";"2025-09-08 15:43:51";113;1
"user_678";58;56;"2025-01-20 14:01:45";"2025-12-15 07:12:36";91.6207;730.3621;2;58;"2025-01-20 14:01:45";"2025-12-15 07:12:36";15;0
"user_679";18;17;"2025-01-10 12:06:28";"2025-12-09 11:44:17";93.8333;697.5556;2;18;"2025-01-10 12:06:28";"2025-12-09 11:44:17";21;0
"user_68";26;26;"2025-03-15 03:31:21";"2025-12-19 16:57:27";87.8462;712.4231;2;26;"2025-03-15 03:31:21";"2025-12-19 16:57:27";11;0
"user_680";13;13;"2025-04-09 16:05:58";"2025-12-21 20:38:32";88.0769;736.0;1;13;"2025-04-09 16:05:58";"2025-12-21 20:38:32";9;0
"user_681";13;12;"2025-02-07 03:57:57";"2025-12-11 13:15:53";87.1538;661.9231;2;13;"2025-02-07 03:57:57";"2025-12-11 13:15:53";19;0
"user_682";74;63;"2025-01-21 17:46:01";"2025-08-23 23:40:35";90.2432;718.2703;2;74;"2025-01-21 17:46:01";"2025-08-23 23:40:35";129;1
"user_683";87;80;"2025-01-06 16:32:14";"2025-10-27 13:23:19";91.5287;719.5977;2;87;"2025-01-06 16:32:14";"2025-10-27 13:23:19";64;1
"user_684";23;23;"2025-01-23 00:53:52";"2025-12-21 01:59:19";88.1304;712.5652;1;23;"2025-01-23 00:53:52";"2025-12-21 01:59:19";9;0
"user_685";18;18;"2025-02-15 12:21:47";"2025-12-11 15:49:49";87.1667;682.2778;1;18;"2025-02-15 12:21:47";"2025-12-11 15:49:49";19;0
"user_686";48;43;"2025-02-26 04:34:02";"2025-12-24 08:02:40";88.9583;699.875;1;48;"2025-02-26 04:34:02";"2025-12-24 08:02:40";6;0
"user_687";53;50;"2025-01-20 15:36:58";"2025-12-27 18:26:14";86.2642;712.4906;1;53;"2025-01-20 15:36:58";"2025-12-27 18:26:14";3;0
"user_688";60;53;"2025-01-19 05:03:02";"2025-06-27 18:55:41";88.1167;731.8;2;60;"2025-01-19 05:03:02";"2025-06-27 18:55:41";186;1
"user_689";23;22;"2025-02-21 04:28:56";"2025-12-08 18:39:04";86.7391;674.0435;2;23;"2025-02-21 04:28:56";"2025-12-08 18:39:04";22;1
"user_69";76;69;"2025-01-31 13:37:31";"2025-09-28 00:37:53";91.9737;769.0789;2;76;"2025-01-31 13:37:31";"2025-09-28 00:37:53";93;1
"user_690";60;53;"2025-01-19 01:25:02";"2025-07-21 06:30:57";85.1;688.85;2;60;"2025-01-19 01:25:02";"2025-07-21 06:30:57";162;1
"user_691";36;35;"2025-02-09 22:41:39";"2025-12-22 05:08:41";88.3056;681.1944;1;36;"2025-02-09 22:41:39";"2025-12-22 05:08:41";8;0
"user_692";48;45;"2025-01-25 23:21:48";"2025-12-12 07:21:18";87.3542;694.9375;1;48;"2025-01-25 23:21:48";"2025-12-12 07:21:18";18;0
"user_693";57;51;"2025-01-21 23:00:16";"2025-12-19 04:59:25";91.5789;735.7368;2;57;"2025-01-21 23:00:16";"2025-12-19 04:59:25";11;0
"user_694";68;57;"2025-02-05 06:49:09";"2025-07-27 06:07:56";90.9853;714.2353;2;68;"2025-02-05 06:49:09";"2025-07-27 06:07:56";156;1
"user_695";61;50;"2025-01-26 15:18:21";"2025-07-15 02:06:24";90.6885;720.459;2;61;"2025-01-26 15:18:21";"2025-07-15 02:06:24";168;1
"user_696";58;52;"2025-01-30 15:22:15";"2025-12-26 01:26:03";85.4828;686.6034;2;58;"2025-01-30 15:22:15";"2025-12-26 01:26:03";4;0
"user_697";92;76;"2025-01-02 04:07:46";"2025-08-20 14:36:56";86.2609;680.9022;2;92;"2025-01-02 04:07:46";"2025-08-20 14:36:56";132;1
"user_698";44;40;"2025-01-25 10:54:20";"2025-12-23 02:44:29";87.3864;702.1591;2;44;"2025-01-25 10:54:20";"2025-12-23 02:44:29";7;0
"user_699";77;66;"2025-02-01 10:43:33";"2025-09-03 11:15:33";88.039;720.0649;2;77;"2025-02-01 10:43:33";"2025-09-03 11:15:33";118;1
"user_7";80;65;"2025-01-07 03:08:23";"2025-08-27 14:30:53";88.75;715.6375;2;80;"2025-01-07 03:08:23";"2025-08-27 14:30:53";125;1
"user_70";23;22;"2025-01-25 08:47:00";"2025-12-20 02:20:22";89.3913;712.3043;2;23;"2025-01-25 08:47:00";"2025-12-20 02:20:22";10;0
"user_700";50;49;"2025-03-02 22:31:15";"2025-12-27 04:04:00";91.68;737.06;2;50;"2025-03-02 22:31:15";"2025-12-27 04:04:00";3;0
"user_701";46;44;"2025-01-21 09:19:21";"2025-12-18 11:02:35";89.3261;707.913;2;46;"2025-01-21 09:19:21";"2025-12-18 11:02:35";12;0
"user_702";103;89;"2025-01-16 22:25:31";"2025-11-18 18:00:59";88.2621;710.9806;1;103;"2025-01-16 22:25:31";"2025-11-18 18:00:59";42;1
"user_703";43;40;"2025-02-01 17:47:17";"2025-12-29 07:50:17";92.907;737.2093;2;43;"2025-02-01 17:47:17";"2025-12-29 07:50:17";1;0
"user_704";60;46;"2025-01-27 03:04:22";"2025-07-18 01:58:01";89.0333;737.6667;1;60;"2025-01-27 03:04:22";"2025-07-18 01:58:01";165;1
"user_705";94;83;"2025-03-02 16:26:12";"2025-11-24 13:22:42";88.8298;715.1596;1;94;"2025-03-02 16:26:12";"2025-11-24 13:22:42";36;1
"user_706";17;16;"2025-02-13 12:16:27";"2025-12-16 12:53:59";81.1176;631.7059;1;17;"2025-02-13 12:16:27";"2025-12-16 12:53:59";14;0
"user_707";47;44;"2025-01-22 16:45:32";"2025-12-29 09:07:42";91.6383;720.4255;2;47;"2025-01-22 16:45:32";"2025-12-29 09:07:42";1;0
"user_708";15;15;"2025-04-29 14:22:36";"2025-12-15 16:37:54";80.1333;698.0;1;15;"2025-04-29 14:22:36";"2025-12-15 16:37:54";15;0
"user_709";65;58;"2025-01-21 02:24:42";"2025-08-14 16:36:03";87.4308;702.4462;2;65;"2025-01-21 02:24:42";"2025-08-14 16:36:03";138;1
"user_71";19;19;"2025-04-19 00:09:34";"2025-12-22 17:44:23";82.1579;652.4737;1;19;"2025-04-19 00:09:34";"2025-12-22 17:44:23";8;0
"user_710";22;22;"2025-02-19 05:19:11";"2025-12-22 23:44:23";86.0455;653.4545;1;22;"2025-02-19 05:19:11";"2025-12-22 23:44:23";8;0
"user_711";25;24;"2025-01-19 20:44:00";"2025-12-19 00:51:41";98.72;806.92;1;25;"2025-01-19 20:44:00";"2025-12-19 00:51:41";11;0
"user_712";47;41;"2025-01-21 02:53:19";"2025-12-25 14:28:23";89.234;727.617;2;47;"2025-01-21 02:53:19";"2025-12-25 14:28:23";5;0
"user_713";72;65;"2025-01-04 01:15:06";"2025-12-24 12:06:09";90.6667;731.4583;1;72;"2025-01-04 01:15:06";"2025-12-24 12:06:09";6;0
"user_714";51;49;"2025-01-22 15:58:22";"2025-12-20 05:40:47";85.8824;663.0784;1;51;"2025-01-22 15:58:22";"2025-12-20 05:40:47";10;0
"user_715";48;43;"2025-02-25 06:44:19";"2025-12-23 18:14:44";82.6042;669.3333;1;48;"2025-02-25 06:44:19";"2025-12-23 18:14:44";7;0
"user_716";15;14;"2025-02-15 19:05:32";"2025-11-25 14:51:36";89.8667;725.7333;1;15;"2025-02-15 19:05:32";"2025-11-25 14:51:36";35;1
"user_717";20;20;"2025-01-11 08:59:14";"2025-12-20 15:26:13";94.8;753.05;2;20;"2025-01-11 08:59:14";"2025-12-20 15:26:13";10;0
"user_718";13;13;"2025-01-19 15:00:18";"2025-10-31 06:24:22";84.0769;686.8462;1;13;"2025-01-19 15:00:18";"2025-10-31 06:24:22";60;1
"user_719";64;50;"2025-02-18 14:12:21";"2025-08-10 20:01:21";88.0156;715.3906;1;64;"2025-02-18 14:12:21";"2025-08-10 20:01:21";142;1
"user_72";88;76;"2025-01-09 14:39:07";"2025-11-04 09:42:37";88.9773;698.1591;2;88;"2025-01-09 14:39:07";"2025-11-04 09:42:37";56;1
"user_720";29;27;"2025-03-19 18:46:24";"2025-12-27 09:56:40";89.3448;707.8276;1;29;"2025-03-19 18:46:24";"2025-12-27 09:56:40";3;0
"user_721";14;14;"2025-03-17 04:22:42";"2025-12-25 21:45:34";94.4286;779.6429;2;14;"2025-03-17 04:22:42";"2025-12-25 21:45:34";5;0
"user_722";89;75;"2025-02-03 00:25:59";"2025-11-29 23:46:04";90.9888;756.5955;1;89;"2025-02-03 00:25:59";"2025-11-29 23:46:04";31;1
"user_723";92;76;"2025-02-08 03:06:27";"2025-11-01 09:44:38";89.6087;707.0217;2;92;"2025-02-08 03:06:27";"2025-11-01 09:44:38";59;1
"user_724";17;17;"2025-04-14 02:02:10";"2025-12-18 18:59:04";85.5294;686.1176;2;17;"2025-04-14 02:02:10";"2025-12-18 18:59:04";12;0
"user_725";43;42;"2025-01-30 05:58:56";"2025-12-30 16:26:23";88.1163;699.093;2;43;"2025-01-30 05:58:56";"2025-12-30 16:26:23";0;0
"user_726";36;33;"2025-01-19 00:25:18";"2025-12-13 00:17:50";89.1111;748.5278;2;36;"2025-01-19 00:25:18";"2025-12-13 00:17:50";17;0
"user_727";60;52;"2025-02-18 10:54:39";"2025-08-21 22:35:04";86.8;693.8667;2;60;"2025-02-18 10:54:39";"2025-08-21 22:35:04";131;1
"user_728";25;24;"2025-02-24 10:12:55";"2025-12-10 11:33:53";85.6;654.2;2;25;"2025-02-24 10:12:55";"2025-12-10 11:33:53";20;0
"user_729";61;53;"2025-02-06 00:58:32";"2025-08-11 22:10:24";86.1639;699.1475;2;61;"2025-02-06 00:58:32";"2025-08-11 22:10:24";141;1
"user_73";86;77;"2025-01-18 22:17:15";"2025-12-27 18:50:14";89.7209;752.4302;1;86;"2025-01-18 22:17:15";"2025-12-27 18:50:14";3;0
"user_730";68;59;"2025-01-27 15:24:30";"2025-09-13 22:14:47";89.5441;731.3824;1;68;"2025-01-27 15:24:30";"2025-09-13 22:14:47";108;1
"user_731";61;53;"2025-01-29 02:54:43";"2025-08-01 18:07:05";91.8197;717.6885;1;61;"2025-01-29 02:54:43";"2025-08-01 18:07:05";151;1
"user_732";28;27;"2025-02-11 11:59:12";"2025-12-14 04:37:59";88.3214;715.0714;2;28;"2025-02-11 11:59:12";"2025-12-14 04:37:59";16;0
"user_733";32;32;"2025-03-02 16:32:00";"2025-12-21 00:11:01";90.4688;789.5;2;32;"2025-03-02 16:32:00";"2025-12-21 00:11:01";9;0
"user_734";29;27;"2025-02-17 00:05:36";"2025-12-11 07:43:35";90.1379;745.069;2;29;"2025-02-17 00:05:36";"2025-12-11 07:43:35";19;0
"user_735";36;35;"2025-02-23 14:18:48";"2025-12-11 01:10:03";84.8056;667.6667;1;36;"2025-02-23 14:18:48";"2025-12-11 01:10:03";19;0
"user_736";22;20;"2025-02-02 01:47:28";"2025-12-20 10:11:35";84.1818;671.0909;2;22;"2025-02-02 01:47:28";"2025-12-20 10:11:35";10;0
"user_737";47;46;"2025-02-05 09:54:13";"2025-12-24 19:24:25";90.4681;758.0851;2;47;"2025-02-05 09:54:13";"2025-12-24 19:24:25";6;0
"user_738";17;17;"2025-03-08 21:32:03";"2025-12-25 11:54:38";82.7059;635.7059;1;17;"2025-03-08 21:32:03";"2025-12-25 11:54:38";5;0
"user_739";46;44;"2025-01-08 18:13:18";"2025-12-29 20:11:15";90.913;756.4565;1;46;"2025-01-08 18:13:18";"2025-12-29 20:11:15";1;0
"user_74";24;23;"2025-01-10 00:40:06";"2025-12-22 08:49:19";87.25;698.0417;2;24;"2025-01-10 00:40:06";"2025-12-22 08:49:19";8;0
"user_740";54;49;"2025-02-28 01:24:49";"2025-12-18 18:12:48";88.7593;715.8333;2;54;"2025-02-28 01:24:49";"2025-12-18 18:12:48";12;0
"user_741";55;49;"2025-02-04 15:17:26";"2025-12-25 17:46:18";91.2909;731.8545;1;55;"2025-02-04 15:17:26";"2025-12-25 17:46:18";5;0
"user_742";42;41;"2025-02-03 23:29:37";"2025-12-21 15:59:40";93.2143;767.1429;2;42;"2025-02-03 23:29:37";"2025-12-21 15:59:40";9;0
"user_743";20;19;"2025-02-25 00:00:50";"2025-12-24 11:52:53";94.2;751.8;1;20;"2025-02-25 00:00:50";"2025-12-24 11:52:53";6;0
"user_744";42;41;"2025-02-21 04:52:51";"2025-12-30 03:54:49";93.0952;763.8571;2;42;"2025-02-21 04:52:51";"2025-12-30 03:54:49";0;0
"user_745";112;95;"2025-01-20 19:23:03";"2025-12-12 18:26:34";91.5357;734.7768;2;112;"2025-01-20 19:23:03";"2025-12-12 18:26:34";18;0
"user_746";11;11;"2025-03-20 11:57:18";"2025-12-21 04:09:51";92.3636;733.4545;2;11;"2025-03-20 11:57:18";"2025-12-21 04:09:51";9;0
"user_747";47;45;"2025-02-10 13:52:18";"2025-12-20 13:48:43";92.4043;767.1277;2;47;"2025-02-10 13:52:18";"2025-12-20 13:48:43";10;0
"user_748";40;40;"2025-03-01 05:27:08";"2025-12-27 07:29:01";91.25;751.475;2;40;"2025-03-01 05:27:08";"2025-12-27 07:29:01";3;0
"user_749";17;17;"2025-01-14 09:13:33";"2025-12-29 13:16:22";89.8235;751.3529;2;17;"2025-01-14 09:13:33";"2025-12-29 13:16:22";1;0
"user_75";17;17;"2025-01-23 21:05:39";"2025-12-20 18:04:42";86.3529;700.4706;2;17;"2025-01-23 21:05:39";"2025-12-20 18:04:42";10;0
"user_750";46;41;"2025-03-03 10:38:16";"2025-12-30 05:25:23";88.2174;686.3261;2;46;"2025-03-03 10:38:16";"2025-12-30 05:25:23";0;0
"user_751";90;71;"2025-01-16 02:34:31";"2025-08-27 08:09:49";86.9778;707.3778;2;90;"2025-01-16 02:34:31";"2025-08-27 08:09:49";125;1
"user_752";13;13;"2025-02-28 03:06:45";"2025-12-03 01:22:08";91.0;748.5385;1;13;"2025-02-28 03:06:45";"2025-12-03 01:22:08";27;1
"user_753";31;30;"2025-01-19 09:08:54";"2025-12-28 12:45:14";84.6774;675.9355;2;31;"2025-01-19 09:08:54";"2025-12-28 12:45:14";2;0
"user_754";32;32;"2025-03-08 23:41:58";"2025-12-23 10:51:23";87.7188;700.8438;1;32;"2025-03-08 23:41:58";"2025-12-23 10:51:23";7;0
"user_755";69;58;"2025-02-04 08:14:01";"2025-08-20 04:57:23";89.4058;730.2464;1;69;"2025-02-04 08:14:01";"2025-08-20 04:57:23";132;1
"user_756";24;24;"2025-03-06 14:05:38";"2025-12-11 12:08:15";87.6667;721.5833;1;24;"2025-03-06 14:05:38";"2025-12-11 12:08:15";19;0
"user_757";59;55;"2025-01-05 21:57:48";"2025-12-26 19:42:46";91.5932;739.9831;2;59;"2025-01-05 21:57:48";"2025-12-26 19:42:46";4;0
"user_758";39;37;"2025-01-22 18:02:03";"2025-12-14 16:09:37";90.8205;724.1026;1;39;"2025-01-22 18:02:03";"2025-12-14 16:09:37";16;0
"user_759";13;13;"2025-01-28 19:09:36";"2025-12-13 01:51:36";95.2308;761.8462;1;13;"2025-01-28 19:09:36";"2025-12-13 01:51:36";17;0
"user_76";28;28;"2025-01-02 18:23:01";"2025-12-28 13:55:49";91.2857;731.9643;2;28;"2025-01-02 18:23:01";"2025-12-28 13:55:49";2;0
"user_760";23;23;"2025-04-02 08:02:50";"2025-12-14 21:50:26";87.7826;681.4783;1;23;"2025-04-02 08:02:50";"2025-12-14 21:50:26";16;0
"user_761";86;71;"2025-01-04 10:34:00";"2025-10-19 19:41:41";86.0116;707.2093;2;86;"2025-01-04 10:34:00";"2025-10-19 19:41:41";72;1
"user_762";44;40;"2025-03-03 20:02:55";"2025-12-28 18:58:05";89.7045;716.8864;1;44;"2025-03-03 20:02:55";"2025-12-28 18:58:05";2;0
"user_763";81;72;"2025-01-20 06:43:42";"2025-09-14 13:22:10";84.9012;676.7037;1;81;"2025-01-20 06:43:42";"2025-09-14 13:22:10";107;1
"user_764";23;23;"2025-02-02 16:41:16";"2025-12-26 01:44:56";88.2174;710.3043;1;23;"2025-02-02 16:41:16";"2025-12-26 01:44:56";4;0
"user_765";84;71;"2025-01-28 04:18:11";"2025-10-11 08:14:36";87.4524;710.3929;2;84;"2025-01-28 04:18:11";"2025-10-11 08:14:36";80;1
"user_766";43;41;"2025-01-31 06:02:04";"2025-12-27 18:00:59";91.7674;723.5349;1;43;"2025-01-31 06:02:04";"2025-12-27 18:00:59";3;0
"user_767";26;24;"2025-01-12 23:02:52";"2025-12-23 20:59:44";87.6923;700.2308;2;26;"2025-01-12 23:02:52";"2025-12-23 20:59:44";7;0
"user_768";15;14;"2025-02-18 10:49:06";"2025-12-03 01:43:21";84.9333;693.2667;2;15;"2025-02-18 10:49:06";"2025-12-03 01:43:21";27;1
"user_769";54;48;"2025-01-28 20:01:13";"2025-12-13 22:17:49";90.2037;733.1852;1;54;"2025-01-28 20:01:13";"2025-12-13 22:17:49";17;0
"user_77";25;23;"2025-01-12 22:01:31";"2025-12-04 03:38:10";93.24;745.84;1;25;"2025-01-12 22:01:31";"2025-12-04 03:38:10";26;1
"user_770";22;21;"2025-02-07 06:38:14";"2025-12-11 10:53:49";89.1364;702.5;1;22;"2025-02-07 06:38:14";"2025-12-11 10:53:49";19;0
"user_771";60;51;"2025-01-31 09:50:09";"2025-07-18 09:56:13";90.5333;723.8333;1;60;"2025-01-31 09:50:09";"2025-07-18 09:56:13";165;1
"user_772";32;32;"2025-01-24 08:39:22";"2025-12-28 19:52:04";89.4688;723.3125;2;32;"2025-01-24 08:39:22";"2025-12-28 19:52:04";2;0
"user_773";68;62;"2025-02-17 10:24:18";"2025-09-08 15:53:17";88.5147;700.5882;2;68;"2025-02-17 10:24:18";"2025-09-08 15:53:17";113;1
"user_774";51;49;"2025-01-23 13:45:50";"2025-12-29 09:46:10";88.5882;718.6863;2;51;"2025-01-23 13:45:50";"2025-12-29 09:46:10";1;0
"user_775";21;21;"2025-02-26 12:30:04";"2025-11-29 09:12:41";88.3333;722.1905;1;21;"2025-02-26 12:30:04";"2025-11-29 09:12:41";31;1
"user_776";78;68;"2025-02-27 19:21:48";"2025-11-14 19:14:55";91.1026;725.4103;2;78;"2025-02-27 19:21:48";"2025-11-14 19:14:55";46;1
"user_777";60;50;"2025-01-06 11:32:06";"2025-06-10 22:16:18";88.8167;705.3667;2;60;"2025-01-06 11:32:06";"2025-06-10 22:16:18";203;1
"user_778";23;22;"2025-01-16 21:25:52";"2025-12-11 09:16:47";91.087;734.087;1;23;"2025-01-16 21:25:52";"2025-12-11 09:16:47";19;0
"user_779";24;24;"2025-02-16 02:23:01";"2025-12-28 05:23:32";91.5417;747.3333;1;24;"2025-02-16 02:23:01";"2025-12-28 05:23:32";2;0
"user_78";65;56;"2025-01-17 18:50:49";"2025-08-07 17:41:21";88.3385;707.2;2;65;"2025-01-17 18:50:49";"2025-08-07 17:41:21";145;1
"user_780";48;42;"2025-02-01 12:57:08";"2025-12-22 18:13:27";93.4583;724.2917;1;48;"2025-02-01 12:57:08";"2025-12-22 18:13:27";8;0
"user_781";25;24;"2025-02-09 11:25:45";"2025-12-28 08:26:26";84.56;637.4;2;25;"2025-02-09 11:25:45";"2025-12-28 08:26:26";2;0
"user_782";43;39;"2025-02-06 05:18:44";"2025-12-25 10:47:21";87.0698;662.3953;1;43;"2025-02-06 05:18:44";"2025-12-25 10:47:21";5;0
"user_783";102;84;"2025-02-27 10:35:54";"2025-12-18 19:18:25";87.7941;706.7745;1;102;"2025-02-27 10:35:54";"2025-12-18 19:18:25";12;0
"user_784";46;42;"2025-02-13 04:44:01";"2025-12-10 18:38:26";88.1957;701.8043;1;46;"2025-02-13 04:44:01";"2025-12-10 18:38:26";20;0
"user_785";82;67;"2025-01-15 05:12:58";"2025-09-08 16:40:55";91.6341;741.2439;2;82;"2025-01-15 05:12:58";"2025-09-08 16:40:55";113;1
"user_786";15;14;"2025-02-13 02:46:22";"2025-12-20 23:28:54";93.6667;766.6667;2;15;"2025-02-13 02:46:22";"2025-12-20 23:28:54";10;0
"user_787";55;54;"2025-01-09 08:40:09";"2025-12-15 16:10:43";88.9636;717.8182;2;55;"2025-01-09 08:40:09";"2025-12-15 16:10:43";15;0
"user_788";41;35;"2025-03-01 13:57:23";"2025-12-11 21:36:13";86.6585;688.5366;1;41;"2025-03-01 13:57:23";"2025-12-11 21:36:13";19;0
"user_789";43;39;"2025-02-20 08:28:11";"2025-12-21 13:29:16";91.5116;710.4884;2;43;"2025-02-20 08:28:11";"2025-12-21 13:29:16";9;0
"user_79";46;43;"2025-01-13 14:01:28";"2025-12-12 06:51:16";88.5217;702.3696;1;46;"2025-01-13 14:01:28";"2025-12-12 06:51:16";18;0
"user_790";11;11;"2025-02-11 15:57:04";"2025-11-04 15:23:51";100.1818;854.3636;1;11;"2025-02-11 15:57:04";"2025-11-04 15:23:51";56;1
"user_791";90;80;"2025-02-14 01:17:59";"2025-12-16 07:21:57";89.7556;715.0222;1;90;"2025-02-14 01:17:59";"2025-12-16 07:21:57";14;0
"user_792";48;44;"2025-03-16 12:29:21";"2025-12-29 15:03:56";87.1458;690.5208;2;48;"2025-03-16 12:29:21";"2025-12-29 15:03:56";1;0
"user_793";47;45;"2025-01-14 17:20:37";"2025-12-28 10:00:48";89.7447;719.8298;1;47;"2025-01-14 17:20:37";"2025-12-28 10:00:48";2;0
"user_794";45;42;"2025-02-13 08:59:20";"2025-12-30 10:21:05";85.6889;685.4889;1;45;"2025-02-13 08:59:20";"2025-12-30 10:21:05";0;0
"user_795";72;58;"2025-01-18 03:43:57";"2025-09-19 22:07:55";87.4722;722.3472;1;72;"2025-01-18 03:43:57";"2025-09-19 22:07:55";102;1
"user_796";20;20;"2025-01-02 03:55:19";"2025-12-20 14:21:47";93.35;743.8;1;20;"2025-01-02 03:55:19";"2025-12-20 14:21:47";10;0
"user_797";17;16;"2025-01-17 21:18:23";"2025-10-06 12:52:48";94.5882;798.5294;1;17;"2025-01-17 21:18:23";"2025-10-06 12:52:48";85;1
"user_798";58;50;"2025-02-02 10:27:06";"2025-12-19 11:39:35";92.6034;742.931;1;58;"2025-02-02 10:27:06";"2025-12-19 11:39:35";11;0
"user_799";22;21;"2025-02-11 13:21:22";"2025-12-23 15:57:11";95.9091;811.3636;2;22;"2025-02-11 13:21:22";"2025-12-23 15:57:11";7;0
"user_8";20;20;"2025-02-03 10:29:07";"2025-12-10 20:36:18";89.3;733.95;2;20;"2025-02-03 10:29:07";"2025-12-10 20:36:18";20;0
"user_80";89;81;"2025-02-05 20:59:11";"2025-11-29 22:40:44";91.8202;739.7528;1;89;"2025-02-05 20:59:11";"2025-11-29 22:40:44";31;1
"user_800";14;13;"2025-04-10 16:49:05";"2025-12-29 13:29:56";97.5;787.0;1;14;"2025-04-10 16:49:05";"2025-12-29 13:29:56";1;0
"user_801";24;23;"2025-02-28 14:19:59";"2025-12-23 09:30:54";92.9167;724.5833;1;24;"2025-02-28 14:19:59";"2025-12-23 09:30:54";7;0
"user_802";82;75;"2025-01-18 18:13:06";"2025-10-05 11:22:30";91.0488;745.6951;1;82;"2025-01-18 18:13:06";"2025-10-05 11:22:30";86;1
"user_803";56;51;"2025-01-21 06:30:06";"2025-12-26 21:10:01";89.7679;709.6429;1;56;"2025-01-21 06:30:06";"2025-12-26 21:10:01";4;0
"user_804";36;33;"2025-01-19 03:41:19";"2025-12-20 21:25:41";89.3889;741.1944;1;36;"2025-01-19 03:41:19";"2025-12-20 21:25:41";10;0
"user_805";54;50;"2025-02-14 09:44:54";"2025-12-07 19:38:25";89.2037;721.8889;2;54;"2025-02-14 09:44:54";"2025-12-07 19:38:25";23;1
"user_806";36;33;"2025-02-06 01:21:04";"2025-12-28 16:27:48";87.9444;680.2222;1;36;"2025-02-06 01:21:04";"2025-12-28 16:27:48";2;0
"user_807";7;7;"2025-02-25 22:14:17";"2025-12-17 09:18:12";91.4286;682.5714;2;7;"2025-02-25 22:14:17";"2025-12-17 09:18:12";13;0
"user_808";14;14;"2025-03-13 00:49:36";"2025-12-21 04:07:30";91.0714;798.6429;2;14;"2025-03-13 00:49:36";"2025-12-21 04:07:30";9;0
"user_809";53;50;"2025-03-13 21:38:05";"2025-12-25 05:25:07";89.0189;730.4151;2;53;"2025-03-13 21:38:05";"2025-12-25 05:25:07";5;0
"user_81";22;19;"2025-01-07 02:30:04";"2025-12-27 22:40:25";87.9091;737.0909;1;22;"2025-01-07 02:30:04";"2025-12-27 22:40:25";3;0
"user_810";62;52;"2025-03-01 05:15:49";"2025-07-31 18:34:07";91.7903;763.9677;1;62;"2025-03-01 05:15:49";"2025-07-31 18:34:07";152;1
"user_811";9;9;"2025-02-22 16:29:15";"2025-10-03 14:31:27";101.0;816.6667;2;9;"2025-02-22 16:29:15";"2025-10-03 14:31:27";88;1
"user_812";19;19;"2025-03-25 22:25:04";"2025-12-21 01:33:51";93.7368;741.0;2;19;"2025-03-25 22:25:04";"2025-12-21 01:33:51";9;0
"user_813";96;75;"2025-02-04 08:13:43";"2025-09-28 08:51:49";93.8333;752.7708;2;96;"2025-02-04 08:13:43";"2025-09-28 08:51:49";93;1
"user_814";21;20;"2025-01-08 05:24:06";"2025-12-24 02:19:17";89.0952;681.1429;2;21;"2025-01-08 05:24:06";"2025-12-24 02:19:17";6;0
"user_815";13;12;"2025-03-23 21:28:05";"2025-11-02 19:35:35";82.1538;694.8462;2;13;"2025-03-23 21:28:05";"2025-11-02 19:35:35";58;1
"user_816";39;37;"2025-02-26 13:26:53";"2025-12-30 15:04:40";88.1026;731.8205;1;39;"2025-02-26 13:26:53";"2025-12-30 15:04:40";0;0
"user_817";52;46;"2025-02-18 08:50:48";"2025-12-30 04:12:33";88.5192;715.7115;1;52;"2025-02-18 08:50:48";"2025-12-30 04:12:33";0;0
"user_818";43;39;"2025-03-03 11:15:15";"2025-12-13 07:46:59";88.093;685.5116;2;43;"2025-03-03 11:15:15";"2025-12-13 07:46:59";17;0
"user_819";63;54;"2025-02-20 09:36:27";"2025-09-23 16:55:28";90.8571;712.8413;2;63;"2025-02-20 09:36:27";"2025-09-23 16:55:28";98;1
"user_82";64;62;"2025-01-08 09:05:45";"2025-12-14 00:22:09";88.1406;703.8594;2;64;"2025-01-08 09:05:45";"2025-12-14 00:22:09";16;0
"user_820";37;36;"2025-02-04 01:47:11";"2025-12-26 00:40:22";88.6216;689.8919;1;37;"2025-02-04 01:47:11";"2025-12-26 00:40:22";4;0
"user_821";22;21;"2025-02-17 18:07:09";"2025-11-28 08:32:12";89.0;685.5909;1;22;"2025-02-17 18:07:09";"2025-11-28 08:32:12";32;1
"user_822";71;60;"2025-01-16 22:41:43";"2025-08-13 23:40:46";92.0704;753.3944;2;71;"2025-01-16 22:41:43";"2025-08-13 23:40:46";139;1
"user_823";58;52;"2025-01-15 08:17:54";"2025-12-27 17:00:28";90.2931;734.5345;1;58;"2025-01-15 08:17:54";"2025-12-27 17:00:28";3;0
"user_824";48;43;"2025-01-14 06:31:25";"2025-12-16 21:21:46";90.0625;721.125;2;48;"2025-01-14 06:31:25";"2025-12-16 21:21:46";14;0
"user_825";46;44;"2025-03-01 18:09:42";"2025-12-25 16:19:43";87.5435;698.1522;2;46;"2025-03-01 18:09:42";"2025-12-25 16:19:43";5;0
"user_826";13;13;"2025-03-05 11:24:58";"2025-12-01 20:30:54";86.5385;700.9231;2;13;"2025-03-05 11:24:58";"2025-12-01 20:30:54";29;1
"user_827";35;30;"2025-02-20 00:46:28";"2025-12-25 19:52:32";88.6;701.0571;1;35;"2025-02-20 00:46:28";"2025-12-25 19:52:32";5;0
"user_828";58;54;"2025-02-09 14:34:56";"2025-11-29 10:19:58";87.8103;716.069;2;58;"2025-02-09 14:34:56";"2025-11-29 10:19:58";31;1
"user_829";35;34;"2025-01-16 10:21:15";"2025-12-21 05:14:54";93.8;773.0571;1;35;"2025-01-16 10:21:15";"2025-12-21 05:14:54";9;0
"user_83";47;46;"2025-03-11 11:11:23";"2025-12-28 22:59:54";88.9574;726.5957;1;47;"2025-03-11 11:11:23";"2025-12-28 22:59:54";2;0
"user_830";51;45;"2025-01-15 13:54:21";"2025-12-18 12:48:12";89.1765;712.7843;2;51;"2025-01-15 13:54:21";"2025-12-18 12:48:12";12;0
"user_831";68;60;"2025-01-24 14:25:33";"2025-08-13 14:40:16";88.9412;724.1471;2;68;"2025-01-24 14:25:33";"2025-08-13 14:40:16";139;1
"user_832";51;45;"2025-01-25 18:04:11";"2025-12-22 16:35:36";95.5294;782.3333;2;51;"2025-01-25 18:04:11";"2025-12-22 16:35:36";8;0
"user_833";116;96;"2025-01-10 21:16:55";"2025-11-20 15:47:31";91.9741;729.3362;2;116;"2025-01-10 21:16:55";"2025-11-20 15:47:31";40;1
"user_834";91;79;"2025-02-26 06:50:39";"2025-12-26 04:35:05";88.011;690.4505;1;91;"2025-02-26 06:50:39";"2025-12-26 04:35:05";4;0
"user_835";43;41;"2025-01-11 09:23:34";"2025-12-30 18:05:17";91.5116;732.6977;2;43;"2025-01-11 09:23:34";"2025-12-30 18:05:17";0;0
"user_836";57;50;"2025-01-18 12:14:53";"2025-12-28 22:48:38";86.807;727.5614;2;57;"2025-01-18 12:14:53";"2025-12-28 22:48:38";2;0
"user_837";13;13;"2025-04-22 20:26:03";"2025-12-27 20:39:28";96.8462;745.8462;2;13;"2025-04-22 20:26:03";"2025-12-27 20:39:28";3;0
"user_838";50;45;"2025-02-24 23:13:31";"2025-12-29 06:09:47";90.52;735.94;2;50;"2025-02-24 23:13:31";"2025-12-29 06:09:47";1;0
"user_839";51;47;"2025-01-18 00:14:51";"2025-12-30 23:47:19";87.3529;686.902;2;51;"2025-01-18 00:14:51";"2025-12-30 23:47:19";0;0
"user_84";63;55;"2025-01-16 15:33:45";"2025-07-29 03:38:59";93.2698;737.1587;1;63;"2025-01-16 15:33:45";"2025-07-29 03:38:59";154;1
"user_840";51;48;"2025-01-08 00:55:50";"2025-12-19 21:51:27";92.451;753.2745;2;51;"2025-01-08 00:55:50";"2025-12-19 21:51:27";11;0
"user_841";68;54;"2025-01-15 06:46:49";"2025-07-30 06:07:53";91.1176;746.2941;2;68;"2025-01-15 06:46:49";"2025-07-30 06:07:53";153;1
"user_842";23;23;"2025-03-01 10:44:16";"2025-12-06 16:39:05";90.4783;725.8696;1;23;"2025-03-01 10:44:16";"2025-12-06 16:39:05";24;1
"user_843";90;69;"2025-01-08 13:45:59";"2025-08-22 13:19:25";91.9667;742.3111;1;90;"2025-01-08 13:45:59";"2025-08-22 13:19:25";130;1
"user_844";23;22;"2025-01-06 09:20:22";"2025-11-30 16:15:13";90.2609;716.4783;2;23;"2025-01-06 09:20:22";"2025-11-30 16:15:13";30;1
"user_845";71;59;"2025-01-10 06:20:15";"2025-07-20 23:51:25";91.0;740.8028;1;71;"2025-01-10 06:20:15";"2025-07-20 23:51:25";163;1
"user_846";44;38;"2025-02-10 06:58:17";"2025-12-27 15:09:50";85.0909;677.0455;1;44;"2025-02-10 06:58:17";"2025-12-27 15:09:50";3;0
"user_847";61;52;"2025-01-27 17:52:38";"2025-07-31 11:41:24";87.8361;694.3279;1;61;"2025-01-27 17:52:38";"2025-07-31 11:41:24";152;1
"user_848";16;16;"2025-01-23 19:37:57";"2025-12-12 14:35:42";86.5625;688.9375;2;16;"2025-01-23 19:37:57";"2025-12-12 14:35:42";18;0
"user_849";50;45;"2025-02-22 15:16:36";"2025-12-29 17:43:37";88.42;720.1;2;50;"2025-02-22 15:16:36";"2025-12-29 17:43:37";1;0
"user_85";40;38;"2025-03-08 03:42:55";"2025-12-22 10:49:24";89.025;738.425;1;40;"2025-03-08 03:42:55";"2025-12-22 10:49:24";8;0
"user_850";50;48;"2025-01-09 00:45:43";"2025-12-28 18:15:36";90.02;726.4;1;50;"2025-01-09 00:45:43";"2025-12-28 18:15:36";2;0
"user_851";67;58;"2025-01-22 02:17:18";"2025-06-25 11:21:35";91.3134;699.1343;1;67;"2025-01-22 02:17:18";"2025-06-25 11:21:35";188;1
"user_852";20;19;"2025-02-03 14:10:41";"2025-11-29 01:02:17";84.55;656.95;2;20;"2025-02-03 14:10:41";"2025-11-29 01:02:17";31;1
"user_853";78;69;"2025-02-02 20:28:23";"2025-09-17 14:56:04";86.859;691.1026;1;78;"2025-02-02 20:28:23";"2025-09-17 14:56:04";104;1
"user_854";21;21;"2025-01-15 13:01:40";"2025-11-17 15:59:08";100.5238;832.8095;2;21;"2025-01-15 13:01:40";"2025-11-17 15:59:08";43;1
"user_855";79;69;"2025-01-21 10:59:02";"2025-09-17 22:21:43";85.1646;693.8608;2;79;"2025-01-21 10:59:02";"2025-09-17 22:21:43";104;1
"user_856";65;57;"2025-02-01 13:08:05";"2025-07-06 01:02:11";91.9846;756.6615;2;65;"2025-02-01 13:08:05";"2025-07-06 01:02:11";177;1
"user_857";83;71;"2025-01-17 00:17:27";"2025-09-19 22:43:53";88.8795;726.747;1;83;"2025-01-17 00:17:27";"2025-09-19 22:43:53";102;1
"user_858";42;39;"2025-01-19 02:11:44";"2025-12-23 05:08:50";87.9524;695.6667;2;42;"2025-01-19 02:11:44";"2025-12-23 05:08:50";7;0
"user_859";46;45;"2025-02-18 07:45:29";"2025-12-20 05:54:45";87.6957;733.5217;1;46;"2025-02-18 07:45:29";"2025-12-20 05:54:45";10;0
"user_86";52;48;"2025-01-13 22:03:14";"2025-12-28 08:50:18";90.7885;722.2115;2;52;"2025-01-13 22:03:14";"2025-12-28 08:50:18";2;0
"user_860";68;63;"2025-01-27 05:34:45";"2025-08-23 16:09:44";90.2794;739.2647;1;68;"2025-01-27 05:34:45";"2025-08-23 16:09:44";129;1
"user_861";21;19;"2025-04-07 22:06:33";"2025-10-31 10:32:07";89.3333;715.2857;2;21;"2025-04-07 22:06:33";"2025-10-31 10:32:07";60;1
"user_862";55;51;"2025-01-09 10:47:39";"2025-12-27 09:52:25";88.3091;713.2545;2;55;"2025-01-09 10:47:39";"2025-12-27 09:52:25";3;0
"user_863";63;59;"2025-01-30 07:54:30";"2025-12-17 21:41:52";89.9048;744.8254;1;63;"2025-01-30 07:54:30";"2025-12-17 21:41:52";13;0
"user_864";43;39;"2025-02-28 18:30:57";"2025-12-30 16:08:08";90.7907;756.9535;1;43;"2025-02-28 18:30:57";"2025-12-30 16:08:08";0;0
"user_865";36;36;"2025-02-08 02:12:00";"2025-12-30 16:18:01";88.5278;717.2778;1;36;"2025-02-08 02:12:00";"2025-12-30 16:18:01";0;0
"user_866";48;46;"2025-01-09 17:34:22";"2025-12-27 06:10:14";87.3333;705.625;2;48;"2025-01-09 17:34:22";"2025-12-27 06:10:14";3;0
"user_867";64;55;"2025-01-04 06:41:27";"2025-08-20 00:15:00";86.375;671.8125;2;64;"2025-01-04 06:41:27";"2025-08-20 00:15:00";132;1
"user_868";72;59;"2025-03-06 12:07:09";"2025-09-09 20:38:26";86.0694;686.6528;1;72;"2025-03-06 12:07:09";"2025-09-09 20:38:26";112;1
"user_869";13;13;"2025-03-03 22:16:31";"2025-12-01 19:57:30";91.5385;694.5385;1;13;"2025-03-03 22:16:31";"2025-12-01 19:57:30";29;1
"user_87";26;26;"2025-01-20 16:30:17";"2025-12-24 13:27:04";89.8846;712.6154;1;26;"2025-01-20 16:30:17";"2025-12-24 13:27:04";6;0
"user_870";13;13;"2025-03-06 10:27:25";"2025-12-19 13:16:18";84.6154;647.8462;1;13;"2025-03-06 10:27:25";"2025-12-19 13:16:18";11;0
"user_871";59;55;"2025-02-21 19:31:25";"2025-12-28 23:32:42";85.8644;686.8983;2;59;"2025-02-21 19:31:25";"2025-12-28 23:32:42";2;0
"user_872";82;72;"2025-02-28 17:04:46";"2025-12-27 22:44:13";90.5732;709.7195;2;82;"2025-02-28 17:04:46";"2025-12-27 22:44:13";3;0
"user_873";43;41;"2025-02-07 10:26:18";"2025-12-21 08:26:30";89.2791;739.7907;2;43;"2025-02-07 10:26:18";"2025-12-21 08:26:30";9;0
"user_874";45;42;"2025-02-14 23:28:33";"2025-12-30 06:11:29";89.5333;717.9333;1;45;"2025-02-14 23:28:33";"2025-12-30 06:11:29";0;0
"user_875";67;63;"2025-03-01 13:01:13";"2025-10-13 22:18:17";86.5522;691.0597;2;67;"2025-03-01 13:01:13";"2025-10-13 22:18:17";78;1
"user_876";89;77;"2025-02-13 22:33:58";"2025-10-20 08:05:22";88.0562;709.7416;1;89;"2025-02-13 22:33:58";"2025-10-20 08:05:22";71;1
"user_877";29;29;"2025-02-03 02:02:01";"2025-12-21 21:27:53";82.7931;677.7586;2;29;"2025-02-03 02:02:01";"2025-12-21 21:27:53";9;0
"user_878";20;20;"2025-02-24 05:39:02";"2025-12-19 14:23:00";90.35;716.9;1;20;"2025-02-24 05:39:02";"2025-12-19 14:23:00";11;0
"user_879";67;62;"2025-01-18 05:46:38";"2025-08-29 04:06:54";92.5075;734.2836;2;67;"2025-01-18 05:46:38";"2025-08-29 04:06:54";123;1
"user_88";54;53;"2025-01-14 11:00:57";"2025-12-14 00:54:01";88.6111;703.9444;1;54;"2025-01-14 11:00:57";"2025-12-14 00:54:01";16;0
"user_880";63;57;"2025-01-06 06:35:02";"2025-07-10 16:23:35";90.9683;741.0476;1;63;"2025-01-06 06:35:02";"2025-07-10 16:23:35";173;1
"user_881";77;62;"2025-02-16 18:57:34";"2025-10-15 23:34:46";84.7013;680.6494;1;77;"2025-02-16 18:57:34";"2025-10-15 23:34:46";76;1
"user_882";17;16;"2025-02-08 21:12:52";"2025-12-20 14:32:59";82.5294;670.1176;2;17;"2025-02-08 21:12:52";"2025-12-20 14:32:59";10;0
"user_883";77;65;"2025-01-13 07:47:01";"2025-09-20 09:12:54";90.3636;727.6623;2;77;"2025-01-13 07:47:01";"2025-09-20 09:12:54";101;1
"user_884";66;55;"2025-01-29 09:03:35";"2025-07-05 13:48:34";88.6515;714.1667;1;66;"2025-01-29 09:03:35";"2025-07-05 13:48:34";178;1
"user_885";26;23;"2025-01-27 06:27:13";"2025-12-27 15:31:51";86.8462;706.9231;2;26;"2025-01-27 06:27:13";"2025-12-27 15:31:51";3;0
"user_886";91;78;"2025-01-19 04:44:31";"2025-12-30 09:35:01";82.011;668.3846;1;91;"2025-01-19 04:44:31";"2025-12-30 09:35:01";0;0
"user_887";21;20;"2025-02-10 14:43:55";"2025-12-16 23:35:32";90.4286;742.6667;1;21;"2025-02-10 14:43:55";"2025-12-16 23:35:32";14;0
"user_888";63;56;"2025-02-10 14:39:44";"2025-08-28 21:01:59";92.3333;741.4921;1;63;"2025-02-10 14:39:44";"2025-08-28 21:01:59";124;1
"user_889";62;56;"2025-02-18 21:45:11";"2025-08-08 04:56:12";88.4032;697.8226;1;62;"2025-02-18 21:45:11";"2025-08-08 04:56:12";144;1
"user_89";18;18;"2025-01-19 19:48:27";"2025-12-23 01:56:19";94.8333;741.7222;1;18;"2025-01-19 19:48:27";"2025-12-23 01:56:19";7;0
"user_890";66;49;"2025-02-04 03:50:48";"2025-08-04 04:48:48";85.7273;682.7576;1;66;"2025-02-04 03:50:48";"2025-08-04 04:48:48";148;1
"user_891";25;25;"2025-04-11 22:11:52";"2025-12-10 12:56:22";91.52;737.2;2;25;"2025-04-11 22:11:52";"2025-12-10 12:56:22";20;0
"user_892";12;12;"2025-02-14 20:08:56";"2025-11-10 01:18:48";94.6667;735.0833;2;12;"2025-02-14 20:08:56";"2025-11-10 01:18:48";50;1
"user_893";37;35;"2025-01-03 06:01:39";"2025-12-27 18:04:44";89.3784;706.8108;1;37;"2025-01-03 06:01:39";"2025-12-27 18:04:44";3;0
"user_894";35;32;"2025-02-28 12:57:21";"2025-12-26 14:06:02";88.7143;694.0857;1;35;"2025-02-28 12:57:21";"2025-12-26 14:06:02";4;0
"user_895";17;17;"2025-02-04 01:33:56";"2025-12-12 04:27:23";96.8235;781.3529;2;17;"2025-02-04 01:33:56";"2025-12-12 04:27:23";18;0
"user_896";67;62;"2025-02-21 15:29:43";"2025-11-01 13:38:50";90.2537;717.597;2;67;"2025-02-21 15:29:43";"2025-11-01 13:38:50";59;1
"user_897";86;76;"2025-01-03 02:39:40";"2025-08-17 14:08:25";89.1047;712.8721;1;86;"2025-01-03 02:39:40";"2025-08-17 14:08:25";135;1
"user_898";13;13;"2025-03-02 11:03:44";"2025-11-29 23:55:20";94.0769;706.0;1;13;"2025-03-02 11:03:44";"2025-11-29 23:55:20";31;1
"user_899";62;50;"2025-01-30 03:40:03";"2025-07-09 17:30:37";87.5645;688.8548;2;62;"2025-01-30 03:40:03";"2025-07-09 17:30:37";174;1
"user_9";54;50;"2025-01-31 19:11:00";"2025-12-14 08:42:39";85.8333;684.9259;2;54;"2025-01-31 19:11:00";"2025-12-14 08:42:39";16;0
"user_90";53;48;"2025-03-05 23:10:22";"2025-12-23 20:10:58";94.5472;753.8113;1;53;"2025-03-05 23:10:22";"2025-12-23 20:10:58";7;0
"user_900";67;60;"2025-02-14 15:30:03";"2025-10-25 21:56:50";89.6119;734.0597;1;67;"2025-02-14 15:30:03";"2025-10-25 21:56:50";66;1
"user_901";60;52;"2025-03-01 20:14:20";"2025-08-31 20:54:58";90.8333;744.75;1;60;"2025-03-01 20:14:20";"2025-08-31 20:54:58";121;1
"user_902";84;75;"2025-01-28 04:18:33";"2025-09-29 03:58:18";90.5952;737.2619;1;84;"2025-01-28 04:18:33";"2025-09-29 03:58:18";92;1
"user_903";84;67;"2025-01-28 02:54:30";"2025-09-04 14:59:14";94.1071;728.8333;2;84;"2025-01-28 02:54:30";"2025-09-04 14:59:14";117;1
"user_904";36;35;"2025-02-27 12:42:44";"2025-12-25 00:35:16";92.5278;760.9167;2;36;"2025-02-27 12:42:44";"2025-12-25 00:35:16";5;0
"user_905";47;45;"2025-02-14 23:55:37";"2025-12-30 11:04:33";89.7234;732.1277;1;47;"2025-02-14 23:55:37";"2025-12-30 11:04:33";0;0
"user_906";17;15;"2025-03-21 10:38:56";"2025-11-17 09:08:15";93.1176;785.1176;2;17;"2025-03-21 10:38:56";"2025-11-17 09:08:15";43;1
"user_907";25;25;"2025-01-10 16:48:46";"2025-11-23 16:41:34";89.56;724.28;1;25;"2025-01-10 16:48:46";"2025-11-23 16:41:34";37;1
"user_908";35;33;"2025-02-08 20:46:10";"2025-12-21 01:27:47";90.6;761.6;1;35;"2025-02-08 20:46:10";"2025-12-21 01:27:47";9;0
"user_909";75;61;"2025-03-01 15:26:21";"2025-10-10 22:12:24";88.6667;711.6267;2;75;"2025-03-01 15:26:21";"2025-10-10 22:12:24";81;1
"user_91";61;48;"2025-01-11 09:00:42";"2025-06-20 22:09:09";89.6721;738.2295;1;61;"2025-01-11 09:00:42";"2025-06-20 22:09:09";193;1
"user_910";37;35;"2025-03-28 17:04:54";"2025-12-22 00:44:42";86.1892;687.6757;1;37;"2025-03-28 17:04:54";"2025-12-22 00:44:42";8;0
"user_911";48;44;"2025-01-20 06:47:18";"2025-12-21 20:50:01";90.9167;751.0417;2;48;"2025-01-20 06:47:18";"2025-12-21 20:50:01";9;0
"user_912";85;75;"2025-01-29 05:09:38";"2025-09-15 12:28:18";88.6;701.4941;1;85;"2025-01-29 05:09:38";"2025-09-15 12:28:18";106;1
"user_913";49;41;"2025-01-09 16:29:28";"2025-12-28 19:32:41";94.1633;744.0;2;49;"2025-01-09 16:29:28";"2025-12-28 19:32:41";2;0
"user_914";50;48;"2025-02-05 12:21:53";"2025-12-22 00:45:31";89.64;725.24;2;50;"2025-02-05 12:21:53";"2025-12-22 00:45:31";8;0
"user_915";40;39;"2025-02-08 02:27:09";"2025-12-15 01:14:41";83.45;660.45;1;40;"2025-02-08 02:27:09";"2025-12-15 01:14:41";15;0
"user_916";44;43;"2025-02-09 00:02:28";"2025-12-24 11:37:03";87.0;676.2955;1;44;"2025-02-09 00:02:28";"2025-12-24 11:37:03";6;0
"user_917";70;63;"2025-01-17 07:29:39";"2025-09-01 01:39:48";89.0143;719.3857;2;70;"2025-01-17 07:29:39";"2025-09-01 01:39:48";120;1
"user_918";11;11;"2025-02-28 14:53:24";"2025-12-14 05:32:21";89.4545;683.8182;2;11;"2025-02-28 14:53:24";"2025-12-14 05:32:21";16;0
"user_919";32;32;"2025-02-27 13:38:32";"2025-12-30 16:51:43";89.8125;721.6563;2;32;"2025-02-27 13:38:32";"2025-12-30 16:51:43";0;0
"user_92";18;18;"2025-03-02 20:13:11";"2025-12-26 18:04:54";93.2778;761.1111;1;18;"2025-03-02 20:13:11";"2025-12-26 18:04:54";4;0
"user_920";96;78;"2025-02-23 08:16:27";"2025-12-03 12:26:38";87.0625;704.8229;1;96;"2025-02-23 08:16:27";"2025-12-03 12:26:38";27;1
"user_921";17;17;"2025-03-06 08:10:24";"2025-12-13 18:14:50";91.3529;773.3529;2;17;"2025-03-06 08:10:24";"2025-12-13 18:14:50";17;0
"user_922";45;45;"2025-01-21 07:58:16";"2025-12-25 08:45:41";90.2222;740.6222;1;45;"2025-01-21 07:58:16";"2025-12-25 08:45:41";5;0
"user_923";27;26;"2025-02-09 15:01:00";"2025-12-24 08:15:26";89.963;729.5926;1;27;"2025-02-09 15:01:00";"2025-12-24 08:15:26";6;0
"user_924";24;23;"2025-02-27 09:24:42";"2025-12-24 10:50:29";93.75;749.8333;1;24;"2025-02-27 09:24:42";"2025-12-24 10:50:29";6;0
"user_925";57;52;"2025-01-30 15:35:17";"2025-12-29 11:13:44";87.2281;697.6667;1;57;"2025-01-30 15:35:17";"2025-12-29 11:13:44";1;0
"user_926";67;56;"2025-02-04 09:50:22";"2025-09-10 00:30:15";87.9552;716.1045;2;67;"2025-02-04 09:50:22";"2025-09-10 00:30:15";111;1
"user_927";89;81;"2025-02-26 15:42:30";"2025-10-05 09:08:24";88.9551;699.4831;2;89;"2025-02-26 15:42:30";"2025-10-05 09:08:24";86;1
"user_928";48;41;"2025-02-17 04:06:18";"2025-12-29 11:02:24";87.6042;704.9792;1;48;"2025-02-17 04:06:18";"2025-12-29 11:02:24";1;0
"user_929";44;44;"2025-02-24 16:10:07";"2025-12-29 06:27:43";88.6136;682.7273;1;44;"2025-02-24 16:10:07";"2025-12-29 06:27:43";1;0
"user_93";23;21;"2025-03-04 20:39:23";"2025-11-05 05:37:55";88.5652;701.1304;2;23;"2025-03-04 20:39:23";"2025-11-05 05:37:55";55;1
"user_930";110;92;"2025-01-17 15:23:46";"2025-12-29 10:15:22";86.9818;703.3818;2;110;"2025-01-17 15:23:46";"2025-12-29 10:15:22";1;0
"user_931";84;67;"2025-02-14 01:05:22";"2025-10-08 17:40:44";88.8929;700.881;1;84;"2025-02-14 01:05:22";"2025-10-08 17:40:44";83;1
"user_932";24;24;"2025-03-03 08:47:26";"2025-12-22 10:30:24";88.3333;709.7083;2;24;"2025-03-03 08:47:26";"2025-12-22 10:30:24";8;0
"user_933";22;22;"2025-01-10 23:23:24";"2025-12-08 17:27:52";91.4091;750.3636;1;22;"2025-01-10 23:23:24";"2025-12-08 17:27:52";22;1
"user_934";42;39;"2025-02-25 02:48:12";"2025-12-16 13:47:44";85.9762;677.2143;1;42;"2025-02-25 02:48:12";"2025-12-16 13:47:44";14;0
"user_935";67;60;"2025-01-09 19:19:03";"2025-08-08 13:03:55";89.1194;708.0896;1;67;"2025-01-09 19:19:03";"2025-08-08 13:03:55";144;1
"user_936";73;62;"2025-01-26 07:36:26";"2025-09-06 06:33:03";91.0959;734.5479;1;73;"2025-01-26 07:36:26";"2025-09-06 06:33:03";115;1
"user_937";69;56;"2025-01-12 20:27:01";"2025-07-26 18:33:21";89.5797;711.7246;1;69;"2025-01-12 20:27:01";"2025-07-26 18:33:21";157;1
"user_938";16;15;"2025-02-14 09:49:09";"2025-11-20 08:02:26";82.75;644.6875;2;16;"2025-02-14 09:49:09";"2025-11-20 08:02:26";40;1
"user_939";102;94;"2025-02-26 17:08:51";"2025-12-18 17:42:13";87.5882;708.8922;1;102;"2025-02-26 17:08:51";"2025-12-18 17:42:13";12;0
"user_94";40;38;"2025-02-15 12:11:57";"2025-12-29 13:15:32";91.15;744.3;2;40;"2025-02-15 12:11:57";"2025-12-29 13:15:32";1;0
"user_940";49;48;"2025-02-27 10:16:31";"2025-12-30 10:04:32";91.5306;745.6939;2;49;"2025-02-27 10:16:31";"2025-12-30 10:04:32";0;0
"user_941";66;56;"2025-01-10 08:00:06";"2025-07-04 05:01:23";93.1667;749.5758;1;66;"2025-01-10 08:00:06";"2025-07-04 05:01:23";179;1
"user_942";52;50;"2025-02-11 20:46:27";"2025-12-27 17:49:51";90.5385;744.3077;1;52;"2025-02-11 20:46:27";"2025-12-27 17:49:51";3;0
"user_943";19;19;"2025-03-02 15:14:36";"2025-12-04 21:46:33";88.7368;781.4737;1;19;"2025-03-02 15:14:36";"2025-12-04 21:46:33";26;1
"user_944";19;19;"2025-02-18 16:59:47";"2025-12-07 09:57:06";88.3684;696.1053;2;19;"2025-02-18 16:59:47";"2025-12-07 09:57:06";23;1
"user_945";69;58;"2025-01-05 21:07:20";"2025-06-17 08:08:43";95.0145;765.1739;1;69;"2025-01-05 21:07:20";"2025-06-17 08:08:43";196;1
"user_946";64;50;"2025-01-08 06:07:58";"2025-07-01 20:16:32";93.625;717.9688;1;64;"2025-01-08 06:07:58";"2025-07-01 20:16:32";182;1
"user_947";70;57;"2025-02-01 19:50:24";"2025-08-29 20:08:30";91.5857;728.9714;1;70;"2025-02-01 19:50:24";"2025-08-29 20:08:30";123;1
"user_948";13;13;"2025-01-13 13:13:41";"2025-12-16 20:16:48";86.4615;681.6154;2;13;"2025-01-13 13:13:41";"2025-12-16 20:16:48";14;0
"user_949";10;10;"2025-03-05 00:28:34";"2025-12-15 12:46:21";82.8;661.8;1;10;"2025-03-05 00:28:34";"2025-12-15 12:46:21";15;0
"user_95";29;27;"2025-02-28 23:00:54";"2025-12-02 19:16:53";87.7931;678.1724;1;29;"2025-02-28 23:00:54";"2025-12-02 19:16:53";28;1
"user_950";65;59;"2025-01-07 18:20:23";"2025-12-28 13:39:40";90.7692;720.5538;1;65;"2025-01-07 18:20:23";"2025-12-28 13:39:40";2;0
"user_951";46;43;"2025-02-21 04:23:04";"2025-12-28 19:50:39";88.4348;701.0217;2;46;"2025-02-21 04:23:04";"2025-12-28 19:50:39";2;0
"user_952";25;25;"2025-01-16 06:01:47";"2025-11-21 03:33:42";95.24;735.88;1;25;"2025-01-16 06:01:47";"2025-11-21 03:33:42";39;1
"user_953";89;73;"2025-01-08 21:52:37";"2025-10-04 01:23:06";89.3371;718.5056;2;89;"2025-01-08 21:52:37";"2025-10-04 01:23:06";87;1
"user_954";12;12;"2025-03-11 05:48:02";"2025-12-29 21:21:16";88.0;735.5833;1;12;"2025-03-11 05:48:02";"2025-12-29 21:21:16";1;0
"user_955";45;45;"2025-02-03 00:54:06";"2025-12-29 21:11:44";85.5778;680.1111;1;45;"2025-02-03 00:54:06";"2025-12-29 21:11:44";1;0
"user_956";50;44;"2025-01-22 20:50:30";"2025-12-28 18:14:59";91.36;720.26;2;50;"2025-01-22 20:50:30";"2025-12-28 18:14:59";2;0
"user_957";55;51;"2025-03-04 20:48:46";"2025-12-21 22:29:16";84.5636;686.9636;1;55;"2025-03-04 20:48:46";"2025-12-21 22:29:16";9;0
"user_958";77;64;"2025-02-09 22:35:13";"2025-10-02 08:02:56";90.0649;728.4156;2;77;"2025-02-09 22:35:13";"2025-10-02 08:02:56";89;1
"user_959";66;54;"2025-03-02 04:32:32";"2025-09-04 18:06:38";94.5909;743.9242;2;66;"2025-03-02 04:32:32";"2025-09-04 18:06:38";117;1
"user_96";61;57;"2025-02-03 23:31:00";"2025-12-22 19:56:22";88.3607;704.459;2;61;"2025-02-03 23:31:00";"2025-12-22 19:56:22";8;0
"user_960";24;20;"2025-01-18 10:51:20";"2025-12-28 13:07:08";89.3333;722.8333;2;24;"2025-01-18 10:51:20";"2025-12-28 13:07:08";2;0
"user_961";62;53;"2025-01-25 04:41:49";"2025-08-09 05:59:10";92.3387;731.0323;1;62;"2025-01-25 04:41:49";"2025-08-09 05:59:10";143;1
"user_962";55;50;"2025-01-13 01:15:57";"2025-12-25 13:01:28";89.2;714.4909;1;55;"2025-01-13 01:15:57";"2025-12-25 13:01:28";5;0
"user_963";60;53;"2025-01-11 16:45:21";"2025-07-19 04:23:52";90.7167;721.45;1;60;"2025-01-11 16:45:21";"2025-07-19 04:23:52";164;1
"user_964";47;43;"2025-02-13 17:45:58";"2025-12-28 01:27:08";94.617;789.3617;2;47;"2025-02-13 17:45:58";"2025-12-28 01:27:08";2;0
"user_965";77;66;"2025-01-26 09:11:49";"2025-10-25 16:00:14";91.2857;725.2208;2;77;"2025-01-26 09:11:49";"2025-10-25 16:00:14";66;1
"user_966";47;44;"2025-02-17 01:33:51";"2025-12-19 01:38:37";93.3191;730.7872;2;47;"2025-02-17 01:33:51";"2025-12-19 01:38:37";11;0
"user_967";24;24;"2025-01-19 16:31:08";"2025-12-25 02:16:03";89.625;721.5;2;24;"2025-01-19 16:31:08";"2025-12-25 02:16:03";5;0
"user_968";63;55;"2025-01-15 21:58:06";"2025-07-22 15:39:10";89.7619;720.4762;2;63;"2025-01-15 21:58:06";"2025-07-22 15:39:10";161;1
"user_969";51;46;"2025-01-25 02:32:05";"2025-12-19 12:27:05";95.1176;762.451;2;51;"2025-01-25 02:32:05";"2025-12-19 12:27:05";11;0
"user_97";41;41;"2025-02-24 05:08:13";"2025-12-28 12:36:57";92.4146;740.3171;1;41;"2025-02-24 05:08:13";"2025-12-28 12:36:57";2;0
"user_970";56;53;"2025-01-28 12:53:20";"2025-12-23 04:21:12";84.9821;722.4464;2;56;"2025-01-28 12:53:20";"2025-12-23 04:21:12";7;0
"user_971";24;24;"2025-03-06 07:15:34";"2025-12-24 07:20:02";87.0;733.625;1;24;"2025-03-06 07:15:34";"2025-12-24 07:20:02";6;0
"user_972";18;17;"2025-01-09 08:10:31";"2025-12-30 06:01:06";92.4444;724.8889;1;18;"2025-01-09 08:10:31";"2025-12-30 06:01:06";0;0
"user_973";23;23;"2025-03-21 07:52:19";"2025-11-05 03:40:16";83.1739;653.5217;2;23;"2025-03-21 07:52:19";"2025-11-05 03:40:16";55;1
"user_974";67;60;"2025-01-06 02:17:10";"2025-07-25 08:28:28";88.0;714.8806;1;67;"2025-01-06 02:17:10";"2025-07-25 08:28:28";158;1
"user_975";76;61;"2025-01-28 15:02:08";"2025-08-22 12:22:51";84.8158;665.6316;1;76;"2025-01-28 15:02:08";"2025-08-22 12:22:51";130;1
"user_976";60;49;"2025-01-20 15:10:56";"2025-06-30 07:43:53";89.5167;726.4333;2;60;"2025-01-20 15:10:56";"2025-06-30 07:43:53";183;1
"user_977";45;43;"2025-02-08 11:25:37";"2025-12-13 01:44:50";92.5111;731.4889;1;45;"2025-02-08 11:25:37";"2025-12-13 01:44:50";17;0
"user_978";103;89;"2025-01-23 17:57:38";"2025-12-20 07:42:51";87.0583;703.4272;2;103;"2025-01-23 17:57:38";"2025-12-20 07:42:51";10;0
"user_979";30;29;"2025-03-01 22:27:09";"2025-12-19 22:46:12";85.6;682.2667;1;30;"2025-03-01 22:27:09";"2025-12-19 22:46:12";11;0
"user_98";50;46;"2025-04-05 21:43:26";"2025-12-21 23:41:02";88.44;704.72;1;50;"2025-04-05 21:43:26";"2025-12-21 23:41:02";9;0
"user_980";45;42;"2025-03-13 06:11:37";"2025-12-29 20:35:14";89.5111;705.9111;1;45;"2025-03-13 06:11:37";"2025-12-29 20:35:14";1;0
"user_981";45;42;"2025-02-01 05:53:21";"2025-12-13 20:20:03";90.4;739.0667;2;45;"2025-02-01 05:53:21";"2025-12-13 20:20:03";17;0
"user_982";29;27;"2025-01-22 10:03:18";"2025-12-21 17:54:28";84.5172;670.7241;2;29;"2025-01-22 10:03:18";"2025-12-21 17:54:28";9;0
"user_983";103;89;"2025-02-06 01:13:24";"2025-12-28 21:42:02";84.9126;673.6602;1;103;"2025-02-06 01:13:24";"2025-12-28 21:42:02";2;0
"user_984";75;63;"2025-02-18 05:35:08";"2025-10-26 18:43:45";92.0267;736.7067;2;75;"2025-02-18 05:35:08";"2025-10-26 18:43:45";65;1
"user_985";26;26;"2025-02-24 13:32:18";"2025-12-26 19:29:09";94.0769;769.6538;2;26;"2025-02-24 13:32:18";"2025-12-26 19:29:09";4;0
"user_986";50;48;"2025-02-11 20:06:08";"2025-12-28 16:18:35";89.32;720.56;1;50;"2025-02-11 20:06:08";"2025-12-28 16:18:35";2;0
"user_987";37;37;"2025-01-24 14:53:47";"2025-12-07 18:56:23";92.5946;728.8108;1;37;"2025-01-24 14:53:47";"2025-12-07 18:56:23";23;1
"user_988";51;48;"2025-02-20 13:23:02";"2025-12-22 00:33:59";91.1373;734.2353;2;51;"2025-02-20 13:23:02";"2025-12-22 00:33:59";8;0
"user_989";97;77;"2025-02-17 01:42:07";"2025-11-20 22:36:15";90.3505;715.0825;1;97;"2025-02-17 01:42:07";"2025-11-20 22:36:15";40;1
"user_99";75;66;"2025-01-12 16:12:46";"2025-08-24 13:25:29";90.6933;723.5067;1;75;"2025-01-12 16:12:46";"2025-08-24 13:25:29";128;1
"user_990";21;21;"2025-01-07 12:10:41";"2025-12-10 05:21:38";90.8095;729.1429;2;21;"2025-01-07 12:10:41";"2025-12-10 05:21:38";20;0
"user_991";18;18;"2025-02-18 15:53:27";"2025-12-08 11:28:04";91.5;716.9444;2;18;"2025-02-18 15:53:27";"2025-12-08 11:28:04";22;1
"user_992";27;26;"2025-01-24 03:14:21";"2025-12-15 09:37:28";89.8519;712.6296;1;27;"2025-01-24 03:14:21";"2025-12-15 09:37:28";15;0
"user_993";98;85;"2025-02-07 12:59:38";"2025-12-05 23:59:44";88.6939;718.7449;2;98;"2025-02-07 12:59:38";"2025-12-05 23:59:44";25;1
"user_994";36;33;"2025-03-02 19:11:47";"2025-12-24 04:30:52";82.9722;670.1389;1;36;"2025-03-02 19:11:47";"2025-12-24 04:30:52";6;0
"user_995";50;47;"2025-03-03 22:53:04";"2025-12-29 23:28:50";88.32;707.26;2;50;"2025-03-03 22:53:04";"2025-12-29 23:28:50";1;0
"user_996";82;69;"2025-02-09 17:37:04";"2025-08-23 13:00:29";87.9634;706.5732;1;82;"2025-02-09 17:37:04";"2025-08-23 13:00:29";129;1
"user_997";18;18;"2025-02-06 06:45:35";"2025-12-20 12:32:45";88.7222;731.0;2;18;"2025-02-06 06:45:35";"2025-12-20 12:32:45";10;0
"user_998";88;77;"2025-02-23 22:19:08";"2025-11-06 05:30:52";89.7159;740.4318;1;88;"2025-02-23 22:19:08";"2025-11-06 05:30:52";54;1
"user_999";20;20;"2025-02-06 10:22:16";"2025-12-22 11:25:48";89.65;737.85;1;20;"2025-02-06 10:22:16";"2025-12-22 11:25:48";8;0
