user_id,user_type,signup_date
user_1,casual,2025-02-20
user_2,at_risk,2025-02-09
user_3,sporadic,2025-01-07
user_4,casual,2025-02-01
user_5,consistent,2025-02-17
user_6,consistent,2025-01-19
user_7,consistent,2025-01-06
user_8,at_risk,2025-01-20
user_9,casual,2025-01-27
user_10,sporadic,2025-02-22
user_11,consistent,2025-02-12
user_12,at_risk,2025-02-06
user_13,sporadic,2025-02-17
user_14,consistent,2025-01-07
user_15,consistent,2025-02-28
user_16,consistent,2025-01-05
user_17,casual,2025-01-11
user_18,casual,2025-01-15
user_19,casual,2025-01-03
user_20,consistent,2025-02-27
user_21,casual,2025-01-05
user_22,consistent,2025-01-23
user_23,consistent,2025-02-22
user_24,casual,2025-02-06
user_25,casual,2025-01-09
user_26,sporadic,2025-01-15
user_27,consistent,2025-01-03
user_28,casual,2025-01-29
user_29,casual,2025-01-06
user_30,consistent,2025-01-17
user_31,casual,2025-01-26
user_32,consistent,2025-01-21
user_33,consistent,2025-01-08
user_34,at_risk,2025-01-21
user_35,at_risk,2025-02-26
user_36,sporadic,2025-01-11
user_37,casual,2025-02-07
user_38,consistent,2025-01-08
user_39,sporadic,2025-02-11
user_40,casual,2025-01-24
user_41,consistent,2025-02-04
user_42,casual,2025-02-24
user_43,consistent,2025-01-14
user_44,at_risk,2025-02-24
user_45,consistent,2025-01-14
user_46,sporadic,2025-01-10
user_47,casual,2025-01-12
user_48,casual,2025-02-07
user_49,casual,2025-02-13
user_50,consistent,2025-02-24
user_51,at_risk,2025-02-15
user_52,sporadic,2025-02-03
user_53,at_risk,2025-02-10
user_54,at_risk,2025-01-10
user_55,casual,2025-02-27
user_56,at_risk,2025-01-17
user_57,consistent,2025-01-17
user_58,consistent,2025-01-03
user_59,consistent,2025-01-31
user_60,casual,2025-02-20
user_61,casual,2025-01-01
user_62,consistent,2025-01-12
user_63,sporadic,2025-02-08
user_64,casual,2025-01-04
user_65,consistent,2025-02-11
user_66,casual,2025-01-13
user_67,consistent,2025-02-03
user_68,sporadic,2025-02-11
user_69,consistent,2025-01-21
user_70,at_risk,2025-01-22
user_71,sporadic,2025-02-26
user_72,consistent,2025-01-04
user_73,consistent,2025-01-18
user_74,sporadic,2025-01-05
user_75,sporadic,2025-01-19
user_76,sporadic,2025-01-02
user_77,sporadic,2025-01-12
user_78,consistent,2025-01-17
user_79,casual,2025-01-10
user_80,consistent,2025-02-03
user_81,at_risk,2025-01-06
user_82,casual,2025-01-08
user_83,casual,2025-02-20
user_84,consistent,2025-01-11
user_85,casual,2025-02-26
user_86,casual,2025-01-12
user_87,sporadic,2025-01-09
user_88,casual,2025-01-02
user_89,at_risk,2025-01-08
user_90,casual,2025-02-27
user_91,consistent,2025-01-11
user_92,sporadic,2025-03-01
user_93,sporadic,2025-02-22
user_94,casual,2025-02-05
user_95,sporadic,2025-01-10
user_96,casual,2025-01-21
user_97,casual,2025-01-20
user_98,casual,2025-02-17
user_99,consistent,2025-01-08
user_100,consistent,2025-02-05
user_101,consistent,2025-01-29
user_102,casual,2025-02-11
user_103,casual,2025-01-12
user_104,casual,2025-01-14
user_105,at_risk,2025-02-17
user_106,consistent,2025-02-23
user_107,casual,2025-02-19
user_108,sporadic,2025-01-21
user_109,consistent,2025-01-22
user_110,consistent,2025-01-21
user_111,consistent,2025-02-13
user_112,consistent,2025-02-19
user_113,at_risk,2025-01-30
user_114,sporadic,2025-02-08
user_115,casual,2025-01-20
user_116,at_risk,2025-01-24
user_117,sporadic,2025-01-23
user_118,consistent,2025-01-07
user_119,at_risk,2025-01-09
user_120,casual,2025-01-01
user_121,sporadic,2025-01-26
user_122,at_risk,2025-02-07
user_123,casual,2025-02-07
user_124,consistent,2025-02-23
user_125,consistent,2025-02-13
user_126,casual,2025-01-22
user_127,sporadic,2025-02-13
user_128,at_risk,2025-01-10
user_129,consistent,2025-02-24
user_130,casual,2025-02-27
user_131,casual,2025-01-06
user_132,consistent,2025-01-17
user_133,consistent,2025-02-20
user_134,casual,2025-02-19
user_135,at_risk,2025-02-07
user_136,casual,2025-01-24
user_137,casual,2025-02-20
user_138,sporadic,2025-01-10
user_139,casual,2025-02-25
user_140,at_risk,2025-01-08
user_141,at_risk,2025-01-21
user_142,consistent,2025-02-25
user_143,casual,2025-01-06
user_144,casual,2025-01-21
user_145,consistent,2025-02-26
user_146,consistent,2025-02-08
user_147,casual,2025-01-24
user_148,casual,2025-02-02
user_149,consistent,2025-02-28
user_150,consistent,2025-01-18
user_151,at_risk,2025-02-25
user_152,consistent,2025-01-28
user_153,consistent,2025-02-26
user_154,casual,2025-02-21
user_155,at_risk,2025-02-01
user_156,consistent,2025-01-12
user_157,sporadic,2025-02-17
user_158,sporadic,2025-02-11
user_159,consistent,2025-01-27
user_160,sporadic,2025-01-10
user_161,casual,2025-02-15
user_162,casual,2025-02-26
user_163,casual,2025-02-21
user_164,casual,2025-02-11
user_165,consistent,2025-02-01
user_166,sporadic,2025-02-11
user_167,casual,2025-01-26
user_168,consistent,2025-01-25
user_169,consistent,2025-01-11
user_170,casual,2025-01-23
user_171,sporadic,2025-02-03
user_172,consistent,2025-02-26
user_173,casual,2025-02-21
user_174,consistent,2025-02-09
user_175,casual,2025-01-23
user_176,consistent,2025-01-29
user_177,sporadic,2025-01-31
user_178,casual,2025-01-07
user_179,at_risk,2025-02-09
user_180,consistent,2025-02-02
user_181,casual,2025-01-21
user_182,consistent,2025-01-02
user_183,at_risk,2025-01-18
user_184,at_risk,2025-02-16
user_185,consistent,2025-02-02
user_186,sporadic,2025-02-06
user_187,sporadic,2025-02-03
user_188,casual,2025-01-20
user_189,casual,2025-02-04
user_190,consistent,2025-02-20
user_191,consistent,2025-02-19
user_192,at_risk,2025-02-23
user_193,at_risk,2025-01-18
user_194,casual,2025-02-15
user_195,casual,2025-01-24
user_196,casual,2025-01-08
user_197,sporadic,2025-01-30
user_198,at_risk,2025-02-13
user_199,at_risk,2025-02-22
user_200,sporadic,2025-01-10
user_201,casual,2025-01-23
user_202,consistent,2025-02-21
user_203,consistent,2025-02-18
user_204,at_risk,2025-01-11
user_205,casual,2025-01-02
user_206,consistent,2025-02-27
user_207,consistent,2025-01-26
user_208,sporadic,2025-02-05
user_209,consistent,2025-02-02
user_210,consistent,2025-02-16
user_211,casual,2025-01-13
user_212,sporadic,2025-02-09
user_213,sporadic,2025-01-25
user_214,consistent,2025-01-04
user_215,sporadic,2025-02-11
user_216,consistent,2025-01-19
user_217,casual,2025-01-18
user_218,sporadic,2025-02-06
user_219,casual,2025-01-30
user_220,sporadic,2025-01-19
user_221,sporadic,2025-02-27
user_222,casual,2025-01-23
user_223,consistent,2025-02-28
user_224,casual,2025-02-23
user_225,consistent,2025-01-16
user_226,consistent,2025-01-01
user_227,at_risk,2025-01-12
user_228,casual,2025-01-24
user_229,at_risk,2025-02-03
user_230,casual,2025-02-22
user_231,sporadic,2025-02-26
user_232,casual,2025-01-08
user_233,casual,2025-01-18
user_234,casual,2025-02-26
user_235,consistent,2025-02-17
user_236,sporadic,2025-01-05
user_237,consistent,2025-01-26
user_238,consistent,2025-01-30
user_239,casual,2025-02-23
user_240,consistent,2025-01-13
user_241,at_risk,2025-01-19
user_242,at_risk,2025-01-29
user_243,at_risk,2025-01-03
user_244,casual,2025-01-26
user_245,consistent,2025-02-09
user_246,at_risk,2025-02-28
user_247,casual,2025-02-27
user_248,at_risk,2025-02-27
user_249,at_risk,2025-01-12
user_250,at_risk,2025-01-02
user_251,consistent,2025-01-11
user_252,casual,2025-02-13
user_253,at_risk,2025-01-28
user_254,casual,2025-01-18
user_255,consistent,2025-01-13
user_256,casual,2025-02-06
user_257,at_risk,2025-01-22
user_258,sporadic,2025-01-12
user_259,casual,2025-01-02
user_260,consistent,2025-02-06
user_261,casual,2025-01-07
user_262,at_risk,2025-01-26
user_263,consistent,2025-01-26
user_264,casual,2025-01-24
user_265,at_risk,2025-01-12
user_266,sporadic,2025-01-16
user_267,sporadic,2025-01-23
user_268,sporadic,2025-02-09
user_269,casual,2025-03-01
user_270,consistent,2025-01-09
user_271,sporadic,2025-02-01
user_272,sporadic,2025-01-15
user_273,at_risk,2025-02-06
user_274,at_risk,2025-01-13
user_275,casual,2025-01-05
user_276,casual,2025-01-11
user_277,sporadic,2025-01-10
user_278,casual,2025-02-21
user_279,sporadic,2025-01-13
user_280,sporadic,2025-02-10
user_281,at_risk,2025-02-22
user_282,casual,2025-02-15
user_283,casual,2025-02-19
user_284,consistent,2025-01-15
user_285,casual,2025-02-11
user_286,consistent,2025-02-25
user_287,casual,2025-01-07
user_288,casual,2025-02-09
user_289,consistent,2025-01-28
user_290,casual,2025-02-01
user_291,consistent,2025-02-04
user_292,consistent,2025-01-15
user_293,sporadic,2025-02-17
user_294,casual,2025-02-05
user_295,consistent,2025-01-21
user_296,casual,2025-01-06
user_297,sporadic,2025-01-01
user_298,consistent,2025-01-04
user_299,casual,2025-01-11
user_300,consistent,2025-02-13
user_301,consistent,2025-01-26
user_302,casual,2025-02-06
user_303,casual,2025-01-23
user_304,casual,2025-01-29
user_305,sporadic,2025-01-21
user_306,at_risk,2025-02-17
user_307,casual,2025-02-14
user_308,casual,2025-02-14
user_309,sporadic,2025-02-18
user_310,consistent,2025-01-27
user_311,casual,2025-02-08
user_312,consistent,2025-02-09
user_313,consistent,2025-01-13
user_314,at_risk,2025-01-23
user_315,sporadic,2025-02-28
user_316,sporadic,2025-01-16
user_317,casual,2025-01-30
user_318,consistent,2025-01-04
user_319,consistent,2025-02-09
user_320,consistent,2025-01-16
user_321,casual,2025-01-31
user_322,sporadic,2025-02-22
user_323,sporadic,2025-02-11
user_324,consistent,2025-01-25
user_325,at_risk,2025-02-13
user_326,sporadic,2025-01-12
user_327,casual,2025-01-26
user_328,casual,2025-02-06
user_329,casual,2025-02-17
user_330,consistent,2025-02-02
user_331,casual,2025-01-28
user_332,sporadic,2025-01-09
user_333,consistent,2025-01-12
user_334,consistent,2025-01-05
user_335,consistent,2025-02-23
user_336,consistent,2025-02-21
user_337,at_risk,2025-02-23
user_338,sporadic,2025-01-28
user_339,casual,2025-02-25
user_340,consistent,2025-02-04
user_341,casual,2025-01-05
user_342,casual,2025-02-03
user_343,consistent,2025-02-15
user_344,casual,2025-02-03
user_345,casual,2025-01-13
user_346,casual,2025-02-08
user_347,casual,2025-02-11
user_348,consistent,2025-02-14
user_349,casual,2025-02-17
user_350,casual,2025-02-27
user_351,casual,2025-01-14
user_352,at_risk,2025-01-11
user_353,sporadic,2025-02-11
user_354,consistent,2025-02-07
user_355,consistent,2025-01-04
user_356,casual,2025-02-22
user_357,consistent,2025-02-02
user_358,casual,2025-01-07
user_359,at_risk,2025-02-25
user_360,casual,2025-02-10
user_361,casual,2025-01-08
user_362,casual,2025-02-06
user_363,casual,2025-02-20
user_364,casual,2025-01-10
user_365,at_risk,2025-02-12
user_366,casual,2025-02-26
user_367,at_risk,2025-01-15
user_368,at_risk,2025-02-07
user_369,consistent,2025-01-15
user_370,consistent,2025-01-05
user_371,consistent,2025-01-29
user_372,consistent,2025-01-19
user_373,consistent,2025-02-23
user_374,sporadic,2025-02-20
user_375,consistent,2025-01-10
user_376,casual,2025-01-12
user_377,sporadic,2025-02-23
user_378,consistent,2025-01-04
user_379,sporadic,2025-01-31
user_380,consistent,2025-01-18
user_381,consistent,2025-01-16
user_382,sporadic,2025-02-09
user_383,casual,2025-02-05
user_384,at_risk,2025-01-25
user_385,sporadic,2025-01-23
user_386,sporadic,2025-01-12
user_387,consistent,2025-02-03
user_388,consistent,2025-02-05
user_389,sporadic,2025-02-06
user_390,sporadic,2025-01-03
user_391,at_risk,2025-01-09
user_392,casual,2025-02-22
user_393,casual,2025-01-18
user_394,sporadic,2025-02-12
user_395,casual,2025-02-04
user_396,at_risk,2025-02-26
user_397,at_risk,2025-02-24
user_398,casual,2025-02-03
user_399,sporadic,2025-02-10
user_400,sporadic,2025-01-14
user_401,consistent,2025-01-04
user_402,at_risk,2025-01-29
user_403,casual,2025-02-10
user_404,sporadic,2025-02-14
user_405,casual,2025-02-19
user_406,at_risk,2025-01-15
user_407,casual,2025-01-28
user_408,consistent,2025-02-11
user_409,at_risk,2025-01-16
user_410,consistent,2025-01-12
user_411,casual,2025-02-21
user_412,at_risk,2025-01-05
user_413,at_risk,2025-02-03
user_414,casual,2025-02-11
user_415,casual,2025-01-01
user_416,casual,2025-02-08
user_417,consistent,2025-02-01
user_418,casual,2025-01-26
user_419,sporadic,2025-01-17
user_420,sporadic,2025-02-17
user_421,sporadic,2025-02-28
user_422,sporadic,2025-01-27
user_423,consistent,2025-01-24
user_424,casual,2025-02-04
user_425,consistent,2025-02-15
user_426,casual,2025-02-11
user_427,casual,2025-02-23
user_428,at_risk,2025-02-08
user_429,casual,2025-01-26
user_430,consistent,2025-02-18
user_431,consistent,2025-02-07
user_432,sporadic,2025-01-23
user_433,casual,2025-01-22
user_434,consistent,2025-01-04
user_435,consistent,2025-02-18
user_436,sporadic,2025-02-28
user_437,consistent,2025-01-09
user_438,sporadic,2025-01-04
user_439,sporadic,2025-01-07
user_440,consistent,2025-01-23
user_441,consistent,2025-01-02
user_442,at_risk,2025-02-18
user_443,casual,2025-01-24
user_444,casual,2025-02-09
user_445,sporadic,2025-02-24
user_446,at_risk,2025-01-31
user_447,at_risk,2025-02-16
user_448,sporadic,2025-01-31
user_449,casual,2025-02-16
user_450,consistent,2025-02-09
user_451,sporadic,2025-02-17
user_452,casual,2025-02-20
user_453,casual,2025-02-12
user_454,at_risk,2025-02-03
user_455,consistent,2025-02-24
user_456,casual,2025-01-24
user_457,consistent,2025-02-18
user_458,casual,2025-03-01
user_459,consistent,2025-01-26
user_460,consistent,2025-01-16
user_461,consistent,2025-02-26
user_462,casual,2025-02-16
user_463,sporadic,2025-01-13
user_464,casual,2025-01-15
user_465,at_risk,2025-01-27
user_466,casual,2025-01-04
user_467,consistent,2025-01-16
user_468,at_risk,2025-01-30
user_469,consistent,2025-02-13
user_470,at_risk,2025-01-30
user_471,consistent,2025-02-05
user_472,at_risk,2025-01-03
user_473,consistent,2025-01-22
user_474,at_risk,2025-02-18
user_475,casual,2025-01-22
user_476,at_risk,2025-02-19
user_477,consistent,2025-02-26
user_478,casual,2025-02-19
user_479,at_risk,2025-02-24
user_480,casual,2025-03-01
user_481,casual,2025-02-18
user_482,sporadic,2025-01-12
user_483,casual,2025-02-24
user_484,casual,2025-01-21
user_485,casual,2025-02-25
user_486,at_risk,2025-01-04
user_487,consistent,2025-01-31
user_488,consistent,2025-02-13
user_489,at_risk,2025-01-31
user_490,at_risk,2025-02-27
user_491,casual,2025-01-23
user_492,casual,2025-02-23
user_493,consistent,2025-02-22
user_494,consistent,2025-01-20
user_495,casual,2025-01-15
user_496,casual,2025-01-23
user_497,casual,2025-01-28
user_498,consistent,2025-01-16
user_499,at_risk,2025-02-06
user_500,at_risk,2025-01-21
user_501,sporadic,2025-01-15
user_502,casual,2025-01-17
user_503,casual,2025-02-19
user_504,sporadic,2025-02-06
user_505,sporadic,2025-01-13
user_506,consistent,2025-01-19
user_507,at_risk,2025-01-30
user_508,sporadic,2025-02-14
user_509,at_risk,2025-01-18
user_510,sporadic,2025-01-14
user_511,casual,2025-02-05
user_512,casual,2025-02-05
user_513,at_risk,2025-01-20
user_514,at_risk,2025-02-21
user_515,consistent,2025-01-19
user_516,consistent,2025-02-14
user_517,casual,2025-02-13
user_518,sporadic,2025-01-07
user_519,at_risk,2025-02-26
user_520,consistent,2025-02-13
user_521,casual,2025-02-22
user_522,casual,2025-01-04
user_523,at_risk,2025-02-28
user_524,sporadic,2025-02-03
user_525,sporadic,2025-01-02
user_526,casual,2025-01-05
user_527,casual,2025-02-24
user_528,consistent,2025-01-10
user_529,consistent,2025-02-01
user_530,at_risk,2025-02-11
user_531,sporadic,2025-02-10
user_532,at_risk,2025-01-13
user_533,at_risk,2025-02-08
user_534,casual,2025-01-05
user_535,sporadic,2025-02-27
user_536,at_risk,2025-01-10
user_537,sporadic,2025-01-10
user_538,consistent,2025-02-07
user_539,casual,2025-01-27
user_540,consistent,2025-03-01
user_541,at_risk,2025-02-20
user_542,casual,2025-01-21
user_543,consistent,2025-01-08
user_544,sporadic,2025-01-01
user_545,casual,2025-01-28
user_546,casual,2025-02-18
user_547,consistent,2025-02-08
user_548,sporadic,2025-01-14
user_549,casual,2025-01-21
user_550,sporadic,2025-01-30
user_551,casual,2025-01-21
user_552,at_risk,2025-02-18
user_553,casual,2025-01-09
user_554,casual,2025-01-17
user_555,at_risk,2025-01-05
user_556,casual,2025-02-27
user_557,consistent,2025-02-26
user_558,consistent,2025-01-31
user_559,sporadic,2025-02-21
user_560,casual,2025-02-09
user_561,sporadic,2025-02-07
user_562,consistent,2025-02-12
user_563,consistent,2025-01-19
user_564,consistent,2025-02-05
user_565,casual,2025-02-19
user_566,casual,2025-02-02
user_567,casual,2025-01-13
user_568,casual,2025-01-14
user_569,at_risk,2025-02-25
user_570,casual,2025-02-02
user_571,casual,2025-01-29
user_572,sporadic,2025-02-12
user_573,casual,2025-02-18
user_574,casual,2025-02-05
user_575,at_risk,2025-02-27
user_576,at_risk,2025-02-13
user_577,consistent,2025-01-10
user_578,at_risk,2025-01-31
user_579,casual,2025-01-06
user_580,consistent,2025-02-26
user_581,casual,2025-01-01
user_582,at_risk,2025-01-07
user_583,casual,2025-02-27
user_584,casual,2025-01-27
user_585,casual,2025-01-21
user_586,consistent,2025-01-28
user_587,consistent,2025-01-16
user_588,consistent,2025-02-25
user_589,consistent,2025-02-15
user_590,consistent,2025-01-23
user_591,consistent,2025-02-21
user_592,casual,2025-01-20
user_593,consistent,2025-02-07
user_594,casual,2025-02-23
user_595,at_risk,2025-01-25
user_596,casual,2025-01-28
user_597,sporadic,2025-01-05
user_598,consistent,2025-02-25
user_599,consistent,2025-01-21
user_600,consistent,2025-01-18
user_601,consistent,2025-02-16
user_602,consistent,2025-01-06
user_603,consistent,2025-02-26
user_604,consistent,2025-01-29
user_605,consistent,2025-01-19
user_606,casual,2025-02-02
user_607,consistent,2025-01-01
user_608,casual,2025-02-14
user_609,casual,2025-01-03
user_610,sporadic,2025-02-11
user_611,consistent,2025-01-21
user_612,sporadic,2025-02-04
user_613,casual,2025-02-10
user_614,consistent,2025-02-09
user_615,at_risk,2025-01-03
user_616,at_risk,2025-01-25
user_617,consistent,2025-02-14
user_618,consistent,2025-02-07
user_619,sporadic,2025-02-14
user_620,sporadic,2025-02-24
user_621,consistent,2025-01-20
user_622,consistent,2025-02-21
user_623,casual,2025-02-13
user_624,casual,2025-02-14
user_625,casual,2025-02-03
user_626,casual,2025-01-21
user_627,casual,2025-02-25
user_628,sporadic,2025-02-24
user_629,consistent,2025-02-17
user_630,consistent,2025-01-23
user_631,sporadic,2025-01-06
user_632,at_risk,2025-02-20
user_633,casual,2025-02-22
user_634,casual,2025-01-13
user_635,consistent,2025-02-18
user_636,casual,2025-01-23
user_637,casual,2025-01-09
user_638,consistent,2025-01-17
user_639,consistent,2025-01-02
user_640,casual,2025-01-19
user_641,consistent,2025-01-19
user_642,casual,2025-02-25
user_643,consistent,2025-01-07
user_644,casual,2025-02-23
user_645,consistent,2025-02-11
user_646,at_risk,2025-02-11
user_647,casual,2025-02-28
user_648,sporadic,2025-01-20
user_649,sporadic,2025-01-09
user_650,casual,2025-01-17
user_651,consistent,2025-01-27
user_652,casual,2025-02-16
user_653,casual,2025-01-02
user_654,sporadic,2025-02-05
user_655,casual,2025-01-19
user_656,consistent,2025-01-17
user_657,consistent,2025-01-05
user_658,casual,2025-02-08
user_659,casual,2025-01-18
user_660,casual,2025-02-22
user_661,casual,2025-02-23
user_662,at_risk,2025-02-28
user_663,casual,2025-01-07
user_664,consistent,2025-01-17
user_665,consistent,2025-02-08
user_666,consistent,2025-02-05
user_667,consistent,2025-02-09
user_668,consistent,2025-02-14
user_669,consistent,2025-01-04
user_670,consistent,2025-02-07
user_671,consistent,2025-01-25
user_672,at_risk,2025-01-05
user_673,consistent,2025-01-30
user_674,casual,2025-01-12
user_675,casual,2025-01-04
user_676,at_risk,2025-01-24
user_677,consistent,2025-01-29
user_678,casual,2025-01-09
user_679,at_risk,2025-01-04
user_680,at_risk,2025-02-20
user_681,sporadic,2025-01-24
user_682,consistent,2025-01-14
user_683,consistent,2025-01-05
user_684,sporadic,2025-01-18
user_685,at_risk,2025-02-11
user_686,casual,2025-02-26
user_687,casual,2025-01-19
user_688,consistent,2025-01-12
user_689,sporadic,2025-01-18
user_690,consistent,2025-01-17
user_691,casual,2025-01-30
user_692,casual,2025-01-24
user_693,casual,2025-01-11
user_694,consistent,2025-02-04
user_695,consistent,2025-01-23
user_696,casual,2025-01-17
user_697,consistent,2025-01-01
user_698,casual,2025-01-15
user_699,consistent,2025-02-01
user_700,casual,2025-03-01
user_701,casual,2025-01-09
user_702,consistent,2025-01-15
user_703,casual,2025-01-28
user_704,consistent,2025-01-24
user_705,consistent,2025-03-01
user_706,at_risk,2025-02-04
user_707,casual,2025-01-22
user_708,sporadic,2025-01-27
user_709,consistent,2025-01-19
user_710,sporadic,2025-02-14
user_711,sporadic,2025-01-12
user_712,casual,2025-01-20
user_713,casual,2025-01-01
user_714,casual,2025-01-21
user_715,casual,2025-02-18
user_716,at_risk,2025-02-14
user_717,sporadic,2025-01-01
user_718,at_risk,2025-01-10
user_719,consistent,2025-02-16
user_720,sporadic,2025-02-28
user_721,at_risk,2025-02-28
user_722,consistent,2025-02-01
user_723,consistent,2025-02-08
user_724,sporadic,2025-03-01
user_725,casual,2025-01-22
user_726,sporadic,2025-01-18
user_727,consistent,2025-02-17
user_728,sporadic,2025-02-15
user_729,consistent,2025-02-01
user_730,consistent,2025-01-27
user_731,consistent,2025-01-28
user_732,sporadic,2025-01-18
user_733,sporadic,2025-02-28
user_734,casual,2025-02-08
user_735,casual,2025-02-18
user_736,at_risk,2025-01-29
user_737,casual,2025-01-18
user_738,sporadic,2025-02-13
user_739,casual,2025-01-08
user_740,casual,2025-02-23
user_741,casual,2025-01-31
user_742,casual,2025-02-03
user_743,sporadic,2025-01-07
user_744,casual,2025-02-05
user_745,consistent,2025-01-18
user_746,at_risk,2025-03-01
user_747,casual,2025-02-07
user_748,casual,2025-02-28
user_749,at_risk,2025-01-09
user_750,casual,2025-02-28
user_751,consistent,2025-01-09
user_752,at_risk,2025-02-15
user_753,casual,2025-01-08
user_754,casual,2025-02-20
user_755,consistent,2025-02-04
user_756,sporadic,2025-01-18
user_757,casual,2025-01-05
user_758,casual,2025-01-14
user_759,at_risk,2025-01-28
user_760,sporadic,2025-01-30
user_761,consistent,2025-01-04
user_762,casual,2025-02-08
user_763,consistent,2025-01-20
user_764,sporadic,2025-01-25
user_765,consistent,2025-01-28
user_766,casual,2025-01-12
user_767,sporadic,2025-01-02
user_768,at_risk,2025-02-12
user_769,casual,2025-01-14
user_770,sporadic,2025-01-22
user_771,consistent,2025-01-31
user_772,sporadic,2025-01-23
user_773,consistent,2025-02-17
user_774,casual,2025-01-20
user_775,sporadic,2025-02-07
user_776,consistent,2025-02-24
user_777,consistent,2025-01-04
user_778,sporadic,2025-01-15
user_779,sporadic,2025-01-24
user_780,casual,2025-01-25
user_781,sporadic,2025-01-01
user_782,casual,2025-01-07
user_783,consistent,2025-02-26
user_784,casual,2025-01-31
user_785,consistent,2025-01-12
user_786,at_risk,2025-02-11
user_787,casual,2025-01-05
user_788,casual,2025-02-13
user_789,casual,2025-02-19
user_790,at_risk,2025-02-11
user_791,consistent,2025-02-07
user_792,casual,2025-03-01
user_793,casual,2025-01-12
user_794,casual,2025-02-08
user_795,consistent,2025-01-18
user_796,at_risk,2025-01-02
user_797,at_risk,2025-01-10
user_798,casual,2025-01-15
user_799,sporadic,2025-01-30
user_800,at_risk,2025-02-13
user_801,sporadic,2025-02-27
user_802,consistent,2025-01-17
user_803,casual,2025-01-04
user_804,casual,2025-01-07
user_805,casual,2025-02-10
user_806,sporadic,2025-01-31
user_807,at_risk,2025-02-20
user_808,at_risk,2025-03-01
user_809,casual,2025-02-28
user_810,consistent,2025-02-24
user_811,at_risk,2025-02-08
user_812,sporadic,2025-02-24
user_813,consistent,2025-02-03
user_814,at_risk,2025-01-06
user_815,at_risk,2025-02-19
user_816,casual,2025-02-07
user_817,casual,2025-02-14
user_818,casual,2025-02-27
user_819,consistent,2025-02-20
user_820,casual,2025-02-03
user_821,sporadic,2025-02-13
user_822,consistent,2025-01-15
user_823,casual,2025-01-14
user_824,casual,2025-01-06
user_825,casual,2025-02-19
user_826,at_risk,2025-02-06
user_827,casual,2025-02-19
user_828,casual,2025-02-01
user_829,sporadic,2025-01-03
user_830,casual,2025-01-03
user_831,consistent,2025-01-22
user_832,casual,2025-01-22
user_833,consistent,2025-01-10
user_834,consistent,2025-02-20
user_835,casual,2025-01-03
user_836,casual,2025-01-12
user_837,at_risk,2025-01-29
user_838,casual,2025-02-17
user_839,casual,2025-01-17
user_840,casual,2025-01-07
user_841,consistent,2025-01-13
user_842,sporadic,2025-02-25
user_843,consistent,2025-01-02
user_844,at_risk,2025-01-04
user_845,consistent,2025-01-10
user_846,casual,2025-02-08
user_847,consistent,2025-01-24
user_848,at_risk,2025-01-17
user_849,casual,2025-02-21
user_850,casual,2025-01-06
user_851,consistent,2025-01-19
user_852,sporadic,2025-01-05
user_853,consistent,2025-02-01
user_854,at_risk,2025-01-10
user_855,consistent,2025-01-09
user_856,consistent,2025-01-27
user_857,consistent,2025-01-13
user_858,casual,2025-01-19
user_859,casual,2025-01-21
user_860,consistent,2025-01-24
user_861,sporadic,2025-02-07
user_862,casual,2025-01-04
user_863,casual,2025-01-24
user_864,casual,2025-02-28
user_865,casual,2025-02-04
user_866,casual,2025-01-03
user_867,consistent,2025-01-04
user_868,consistent,2025-02-26
user_869,at_risk,2025-02-06
user_870,at_risk,2025-02-09
user_871,casual,2025-02-17
user_872,consistent,2025-02-23
user_873,casual,2025-02-04
user_874,casual,2025-01-31
user_875,consistent,2025-02-25
user_876,consistent,2025-02-13
user_877,sporadic,2025-01-25
user_878,sporadic,2025-02-09
user_879,consistent,2025-01-13
user_880,consistent,2025-01-04
user_881,consistent,2025-02-15
user_882,sporadic,2025-01-14
user_883,consistent,2025-01-13
user_884,consistent,2025-01-27
user_885,sporadic,2025-01-06
user_886,consistent,2025-01-17
user_887,sporadic,2025-02-05
user_888,consistent,2025-02-09
user_889,consistent,2025-02-18
user_890,consistent,2025-02-04
user_891,sporadic,2025-01-17
user_892,at_risk,2025-02-10
user_893,sporadic,2025-01-02
user_894,casual,2025-02-26
user_895,sporadic,2025-01-13
user_896,consistent,2025-02-21
user_897,consistent,2025-01-02
user_898,at_risk,2025-02-21
user_899,consistent,2025-01-28
user_900,consistent,2025-02-12
user_901,consistent,2025-02-28
user_902,consistent,2025-01-26
user_903,consistent,2025-01-22
user_904,casual,2025-02-16
user_905,casual,2025-02-12
user_906,at_risk,2025-02-24
user_907,sporadic,2025-01-03
user_908,casual,2025-02-04
user_909,consistent,2025-03-01
user_910,casual,2025-02-27
user_911,casual,2025-01-12
user_912,consistent,2025-01-24
user_913,casual,2025-01-05
user_914,casual,2025-01-20
user_915,casual,2025-02-08
user_916,casual,2025-02-08
user_917,consistent,2025-01-13
user_918,at_risk,2025-02-10
user_919,sporadic,2025-02-26
user_920,consistent,2025-02-22
user_921,at_risk,2025-02-14
user_922,casual,2025-01-12
user_923,at_risk,2025-01-13
user_924,sporadic,2025-02-25
user_925,casual,2025-01-10
user_926,consistent,2025-02-02
user_927,consistent,2025-02-26
user_928,casual,2025-02-09
user_929,casual,2025-02-23
user_930,consistent,2025-01-16
user_931,consistent,2025-02-14
user_932,sporadic,2025-02-04
user_933,at_risk,2025-01-03
user_934,casual,2025-02-25
user_935,consistent,2025-01-05
user_936,consistent,2025-01-26
user_937,consistent,2025-01-11
user_938,at_risk,2025-01-07
user_939,consistent,2025-02-22
user_940,casual,2025-02-25
user_941,consistent,2025-01-10
user_942,casual,2025-02-11
user_943,sporadic,2025-02-21
user_944,sporadic,2025-02-03
user_945,consistent,2025-01-03
user_946,consistent,2025-01-08
user_947,consistent,2025-01-31
user_948,at_risk,2025-01-11
user_949,at_risk,2025-02-14
user_950,casual,2025-01-07
user_951,casual,2025-02-14
user_952,sporadic,2025-01-02
user_953,consistent,2025-01-06
user_954,at_risk,2025-02-10
user_955,casual,2025-02-01
user_956,casual,2025-01-20
user_957,casual,2025-02-26
user_958,consistent,2025-02-03
user_959,consistent,2025-02-19
user_960,sporadic,2025-01-16
user_961,consistent,2025-01-25
user_962,casual,2025-01-12
user_963,consistent,2025-01-07
user_964,casual,2025-02-08
user_965,consistent,2025-01-17
user_966,casual,2025-02-14
user_967,sporadic,2025-01-11
user_968,consistent,2025-01-06
user_969,casual,2025-01-23
user_970,casual,2025-01-27
user_971,sporadic,2025-02-15
user_972,at_risk,2025-01-06
user_973,sporadic,2025-02-07
user_974,consistent,2025-01-02
user_975,consistent,2025-01-22
user_976,consistent,2025-01-20
user_977,casual,2025-01-25
user_978,consistent,2025-01-15
user_979,casual,2025-03-01
user_980,casual,2025-02-18
user_981,casual,2025-01-29
user_982,sporadic,2025-01-08
user_983,consistent,2025-02-06
user_984,consistent,2025-02-18
user_985,sporadic,2025-02-21
user_986,casual,2025-02-02
user_987,sporadic,2025-01-22
user_988,casual,2025-02-19
user_989,consistent,2025-02-16
user_990,sporadic,2025-01-05
user_991,sporadic,2025-02-08
user_992,sporadic,2025-01-18
user_993,consistent,2025-02-07
user_994,casual,2025-02-23
user_995,casual,2025-02-22
user_996,consistent,2025-02-06
user_997,at_risk,2025-01-30
user_998,consistent,2025-02-20
user_999,at_risk,2025-01-31
user_1000,casual,2025-01-10
user_1001,consistent,2025-01-15
user_1002,casual,2025-02-11
user_1003,at_risk,2025-02-28
user_1004,sporadic,2025-02-17
user_1005,sporadic,2025-02-13
user_1006,sporadic,2025-01-18
user_1007,sporadic,2025-01-23
user_1008,sporadic,2025-02-02
user_1009,consistent,2025-01-16
user_1010,casual,2025-02-23
user_1011,consistent,2025-02-07
user_1012,at_risk,2025-02-04
user_1013,at_risk,2025-02-03
user_1014,consistent,2025-01-28
user_1015,sporadic,2025-01-02
user_1016,at_risk,2025-01-30
user_1017,consistent,2025-01-13
user_1018,casual,2025-02-10
user_1019,at_risk,2025-01-16
user_1020,consistent,2025-02-28
user_1021,sporadic,2025-01-05
user_1022,consistent,2025-02-24
user_1023,at_risk,2025-01-28
user_1024,at_risk,2025-02-22
user_1025,at_risk,2025-02-08
user_1026,casual,2025-02-14
user_1027,at_risk,2025-01-20
user_1028,sporadic,2025-01-24
user_1029,casual,2025-01-27
user_1030,sporadic,2025-01-30
user_1031,consistent,2025-02-27
user_1032,casual,2025-02-14
user_1033,consistent,2025-01-27
user_1034,consistent,2025-01-26
user_1035,consistent,2025-01-07
user_1036,sporadic,2025-02-11
user_1037,casual,2025-02-16
user_1038,sporadic,2025-02-22
user_1039,consistent,2025-02-28
user_1040,casual,2025-02-07
user_1041,casual,2025-01-05
user_1042,sporadic,2025-01-23
user_1043,casual,2025-01-28
user_1044,casual,2025-02-03
user_1045,at_risk,2025-02-22
user_1046,casual,2025-01-15
user_1047,consistent,2025-02-01
user_1048,consistent,2025-01-26
user_1049,at_risk,2025-02-17
user_1050,consistent,2025-01-31
user_1051,at_risk,2025-01-19
user_1052,casual,2025-01-09
user_1053,at_risk,2025-01-29
user_1054,sporadic,2025-02-23
user_1055,at_risk,2025-02-27
user_1056,casual,2025-02-20
user_1057,sporadic,2025-02-08
user_1058,casual,2025-01-04
user_1059,casual,2025-01-03
user_1060,casual,2025-02-25
user_1061,at_risk,2025-01-29
user_1062,at_risk,2025-02-21
user_1063,sporadic,2025-01-11
user_1064,casual,2025-02-02
user_1065,casual,2025-02-07
user_1066,sporadic,2025-02-27
user_1067,consistent,2025-01-11
user_1068,consistent,2025-01-27
user_1069,casual,2025-02-02
user_1070,consistent,2025-01-21
user_1071,consistent,2025-02-08
user_1072,consistent,2025-01-31
user_1073,consistent,2025-02-07
user_1074,consistent,2025-02-15
user_1075,at_risk,2025-01-02
user_1076,casual,2025-01-27
user_1077,casual,2025-02-05
user_1078,sporadic,2025-01-11
user_1079,consistent,2025-02-16
user_1080,at_risk,2025-01-18
user_1081,sporadic,2025-02-28
user_1082,consistent,2025-01-01
user_1083,casual,2025-02-04
user_1084,at_risk,2025-02-04
user_1085,at_risk,2025-01-31
user_1086,casual,2025-01-28
user_1087,casual,2025-02-08
user_1088,consistent,2025-01-01
user_1089,at_risk,2025-01-25
user_1090,consistent,2025-02-12
user_1091,at_risk,2025-02-07
user_1092,casual,2025-01-20
user_1093,casual,2025-01-03
user_1094,casual,2025-02-20
user_1095,consistent,2025-01-02
user_1096,consistent,2025-01-18
user_1097,consistent,2025-02-13
user_1098,consistent,2025-01-10
user_1099,sporadic,2025-01-05
user_1100,casual,2025-01-09
user_1101,consistent,2025-01-02
user_1102,at_risk,2025-02-03
user_1103,at_risk,2025-03-01
user_1104,at_risk,2025-02-07
user_1105,at_risk,2025-01-31
user_1106,consistent,2025-01-10
user_1107,casual,2025-02-19
user_1108,sporadic,2025-01-12
user_1109,sporadic,2025-02-05
user_1110,consistent,2025-02-23
user_1111,sporadic,2025-01-21
user_1112,consistent,2025-02-18
user_1113,consistent,2025-02-16
user_1114,casual,2025-01-06
user_1115,casual,2025-02-17
user_1116,casual,2025-02-18
user_1117,consistent,2025-01-03
user_1118,at_risk,2025-01-10
user_1119,consistent,2025-01-05
user_1120,consistent,2025-02-15
user_1121,at_risk,2025-01-26
user_1122,at_risk,2025-01-21
user_1123,at_risk,2025-02-14
user_1124,sporadic,2025-01-26
user_1125,sporadic,2025-02-07
user_1126,casual,2025-02-13
user_1127,consistent,2025-01-26
user_1128,casual,2025-01-08
user_1129,casual,2025-01-05
user_1130,consistent,2025-01-15
user_1131,sporadic,2025-02-28
user_1132,casual,2025-01-16
user_1133,consistent,2025-01-01
user_1134,consistent,2025-01-16
user_1135,sporadic,2025-02-06
user_1136,consistent,2025-01-03
user_1137,at_risk,2025-02-21
user_1138,casual,2025-02-16
user_1139,casual,2025-01-31
user_1140,casual,2025-01-13
user_1141,sporadic,2025-02-25
user_1142,casual,2025-01-16
user_1143,sporadic,2025-02-24
user_1144,casual,2025-02-12
user_1145,consistent,2025-01-21
user_1146,at_risk,2025-01-02
user_1147,sporadic,2025-02-23
user_1148,sporadic,2025-01-27
user_1149,at_risk,2025-02-07
user_1150,at_risk,2025-01-26
user_1151,sporadic,2025-02-27
user_1152,sporadic,2025-02-28
user_1153,sporadic,2025-02-07
user_1154,sporadic,2025-02-15
user_1155,casual,2025-01-25
user_1156,sporadic,2025-01-11
user_1157,consistent,2025-01-08
user_1158,at_risk,2025-01-08
user_1159,at_risk,2025-02-02
user_1160,consistent,2025-02-22
user_1161,sporadic,2025-01-07
user_1162,consistent,2025-02-07
user_1163,casual,2025-01-21
user_1164,sporadic,2025-01-08
user_1165,consistent,2025-02-20
user_1166,sporadic,2025-02-23
user_1167,sporadic,2025-01-21
user_1168,casual,2025-02-25
user_1169,consistent,2025-01-20
user_1170,consistent,2025-01-08
user_1171,casual,2025-02-27
user_1172,at_risk,2025-02-15
user_1173,casual,2025-01-31
user_1174,consistent,2025-02-19
user_1175,casual,2025-02-26
user_1176,casual,2025-01-29
user_1177,sporadic,2025-02-17
user_1178,consistent,2025-01-09
user_1179,sporadic,2025-01-15
user_1180,casual,2025-01-30
user_1181,at_risk,2025-01-26
user_1182,casual,2025-01-10
user_1183,casual,2025-01-29
user_1184,at_risk,2025-02-23
user_1185,consistent,2025-01-16
user_1186,at_risk,2025-02-05
user_1187,sporadic,2025-01-20
user_1188,consistent,2025-02-14
user_1189,casual,2025-02-23
user_1190,sporadic,2025-02-06
user_1191,consistent,2025-01-22
user_1192,casual,2025-01-07
user_1193,casual,2025-01-23
user_1194,casual,2025-02-10
user_1195,consistent,2025-02-09
user_1196,at_risk,2025-01-29
user_1197,at_risk,2025-01-16
user_1198,at_risk,2025-02-07
user_1199,sporadic,2025-01-28
user_1200,consistent,2025-02-17
user_1201,sporadic,2025-02-07
user_1202,consistent,2025-01-31
user_1203,consistent,2025-01-14
user_1204,casual,2025-02-22
user_1205,casual,2025-02-02
user_1206,sporadic,2025-02-26
user_1207,sporadic,2025-01-09
user_1208,casual,2025-02-26
user_1209,consistent,2025-01-27
user_1210,at_risk,2025-01-24
user_1211,casual,2025-01-13
user_1212,casual,2025-01-26
user_1213,consistent,2025-01-29
user_1214,sporadic,2025-02-20
user_1215,sporadic,2025-02-18
user_1216,consistent,2025-02-12
user_1217,consistent,2025-01-28
user_1218,sporadic,2025-01-28
user_1219,sporadic,2025-01-08
user_1220,consistent,2025-01-23
user_1221,at_risk,2025-01-29
user_1222,consistent,2025-01-05
user_1223,casual,2025-02-11
user_1224,at_risk,2025-01-07
user_1225,casual,2025-02-11
user_1226,casual,2025-02-05
user_1227,casual,2025-02-10
user_1228,consistent,2025-01-27
user_1229,at_risk,2025-02-27
user_1230,casual,2025-02-15
user_1231,at_risk,2025-01-02
user_1232,consistent,2025-01-25
user_1233,consistent,2025-01-09
user_1234,consistent,2025-02-22
user_1235,sporadic,2025-01-27
user_1236,casual,2025-01-01
user_1237,at_risk,2025-01-23
user_1238,casual,2025-01-10
user_1239,at_risk,2025-02-11
user_1240,consistent,2025-02-21
user_1241,at_risk,2025-01-25
user_1242,sporadic,2025-02-23
user_1243,sporadic,2025-01-03
user_1244,sporadic,2025-01-06
user_1245,sporadic,2025-02-27
user_1246,casual,2025-01-06
user_1247,consistent,2025-02-22
user_1248,consistent,2025-01-02
user_1249,at_risk,2025-02-27
user_1250,casual,2025-02-27
user_1251,sporadic,2025-01-18
user_1252,casual,2025-01-23
user_1253,consistent,2025-01-02
user_1254,consistent,2025-01-12
user_1255,sporadic,2025-01-22
user_1256,casual,2025-02-06
user_1257,consistent,2025-01-20
user_1258,casual,2025-02-08
user_1259,consistent,2025-01-24
user_1260,casual,2025-02-17
user_1261,consistent,2025-01-20
user_1262,sporadic,2025-01-01
user_1263,casual,2025-01-01
user_1264,casual,2025-01-17
user_1265,consistent,2025-02-28
user_1266,consistent,2025-01-01
user_1267,casual,2025-02-22
user_1268,casual,2025-02-21
user_1269,casual,2025-02-14
user_1270,consistent,2025-01-30
user_1271,sporadic,2025-02-10
user_1272,at_risk,2025-02-16
user_1273,sporadic,2025-01-03
user_1274,consistent,2025-02-15
user_1275,casual,2025-02-24
user_1276,consistent,2025-01-11
user_1277,consistent,2025-01-24
user_1278,at_risk,2025-01-22
user_1279,consistent,2025-02-13
user_1280,casual,2025-02-14
user_1281,casual,2025-01-26
user_1282,sporadic,2025-01-13
user_1283,casual,2025-01-01
user_1284,consistent,2025-01-24
user_1285,casual,2025-01-10
user_1286,casual,2025-02-04
user_1287,consistent,2025-01-24
user_1288,casual,2025-01-28
user_1289,consistent,2025-02-05
user_1290,consistent,2025-01-16
user_1291,casual,2025-02-09
user_1292,consistent,2025-01-16
user_1293,casual,2025-02-28
user_1294,sporadic,2025-01-17
user_1295,sporadic,2025-02-20
user_1296,consistent,2025-02-23
user_1297,consistent,2025-01-15
user_1298,consistent,2025-01-16
user_1299,casual,2025-01-15
user_1300,sporadic,2025-02-26
user_1301,consistent,2025-02-03
user_1302,at_risk,2025-01-11
user_1303,consistent,2025-01-01
user_1304,casual,2025-01-15
user_1305,sporadic,2025-01-26
user_1306,at_risk,2025-02-20
user_1307,sporadic,2025-01-04
user_1308,sporadic,2025-02-12
user_1309,casual,2025-01-05
user_1310,sporadic,2025-02-04
user_1311,consistent,2025-01-13
user_1312,at_risk,2025-01-10
user_1313,casual,2025-01-11
user_1314,sporadic,2025-01-18
user_1315,casual,2025-02-03
user_1316,casual,2025-02-08
user_1317,casual,2025-02-10
user_1318,sporadic,2025-02-11
user_1319,consistent,2025-02-19
user_1320,consistent,2025-01-23
user_1321,consistent,2025-01-07
user_1322,consistent,2025-02-28
user_1323,at_risk,2025-02-08
user_1324,consistent,2025-01-03
user_1325,at_risk,2025-01-12
user_1326,casual,2025-01-07
user_1327,consistent,2025-02-18
user_1328,sporadic,2025-01-26
user_1329,sporadic,2025-02-02
user_1330,casual,2025-02-06
user_1331,casual,2025-02-17
user_1332,sporadic,2025-01-15
user_1333,consistent,2025-01-02
user_1334,at_risk,2025-02-10
user_1335,at_risk,2025-01-07
user_1336,sporadic,2025-02-01
user_1337,consistent,2025-01-04
user_1338,sporadic,2025-01-20
user_1339,consistent,2025-02-19
user_1340,consistent,2025-02-22
user_1341,consistent,2025-02-05
user_1342,casual,2025-02-01
user_1343,at_risk,2025-01-28
user_1344,sporadic,2025-01-13
user_1345,sporadic,2025-01-01
user_1346,casual,2025-03-01
user_1347,casual,2025-02-25
user_1348,casual,2025-02-04
user_1349,at_risk,2025-02-17
user_1350,consistent,2025-01-30
user_1351,at_risk,2025-02-23
user_1352,casual,2025-02-05
user_1353,casual,2025-02-26
user_1354,sporadic,2025-02-24
user_1355,casual,2025-01-25
user_1356,at_risk,2025-01-16
user_1357,at_risk,2025-02-27
user_1358,casual,2025-01-19
user_1359,consistent,2025-01-01
user_1360,casual,2025-01-05
user_1361,at_risk,2025-02-20
user_1362,consistent,2025-01-22
user_1363,casual,2025-01-24
user_1364,casual,2025-02-12
user_1365,sporadic,2025-02-14
user_1366,consistent,2025-02-21
user_1367,sporadic,2025-02-06
user_1368,at_risk,2025-02-22
user_1369,consistent,2025-02-05
user_1370,consistent,2025-02-05
user_1371,at_risk,2025-01-04
user_1372,consistent,2025-02-05
user_1373,at_risk,2025-02-21
user_1374,casual,2025-02-22
user_1375,consistent,2025-01-18
user_1376,at_risk,2025-02-19
user_1377,casual,2025-01-16
user_1378,casual,2025-02-10
user_1379,casual,2025-01-18
user_1380,casual,2025-01-22
user_1381,consistent,2025-01-02
user_1382,casual,2025-01-21
user_1383,at_risk,2025-02-05
user_1384,consistent,2025-02-13
user_1385,sporadic,2025-02-08
user_1386,casual,2025-02-16
user_1387,sporadic,2025-02-08
user_1388,consistent,2025-01-29
user_1389,at_risk,2025-02-23
user_1390,casual,2025-01-26
user_1391,consistent,2025-01-21
user_1392,consistent,2025-01-17
user_1393,consistent,2025-01-16
user_1394,casual,2025-03-01
user_1395,casual,2025-01-31
user_1396,sporadic,2025-02-20
user_1397,casual,2025-01-09
user_1398,consistent,2025-01-31
user_1399,casual,2025-01-14
user_1400,sporadic,2025-02-18
user_1401,consistent,2025-02-06
user_1402,consistent,2025-01-02
user_1403,consistent,2025-02-21
user_1404,sporadic,2025-02-17
user_1405,sporadic,2025-02-15
user_1406,casual,2025-01-14
user_1407,sporadic,2025-02-28
user_1408,sporadic,2025-02-02
user_1409,casual,2025-02-04
user_1410,at_risk,2025-02-27
user_1411,consistent,2025-02-08
user_1412,consistent,2025-02-27
user_1413,consistent,2025-02-16
user_1414,consistent,2025-02-20
user_1415,casual,2025-01-20
user_1416,at_risk,2025-01-02
user_1417,consistent,2025-02-20
user_1418,consistent,2025-02-10
user_1419,casual,2025-01-19
user_1420,at_risk,2025-02-28
user_1421,casual,2025-02-06
user_1422,casual,2025-01-18
user_1423,consistent,2025-01-16
user_1424,consistent,2025-01-04
user_1425,at_risk,2025-01-12
user_1426,at_risk,2025-01-29
user_1427,consistent,2025-01-07
user_1428,at_risk,2025-01-14
user_1429,casual,2025-02-24
user_1430,at_risk,2025-01-12
user_1431,casual,2025-02-04
user_1432,casual,2025-01-05
user_1433,casual,2025-01-17
user_1434,sporadic,2025-02-27
user_1435,consistent,2025-02-11
user_1436,consistent,2025-02-01
user_1437,casual,2025-01-10
user_1438,sporadic,2025-02-12
user_1439,consistent,2025-01-17
user_1440,sporadic,2025-01-05
user_1441,at_risk,2025-02-14
user_1442,consistent,2025-02-11
user_1443,sporadic,2025-01-09
user_1444,casual,2025-02-18
user_1445,at_risk,2025-02-02
user_1446,consistent,2025-02-05
user_1447,sporadic,2025-02-05
user_1448,sporadic,2025-01-18
user_1449,at_risk,2025-01-09
user_1450,sporadic,2025-02-26
user_1451,casual,2025-01-29
user_1452,casual,2025-02-19
user_1453,at_risk,2025-01-14
user_1454,casual,2025-01-25
user_1455,consistent,2025-01-15
user_1456,at_risk,2025-01-06
user_1457,sporadic,2025-02-25
user_1458,sporadic,2025-02-11
user_1459,consistent,2025-01-29
user_1460,sporadic,2025-01-15
user_1461,casual,2025-01-29
user_1462,sporadic,2025-01-04
user_1463,consistent,2025-01-18
user_1464,sporadic,2025-02-19
user_1465,at_risk,2025-02-26
user_1466,consistent,2025-02-18
user_1467,at_risk,2025-02-13
user_1468,casual,2025-02-08
user_1469,at_risk,2025-01-16
user_1470,sporadic,2025-01-11
user_1471,casual,2025-01-14
user_1472,sporadic,2025-01-03
user_1473,at_risk,2025-02-20
user_1474,casual,2025-02-19
user_1475,casual,2025-02-11
user_1476,sporadic,2025-02-07
user_1477,sporadic,2025-02-14
user_1478,sporadic,2025-02-11
user_1479,sporadic,2025-01-18
user_1480,casual,2025-02-27
user_1481,sporadic,2025-01-20
user_1482,consistent,2025-02-27
user_1483,casual,2025-02-17
user_1484,consistent,2025-01-25
user_1485,casual,2025-02-26
user_1486,casual,2025-02-07
user_1487,casual,2025-01-13
user_1488,sporadic,2025-01-04
user_1489,casual,2025-02-24
user_1490,casual,2025-01-14
user_1491,consistent,2025-02-02
user_1492,casual,2025-01-28
user_1493,consistent,2025-02-21
user_1494,consistent,2025-02-06
user_1495,casual,2025-01-08
user_1496,sporadic,2025-02-13
user_1497,casual,2025-02-03
user_1498,casual,2025-02-13
user_1499,casual,2025-01-05
user_1500,at_risk,2025-02-23
user_1501,casual,2025-01-05
user_1502,casual,2025-01-31
user_1503,consistent,2025-02-14
user_1504,casual,2025-01-09
user_1505,casual,2025-02-11
user_1506,casual,2025-02-01
user_1507,casual,2025-02-02
user_1508,casual,2025-01-03
user_1509,casual,2025-01-30
user_1510,sporadic,2025-02-19
user_1511,sporadic,2025-01-12
user_1512,sporadic,2025-01-29
user_1513,at_risk,2025-01-03
user_1514,consistent,2025-01-26
user_1515,consistent,2025-02-26
user_1516,consistent,2025-01-30
user_1517,casual,2025-01-09
user_1518,at_risk,2025-01-26
user_1519,consistent,2025-01-02
user_1520,at_risk,2025-01-03
user_1521,consistent,2025-02-15
user_1522,at_risk,2025-01-04
user_1523,casual,2025-01-25
user_1524,consistent,2025-02-20
user_1525,casual,2025-01-13
user_1526,consistent,2025-02-08
user_1527,consistent,2025-02-13
user_1528,casual,2025-02-04
user_1529,sporadic,2025-02-24
user_1530,casual,2025-01-23
user_1531,casual,2025-01-09
user_1532,casual,2025-01-02
user_1533,sporadic,2025-02-23
user_1534,consistent,2025-02-10
user_1535,casual,2025-02-13
user_1536,consistent,2025-01-31
user_1537,consistent,2025-02-13
user_1538,sporadic,2025-02-16
user_1539,consistent,2025-01-02
user_1540,casual,2025-02-01
user_1541,sporadic,2025-01-18
user_1542,consistent,2025-01-13
user_1543,casual,2025-02-15
user_1544,consistent,2025-01-05
user_1545,at_risk,2025-02-27
user_1546,casual,2025-02-11
user_1547,sporadic,2025-02-13
user_1548,casual,2025-01-10
user_1549,consistent,2025-02-25
user_1550,casual,2025-02-12
user_1551,at_risk,2025-01-25
user_1552,casual,2025-02-03
user_1553,sporadic,2025-02-06
user_1554,at_risk,2025-01-30
user_1555,consistent,2025-01-07
user_1556,consistent,2025-01-06
user_1557,casual,2025-02-23
user_1558,casual,2025-02-24
user_1559,sporadic,2025-01-03
user_1560,at_risk,2025-01-13
user_1561,casual,2025-01-03
user_1562,consistent,2025-01-26
user_1563,sporadic,2025-02-26
user_1564,consistent,2025-01-24
user_1565,sporadic,2025-02-22
user_1566,casual,2025-01-06
user_1567,sporadic,2025-02-12
user_1568,consistent,2025-03-01
user_1569,casual,2025-02-27
user_1570,casual,2025-02-18
user_1571,casual,2025-02-11
user_1572,consistent,2025-01-12
user_1573,sporadic,2025-02-18
user_1574,at_risk,2025-02-05
user_1575,consistent,2025-01-02
user_1576,consistent,2025-01-11
user_1577,consistent,2025-02-08
user_1578,casual,2025-02-03
user_1579,casual,2025-01-26
user_1580,casual,2025-01-18
user_1581,consistent,2025-01-21
user_1582,casual,2025-02-05
user_1583,casual,2025-02-09
user_1584,casual,2025-02-21
user_1585,at_risk,2025-02-15
user_1586,consistent,2025-02-13
user_1587,sporadic,2025-01-22
user_1588,casual,2025-02-22
user_1589,casual,2025-02-28
user_1590,sporadic,2025-01-30
user_1591,sporadic,2025-02-19
user_1592,at_risk,2025-02-12
user_1593,consistent,2025-03-01
user_1594,consistent,2025-01-30
user_1595,sporadic,2025-01-08
user_1596,casual,2025-02-03
user_1597,consistent,2025-02-26
user_1598,consistent,2025-02-16
user_1599,consistent,2025-01-09
user_1600,at_risk,2025-02-20
user_1601,consistent,2025-01-20
user_1602,casual,2025-02-09
user_1603,consistent,2025-01-25
user_1604,casual,2025-01-19
user_1605,consistent,2025-01-05
user_1606,casual,2025-01-11
user_1607,consistent,2025-01-15
user_1608,sporadic,2025-01-08
user_1609,consistent,2025-01-19
user_1610,casual,2025-01-23
user_1611,at_risk,2025-01-27
user_1612,sporadic,2025-02-09
user_1613,casual,2025-02-01
user_1614,casual,2025-01-26
user_1615,casual,2025-01-27
user_1616,sporadic,2025-01-19
user_1617,at_risk,2025-02-19
user_1618,sporadic,2025-02-11
user_1619,casual,2025-01-29
user_1620,sporadic,2025-02-08
user_1621,casual,2025-03-01
user_1622,consistent,2025-02-10
user_1623,casual,2025-02-02
user_1624,at_risk,2025-01-19
user_1625,consistent,2025-02-06
user_1626,sporadic,2025-01-19
user_1627,consistent,2025-02-02
user_1628,casual,2025-02-16
user_1629,consistent,2025-01-16
user_1630,casual,2025-01-23
user_1631,sporadic,2025-01-07
user_1632,casual,2025-01-26
user_1633,sporadic,2025-02-01
user_1634,sporadic,2025-01-12
user_1635,at_risk,2025-01-08
user_1636,consistent,2025-01-05
user_1637,casual,2025-02-11
user_1638,consistent,2025-01-28
user_1639,at_risk,2025-02-22
user_1640,at_risk,2025-01-05
user_1641,casual,2025-02-18
user_1642,sporadic,2025-01-26
user_1643,casual,2025-01-05
user_1644,casual,2025-01-22
user_1645,consistent,2025-01-15
user_1646,sporadic,2025-01-13
user_1647,consistent,2025-01-28
user_1648,sporadic,2025-02-02
user_1649,sporadic,2025-02-12
user_1650,sporadic,2025-01-23
user_1651,consistent,2025-02-02
user_1652,casual,2025-02-12
user_1653,consistent,2025-01-18
user_1654,casual,2025-02-19
user_1655,consistent,2025-02-22
user_1656,at_risk,2025-01-30
user_1657,casual,2025-01-26
user_1658,casual,2025-01-16
user_1659,casual,2025-01-13
user_1660,casual,2025-02-08
user_1661,casual,2025-02-02
user_1662,casual,2025-01-26
user_1663,at_risk,2025-02-17
user_1664,casual,2025-01-01
user_1665,at_risk,2025-02-18
user_1666,at_risk,2025-02-07
user_1667,consistent,2025-01-02
user_1668,at_risk,2025-02-18
user_1669,consistent,2025-01-06
user_1670,sporadic,2025-02-15
user_1671,casual,2025-02-19
user_1672,at_risk,2025-02-07
user_1673,at_risk,2025-02-11
user_1674,sporadic,2025-01-24
user_1675,sporadic,2025-01-18
user_1676,casual,2025-01-27
user_1677,consistent,2025-02-10
user_1678,casual,2025-01-08
user_1679,consistent,2025-01-28
user_1680,sporadic,2025-01-10
user_1681,casual,2025-01-17
user_1682,at_risk,2025-02-24
user_1683,casual,2025-01-29
user_1684,sporadic,2025-02-27
user_1685,consistent,2025-01-06
user_1686,at_risk,2025-01-14
user_1687,at_risk,2025-01-22
user_1688,casual,2025-02-23
user_1689,casual,2025-01-06
user_1690,sporadic,2025-01-26
user_1691,consistent,2025-02-08
user_1692,casual,2025-01-12
user_1693,casual,2025-02-04
user_1694,consistent,2025-01-14
user_1695,casual,2025-01-22
user_1696,consistent,2025-02-20
user_1697,consistent,2025-01-23
user_1698,consistent,2025-02-17
user_1699,at_risk,2025-01-07
user_1700,casual,2025-02-09
user_1701,at_risk,2025-02-19
user_1702,casual,2025-01-25
user_1703,casual,2025-01-13
user_1704,casual,2025-01-21
user_1705,casual,2025-02-10
user_1706,consistent,2025-01-10
user_1707,casual,2025-02-22
user_1708,consistent,2025-02-24
user_1709,casual,2025-02-28
user_1710,sporadic,2025-01-09
user_1711,consistent,2025-01-15
user_1712,consistent,2025-02-21
user_1713,sporadic,2025-01-02
user_1714,casual,2025-01-25
user_1715,consistent,2025-01-13
user_1716,at_risk,2025-02-03
user_1717,consistent,2025-02-20
user_1718,sporadic,2025-02-27
user_1719,at_risk,2025-02-03
user_1720,consistent,2025-02-04
user_1721,consistent,2025-02-07
user_1722,consistent,2025-01-03
user_1723,casual,2025-02-11
user_1724,consistent,2025-02-25
user_1725,sporadic,2025-02-28
user_1726,consistent,2025-01-06
user_1727,casual,2025-02-24
user_1728,at_risk,2025-02-17
user_1729,sporadic,2025-02-18
user_1730,casual,2025-01-19
user_1731,casual,2025-01-03
user_1732,casual,2025-01-18
user_1733,casual,2025-02-08
user_1734,casual,2025-01-09
user_1735,consistent,2025-02-21
user_1736,at_risk,2025-01-12
user_1737,casual,2025-01-05
user_1738,consistent,2025-01-03
user_1739,casual,2025-01-11
user_1740,casual,2025-02-26
user_1741,sporadic,2025-01-30
user_1742,sporadic,2025-01-04
user_1743,sporadic,2025-01-05
user_1744,consistent,2025-01-01
user_1745,casual,2025-01-27
user_1746,casual,2025-01-28
user_1747,consistent,2025-01-29
user_1748,consistent,2025-01-18
user_1749,sporadic,2025-01-12
user_1750,consistent,2025-01-13
user_1751,casual,2025-02-10
user_1752,consistent,2025-01-02
user_1753,consistent,2025-02-06
user_1754,consistent,2025-02-14
user_1755,at_risk,2025-01-16
user_1756,sporadic,2025-02-17
user_1757,at_risk,2025-01-24
user_1758,casual,2025-02-04
user_1759,consistent,2025-01-22
user_1760,casual,2025-02-05
user_1761,casual,2025-01-11
user_1762,sporadic,2025-02-24
user_1763,consistent,2025-02-27
user_1764,casual,2025-02-15
user_1765,consistent,2025-01-29
user_1766,casual,2025-02-04
user_1767,sporadic,2025-02-17
user_1768,casual,2025-02-23
user_1769,casual,2025-01-15
user_1770,casual,2025-03-01
user_1771,casual,2025-01-31
user_1772,sporadic,2025-02-11
user_1773,at_risk,2025-02-10
user_1774,at_risk,2025-02-12
user_1775,sporadic,2025-01-16
user_1776,casual,2025-01-10
user_1777,sporadic,2025-02-18
user_1778,casual,2025-02-01
user_1779,consistent,2025-02-20
user_1780,sporadic,2025-01-02
user_1781,consistent,2025-01-24
user_1782,at_risk,2025-01-23
user_1783,casual,2025-01-02
user_1784,casual,2025-02-07
user_1785,sporadic,2025-01-31
user_1786,at_risk,2025-02-20
user_1787,casual,2025-02-09
user_1788,casual,2025-01-26
user_1789,consistent,2025-01-29
user_1790,casual,2025-01-03
user_1791,consistent,2025-02-27
user_1792,sporadic,2025-01-14
user_1793,casual,2025-01-25
user_1794,sporadic,2025-02-17
user_1795,consistent,2025-01-01
user_1796,consistent,2025-02-22
user_1797,sporadic,2025-01-03
user_1798,consistent,2025-02-23
user_1799,consistent,2025-01-26
user_1800,consistent,2025-01-18
user_1801,at_risk,2025-01-09
user_1802,sporadic,2025-02-07
user_1803,casual,2025-01-23
user_1804,consistent,2025-01-21
user_1805,casual,2025-02-26
user_1806,sporadic,2025-01-01
user_1807,sporadic,2025-01-21
user_1808,consistent,2025-01-27
user_1809,consistent,2025-02-11
user_1810,consistent,2025-02-28
user_1811,sporadic,2025-01-06
user_1812,sporadic,2025-02-24
user_1813,consistent,2025-02-13
user_1814,consistent,2025-02-05
user_1815,consistent,2025-01-28
user_1816,at_risk,2025-02-14
user_1817,consistent,2025-01-17
user_1818,sporadic,2025-02-28
user_1819,casual,2025-02-09
user_1820,casual,2025-02-27
user_1821,consistent,2025-02-21
user_1822,consistent,2025-01-03
user_1823,casual,2025-01-12
user_1824,sporadic,2025-02-08
user_1825,casual,2025-01-12
user_1826,casual,2025-01-02
user_1827,consistent,2025-02-25
user_1828,at_risk,2025-02-15
user_1829,sporadic,2025-01-22
user_1830,consistent,2025-01-23
user_1831,at_risk,2025-01-30
user_1832,casual,2025-01-05
user_1833,casual,2025-01-09
user_1834,sporadic,2025-01-21
user_1835,sporadic,2025-01-11
user_1836,sporadic,2025-01-05
user_1837,consistent,2025-02-04
user_1838,casual,2025-01-27
user_1839,at_risk,2025-02-18
user_1840,consistent,2025-01-02
user_1841,casual,2025-01-24
user_1842,casual,2025-01-31
user_1843,casual,2025-02-02
user_1844,casual,2025-02-08
user_1845,at_risk,2025-01-30
user_1846,consistent,2025-02-15
user_1847,consistent,2025-02-06
user_1848,consistent,2025-02-20
user_1849,at_risk,2025-01-28
user_1850,casual,2025-03-01
user_1851,consistent,2025-01-31
user_1852,sporadic,2025-01-11
user_1853,at_risk,2025-01-23
user_1854,sporadic,2025-02-26
user_1855,at_risk,2025-01-02
user_1856,consistent,2025-02-09
user_1857,sporadic,2025-02-10
user_1858,casual,2025-01-27
user_1859,sporadic,2025-02-04
user_1860,sporadic,2025-01-02
user_1861,sporadic,2025-02-08
user_1862,sporadic,2025-02-06
user_1863,consistent,2025-01-21
user_1864,casual,2025-02-27
user_1865,at_risk,2025-01-05
user_1866,at_risk,2025-02-21
user_1867,consistent,2025-02-14
user_1868,consistent,2025-01-21
user_1869,consistent,2025-01-29
user_1870,sporadic,2025-01-20
user_1871,sporadic,2025-02-07
user_1872,consistent,2025-01-20
user_1873,casual,2025-02-19
user_1874,sporadic,2025-01-25
user_1875,sporadic,2025-01-02
user_1876,casual,2025-02-26
user_1877,casual,2025-02-01
user_1878,casual,2025-01-26
user_1879,consistent,2025-01-06
user_1880,casual,2025-02-10
user_1881,sporadic,2025-02-26
user_1882,at_risk,2025-01-03
user_1883,casual,2025-02-02
user_1884,sporadic,2025-01-01
user_1885,consistent,2025-02-20
user_1886,casual,2025-01-05
user_1887,consistent,2025-01-13
user_1888,consistent,2025-01-19
user_1889,sporadic,2025-01-12
user_1890,at_risk,2025-02-17
user_1891,consistent,2025-01-25
user_1892,casual,2025-02-26
user_1893,sporadic,2025-02-20
user_1894,consistent,2025-02-04
user_1895,casual,2025-01-12
user_1896,sporadic,2025-01-30
user_1897,casual,2025-01-05
user_1898,consistent,2025-02-03
user_1899,casual,2025-01-22
user_1900,sporadic,2025-02-08
user_1901,casual,2025-01-13
user_1902,consistent,2025-02-26
user_1903,sporadic,2025-02-16
user_1904,consistent,2025-02-23
user_1905,sporadic,2025-01-03
user_1906,consistent,2025-03-01
user_1907,at_risk,2025-02-22
user_1908,casual,2025-01-20
user_1909,casual,2025-01-31
user_1910,consistent,2025-01-05
user_1911,casual,2025-01-24
user_1912,at_risk,2025-02-09
user_1913,at_risk,2025-02-23
user_1914,casual,2025-02-02
user_1915,casual,2025-01-08
user_1916,sporadic,2025-01-24
user_1917,at_risk,2025-02-19
user_1918,casual,2025-01-20
user_1919,casual,2025-03-01
user_1920,casual,2025-01-16
user_1921,sporadic,2025-02-19
user_1922,consistent,2025-02-21
user_1923,casual,2025-01-12
user_1924,casual,2025-01-13
user_1925,sporadic,2025-02-14
user_1926,consistent,2025-02-11
user_1927,casual,2025-02-08
user_1928,casual,2025-01-25
user_1929,casual,2025-02-15
user_1930,consistent,2025-02-01
user_1931,casual,2025-01-24
user_1932,casual,2025-02-17
user_1933,casual,2025-02-16
user_1934,casual,2025-02-13
user_1935,sporadic,2025-01-09
user_1936,sporadic,2025-02-09
user_1937,consistent,2025-02-19
user_1938,sporadic,2025-01-23
user_1939,casual,2025-02-19
user_1940,consistent,2025-01-13
user_1941,consistent,2025-03-01
user_1942,casual,2025-02-28
user_1943,sporadic,2025-02-01
user_1944,sporadic,2025-02-19
user_1945,sporadic,2025-01-15
user_1946,casual,2025-02-05
user_1947,casual,2025-02-18
user_1948,consistent,2025-01-05
user_1949,casual,2025-01-22
user_1950,casual,2025-01-16
user_1951,consistent,2025-02-10
user_1952,consistent,2025-01-10
user_1953,casual,2025-01-24
user_1954,sporadic,2025-01-18
user_1955,at_risk,2025-02-18
user_1956,at_risk,2025-01-18
user_1957,casual,2025-01-07
user_1958,casual,2025-01-04
user_1959,casual,2025-01-26
user_1960,sporadic,2025-01-05
user_1961,consistent,2025-03-01
user_1962,casual,2025-02-24
user_1963,sporadic,2025-01-16
user_1964,casual,2025-02-04
user_1965,casual,2025-01-26
user_1966,casual,2025-01-18
user_1967,consistent,2025-01-29
user_1968,casual,2025-01-23
user_1969,casual,2025-02-22
user_1970,consistent,2025-01-14
user_1971,consistent,2025-01-15
user_1972,sporadic,2025-02-18
user_1973,consistent,2025-02-02
user_1974,casual,2025-01-25
user_1975,consistent,2025-01-21
user_1976,at_risk,2025-01-17
user_1977,consistent,2025-01-23
user_1978,casual,2025-02-26
user_1979,at_risk,2025-02-12
user_1980,sporadic,2025-01-17
user_1981,consistent,2025-02-27
user_1982,sporadic,2025-01-14
user_1983,casual,2025-01-29
user_1984,casual,2025-01-20
user_1985,consistent,2025-01-30
user_1986,consistent,2025-01-19
user_1987,sporadic,2025-02-22
user_1988,casual,2025-02-08
user_1989,casual,2025-02-25
user_1990,sporadic,2025-01-13
user_1991,sporadic,2025-01-18
user_1992,consistent,2025-01-23
user_1993,casual,2025-02-15
user_1994,consistent,2025-02-02
user_1995,sporadic,2025-02-08
user_1996,sporadic,2025-02-09
user_1997,at_risk,2025-01-18
user_1998,consistent,2025-01-09
user_1999,consistent,2025-02-02
user_2000,consistent,2025-02-01
user_2001,consistent,2025-02-23
user_2002,consistent,2025-01-17
user_2003,at_risk,2025-01-19
user_2004,consistent,2025-01-27
user_2005,consistent,2025-01-06
user_2006,sporadic,2025-02-04
user_2007,casual,2025-02-25
user_2008,sporadic,2025-02-06
user_2009,consistent,2025-02-03
user_2010,casual,2025-01-20
user_2011,consistent,2025-01-25
user_2012,consistent,2025-01-04
user_2013,at_risk,2025-01-10
user_2014,consistent,2025-01-10
user_2015,casual,2025-01-24
user_2016,casual,2025-01-21
user_2017,casual,2025-01-11
user_2018,at_risk,2025-01-27
user_2019,consistent,2025-01-16
user_2020,sporadic,2025-01-26
user_2021,at_risk,2025-01-30
user_2022,casual,2025-02-18
user_2023,at_risk,2025-01-16
user_2024,consistent,2025-01-07
user_2025,casual,2025-01-16
user_2026,consistent,2025-02-04
user_2027,sporadic,2025-02-27
user_2028,at_risk,2025-01-16
user_2029,consistent,2025-02-09
user_2030,sporadic,2025-01-12
user_2031,consistent,2025-02-04
user_2032,casual,2025-02-18
user_2033,casual,2025-01-21
user_2034,at_risk,2025-02-19
user_2035,casual,2025-02-12
user_2036,casual,2025-02-05
user_2037,consistent,2025-02-17
user_2038,consistent,2025-01-17
user_2039,consistent,2025-02-01
user_2040,consistent,2025-02-10
user_2041,at_risk,2025-01-06
user_2042,casual,2025-01-24
user_2043,casual,2025-01-27
user_2044,consistent,2025-01-20
user_2045,at_risk,2025-01-25
user_2046,sporadic,2025-01-02
user_2047,consistent,2025-01-09
user_2048,sporadic,2025-01-28
user_2049,casual,2025-02-22
user_2050,consistent,2025-02-07
user_2051,casual,2025-01-03
user_2052,casual,2025-01-20
user_2053,consistent,2025-01-06
user_2054,at_risk,2025-02-08
user_2055,sporadic,2025-02-02
user_2056,sporadic,2025-02-24
user_2057,casual,2025-01-01
user_2058,casual,2025-02-06
user_2059,sporadic,2025-01-06
user_2060,casual,2025-02-14
user_2061,consistent,2025-02-03
user_2062,casual,2025-02-16
user_2063,sporadic,2025-01-15
user_2064,casual,2025-02-14
user_2065,consistent,2025-01-26
user_2066,sporadic,2025-02-26
user_2067,consistent,2025-01-14
user_2068,consistent,2025-02-27
user_2069,consistent,2025-02-23
user_2070,casual,2025-01-07
user_2071,sporadic,2025-02-15
user_2072,casual,2025-02-27
user_2073,consistent,2025-01-31
user_2074,at_risk,2025-01-24
user_2075,at_risk,2025-02-28
user_2076,at_risk,2025-01-31
user_2077,consistent,2025-01-29
user_2078,casual,2025-02-11
user_2079,at_risk,2025-02-01
user_2080,sporadic,2025-01-17
user_2081,consistent,2025-01-14
user_2082,consistent,2025-02-09
user_2083,casual,2025-02-05
user_2084,at_risk,2025-02-27
user_2085,casual,2025-02-17
user_2086,casual,2025-01-24
user_2087,consistent,2025-02-14
user_2088,sporadic,2025-02-23
user_2089,sporadic,2025-01-27
user_2090,casual,2025-01-25
user_2091,sporadic,2025-02-28
user_2092,at_risk,2025-02-01
user_2093,consistent,2025-02-21
user_2094,casual,2025-01-18
user_2095,consistent,2025-02-15
user_2096,sporadic,2025-01-18
user_2097,casual,2025-02-06
user_2098,casual,2025-01-26
user_2099,sporadic,2025-01-09
user_2100,casual,2025-03-01
user_2101,at_risk,2025-02-04
user_2102,casual,2025-01-08
user_2103,consistent,2025-01-20
user_2104,sporadic,2025-02-23
user_2105,sporadic,2025-02-11
user_2106,casual,2025-01-22
user_2107,at_risk,2025-01-19
user_2108,at_risk,2025-01-30
user_2109,consistent,2025-02-22
user_2110,at_risk,2025-01-28
user_2111,consistent,2025-02-04
user_2112,consistent,2025-02-12
user_2113,consistent,2025-01-11
user_2114,at_risk,2025-01-31
user_2115,sporadic,2025-02-18
user_2116,consistent,2025-02-17
user_2117,casual,2025-02-08
user_2118,casual,2025-02-05
user_2119,consistent,2025-01-30
user_2120,at_risk,2025-01-23
user_2121,sporadic,2025-01-19
user_2122,casual,2025-01-12
user_2123,at_risk,2025-01-15
user_2124,casual,2025-01-31
user_2125,at_risk,2025-02-12
user_2126,sporadic,2025-02-06
user_2127,casual,2025-02-06
user_2128,consistent,2025-01-15
user_2129,at_risk,2025-01-29
user_2130,casual,2025-02-19
user_2131,consistent,2025-02-12
user_2132,consistent,2025-01-26
user_2133,casual,2025-02-13
user_2134,casual,2025-01-02
user_2135,sporadic,2025-01-20
user_2136,at_risk,2025-01-15
user_2137,consistent,2025-02-21
user_2138,sporadic,2025-01-04
user_2139,consistent,2025-01-22
user_2140,at_risk,2025-02-19
user_2141,sporadic,2025-02-07
user_2142,casual,2025-01-23
user_2143,sporadic,2025-02-28
user_2144,casual,2025-01-26
user_2145,casual,2025-02-20
user_2146,sporadic,2025-01-11
user_2147,casual,2025-01-28
user_2148,casual,2025-02-25
user_2149,casual,2025-01-02
user_2150,sporadic,2025-02-28
user_2151,casual,2025-01-08
user_2152,consistent,2025-01-29
user_2153,sporadic,2025-01-11
user_2154,sporadic,2025-02-06
user_2155,consistent,2025-01-18
user_2156,consistent,2025-02-24
user_2157,consistent,2025-02-19
user_2158,casual,2025-01-14
user_2159,casual,2025-02-23
user_2160,sporadic,2025-01-10
user_2161,sporadic,2025-02-04
user_2162,casual,2025-01-09
user_2163,casual,2025-02-04
user_2164,sporadic,2025-01-11
user_2165,casual,2025-02-13
user_2166,at_risk,2025-01-12
user_2167,casual,2025-01-03
user_2168,consistent,2025-02-22
user_2169,sporadic,2025-02-08
user_2170,casual,2025-01-14
user_2171,sporadic,2025-02-25
user_2172,consistent,2025-01-28
user_2173,consistent,2025-01-11
user_2174,at_risk,2025-02-08
user_2175,consistent,2025-01-25
user_2176,sporadic,2025-01-21
user_2177,consistent,2025-01-10
user_2178,casual,2025-02-12
user_2179,sporadic,2025-01-15
user_2180,casual,2025-01-19
user_2181,casual,2025-02-17
user_2182,consistent,2025-01-22
user_2183,consistent,2025-01-21
user_2184,casual,2025-03-01
user_2185,sporadic,2025-02-21
user_2186,at_risk,2025-02-13
user_2187,at_risk,2025-02-01
user_2188,sporadic,2025-02-19
user_2189,sporadic,2025-01-23
user_2190,sporadic,2025-01-13
user_2191,consistent,2025-01-05
user_2192,at_risk,2025-01-04
user_2193,sporadic,2025-01-28
user_2194,casual,2025-01-14
user_2195,consistent,2025-01-08
user_2196,casual,2025-01-09
user_2197,casual,2025-02-26
user_2198,at_risk,2025-02-20
user_2199,casual,2025-02-04
user_2200,casual,2025-02-06
user_2201,at_risk,2025-01-21
user_2202,consistent,2025-02-27
user_2203,casual,2025-01-18
user_2204,consistent,2025-02-02
user_2205,sporadic,2025-01-08
user_2206,at_risk,2025-02-20
user_2207,consistent,2025-02-18
user_2208,at_risk,2025-01-17
user_2209,consistent,2025-02-12
user_2210,at_risk,2025-01-31
user_2211,sporadic,2025-02-03
user_2212,sporadic,2025-01-06
user_2213,consistent,2025-01-22
user_2214,at_risk,2025-01-14
user_2215,sporadic,2025-01-03
user_2216,casual,2025-01-12
user_2217,sporadic,2025-02-05
user_2218,consistent,2025-01-12
user_2219,at_risk,2025-02-14
user_2220,consistent,2025-01-02
user_2221,sporadic,2025-01-02
user_2222,casual,2025-01-15
user_2223,consistent,2025-01-23
user_2224,consistent,2025-01-29
user_2225,consistent,2025-01-17
user_2226,casual,2025-02-01
user_2227,casual,2025-01-07
user_2228,casual,2025-01-30
user_2229,consistent,2025-01-28
user_2230,consistent,2025-01-14
user_2231,sporadic,2025-02-13
user_2232,consistent,2025-01-30
user_2233,at_risk,2025-01-17
user_2234,at_risk,2025-02-01
user_2235,sporadic,2025-02-15
user_2236,casual,2025-01-06
user_2237,at_risk,2025-02-20
user_2238,consistent,2025-01-24
user_2239,consistent,2025-01-06
user_2240,consistent,2025-01-27
user_2241,sporadic,2025-01-18
user_2242,consistent,2025-01-24
user_2243,casual,2025-02-06
user_2244,at_risk,2025-02-25
user_2245,at_risk,2025-01-24
user_2246,casual,2025-02-07
user_2247,consistent,2025-02-03
user_2248,sporadic,2025-02-09
user_2249,casual,2025-02-16
user_2250,consistent,2025-01-15
user_2251,consistent,2025-01-11
user_2252,at_risk,2025-01-22
user_2253,sporadic,2025-02-23
user_2254,sporadic,2025-01-24
user_2255,at_risk,2025-01-01
user_2256,casual,2025-01-18
user_2257,casual,2025-02-13
user_2258,casual,2025-01-12
user_2259,casual,2025-02-26
user_2260,casual,2025-02-12
user_2261,sporadic,2025-01-28
user_2262,casual,2025-02-09
user_2263,at_risk,2025-03-01
user_2264,casual,2025-01-07
user_2265,casual,2025-01-23
user_2266,casual,2025-01-21
user_2267,casual,2025-02-03
user_2268,sporadic,2025-01-11
user_2269,consistent,2025-01-22
user_2270,casual,2025-02-11
user_2271,consistent,2025-02-04
user_2272,casual,2025-02-21
user_2273,casual,2025-01-29
user_2274,sporadic,2025-02-11
user_2275,at_risk,2025-01-28
user_2276,casual,2025-02-28
user_2277,sporadic,2025-01-18
user_2278,casual,2025-01-14
user_2279,casual,2025-01-18
user_2280,consistent,2025-01-28
user_2281,consistent,2025-01-24
user_2282,casual,2025-01-08
user_2283,casual,2025-02-11
user_2284,consistent,2025-02-23
user_2285,consistent,2025-02-14
user_2286,consistent,2025-02-22
user_2287,at_risk,2025-01-08
user_2288,casual,2025-01-04
user_2289,casual,2025-01-27
user_2290,consistent,2025-02-05
user_2291,casual,2025-01-05
user_2292,consistent,2025-02-02
user_2293,consistent,2025-02-18
user_2294,casual,2025-02-03
user_2295,consistent,2025-01-30
user_2296,consistent,2025-01-08
user_2297,consistent,2025-02-08
user_2298,consistent,2025-02-16
user_2299,consistent,2025-01-26
user_2300,casual,2025-02-26
user_2301,sporadic,2025-02-06
user_2302,casual,2025-02-03
user_2303,casual,2025-01-07
user_2304,consistent,2025-02-09
user_2305,at_risk,2025-01-28
user_2306,casual,2025-02-08
user_2307,consistent,2025-02-08
user_2308,casual,2025-01-28
user_2309,consistent,2025-01-14
user_2310,casual,2025-02-22
user_2311,casual,2025-02-19
user_2312,at_risk,2025-02-07
user_2313,casual,2025-01-04
user_2314,sporadic,2025-02-11
user_2315,at_risk,2025-01-18
user_2316,consistent,2025-02-13
user_2317,consistent,2025-02-17
user_2318,casual,2025-01-25
user_2319,casual,2025-01-07
user_2320,casual,2025-02-07
user_2321,at_risk,2025-01-28
user_2322,sporadic,2025-01-05
user_2323,casual,2025-01-03
user_2324,casual,2025-02-13
user_2325,sporadic,2025-01-31
user_2326,at_risk,2025-02-16
user_2327,sporadic,2025-02-11
user_2328,consistent,2025-02-27
user_2329,casual,2025-01-20
user_2330,consistent,2025-01-19
user_2331,consistent,2025-02-17
user_2332,consistent,2025-03-01
user_2333,casual,2025-01-11
user_2334,sporadic,2025-02-09
user_2335,consistent,2025-01-03
user_2336,casual,2025-01-23
user_2337,casual,2025-01-07
user_2338,casual,2025-01-23
user_2339,consistent,2025-01-07
user_2340,casual,2025-02-15
user_2341,sporadic,2025-02-03
user_2342,consistent,2025-02-11
user_2343,consistent,2025-01-19
user_2344,casual,2025-02-27
user_2345,at_risk,2025-01-09
user_2346,sporadic,2025-02-17
user_2347,sporadic,2025-02-20
user_2348,casual,2025-01-18
user_2349,casual,2025-02-10
user_2350,consistent,2025-02-17
user_2351,casual,2025-02-14
user_2352,at_risk,2025-02-11
user_2353,casual,2025-01-25
user_2354,at_risk,2025-02-21
user_2355,sporadic,2025-01-14
user_2356,consistent,2025-02-13
user_2357,at_risk,2025-01-25
user_2358,consistent,2025-01-19
user_2359,casual,2025-02-08
user_2360,consistent,2025-02-24
user_2361,consistent,2025-01-15
user_2362,casual,2025-01-16
user_2363,consistent,2025-01-27
user_2364,casual,2025-02-09
user_2365,casual,2025-01-10
user_2366,consistent,2025-01-04
user_2367,consistent,2025-02-20
user_2368,casual,2025-01-19
user_2369,casual,2025-01-28
user_2370,sporadic,2025-01-21
user_2371,sporadic,2025-02-28
user_2372,sporadic,2025-02-16
user_2373,sporadic,2025-01-14
user_2374,casual,2025-02-02
user_2375,sporadic,2025-02-17
user_2376,consistent,2025-01-10
user_2377,casual,2025-01-19
user_2378,sporadic,2025-01-30
user_2379,casual,2025-01-22
user_2380,sporadic,2025-01-03
user_2381,sporadic,2025-02-06
user_2382,at_risk,2025-02-10
user_2383,at_risk,2025-01-18
user_2384,casual,2025-01-11
user_2385,casual,2025-02-17
user_2386,casual,2025-01-02
user_2387,casual,2025-01-12
user_2388,casual,2025-02-23
user_2389,sporadic,2025-01-06
user_2390,sporadic,2025-02-12
user_2391,casual,2025-02-28
user_2392,consistent,2025-02-09
user_2393,casual,2025-02-13
user_2394,consistent,2025-01-29
user_2395,at_risk,2025-02-28
user_2396,casual,2025-01-30
user_2397,consistent,2025-01-02
user_2398,consistent,2025-01-09
user_2399,casual,2025-02-16
user_2400,casual,2025-01-02
user_2401,casual,2025-01-29
user_2402,consistent,2025-02-02
user_2403,casual,2025-01-10
user_2404,casual,2025-02-03
user_2405,sporadic,2025-02-13
user_2406,casual,2025-02-24
user_2407,casual,2025-01-08
user_2408,consistent,2025-02-06
user_2409,at_risk,2025-02-23
user_2410,casual,2025-03-01
user_2411,sporadic,2025-02-02
user_2412,consistent,2025-02-16
user_2413,casual,2025-01-06
user_2414,consistent,2025-02-13
user_2415,casual,2025-02-09
user_2416,at_risk,2025-02-14
user_2417,casual,2025-01-19
user_2418,consistent,2025-02-01
user_2419,consistent,2025-01-27
user_2420,casual,2025-01-01
user_2421,consistent,2025-02-12
user_2422,consistent,2025-02-21
user_2423,sporadic,2025-02-02
user_2424,casual,2025-02-09
user_2425,consistent,2025-02-01
user_2426,at_risk,2025-01-05
user_2427,consistent,2025-01-17
user_2428,at_risk,2025-01-08
user_2429,casual,2025-02-26
user_2430,at_risk,2025-02-11
user_2431,casual,2025-02-03
user_2432,sporadic,2025-01-09
user_2433,at_risk,2025-02-25
user_2434,consistent,2025-01-23
user_2435,at_risk,2025-02-04
user_2436,casual,2025-02-19
user_2437,casual,2025-01-07
user_2438,casual,2025-01-15
user_2439,casual,2025-02-22
user_2440,consistent,2025-02-23
user_2441,casual,2025-01-20
user_2442,casual,2025-02-19
user_2443,sporadic,2025-01-25
user_2444,sporadic,2025-01-03
user_2445,casual,2025-03-01
user_2446,casual,2025-02-24
user_2447,consistent,2025-02-15
user_2448,consistent,2025-01-24
user_2449,consistent,2025-02-03
user_2450,casual,2025-02-15
user_2451,consistent,2025-01-22
user_2452,at_risk,2025-01-11
user_2453,casual,2025-02-17
user_2454,casual,2025-01-08
user_2455,casual,2025-02-08
user_2456,consistent,2025-02-12
user_2457,casual,2025-02-04
user_2458,casual,2025-02-18
user_2459,casual,2025-02-15
user_2460,casual,2025-02-07
user_2461,at_risk,2025-01-08
user_2462,at_risk,2025-02-23
user_2463,casual,2025-02-06
user_2464,casual,2025-01-27
user_2465,casual,2025-01-28
user_2466,consistent,2025-02-09
user_2467,casual,2025-02-03
user_2468,consistent,2025-02-01
user_2469,casual,2025-01-15
user_2470,casual,2025-02-13
user_2471,consistent,2025-01-17
user_2472,at_risk,2025-02-02
user_2473,at_risk,2025-02-16
user_2474,sporadic,2025-02-15
user_2475,casual,2025-02-21
user_2476,at_risk,2025-02-23
user_2477,consistent,2025-01-16
user_2478,sporadic,2025-01-29
user_2479,consistent,2025-01-09
user_2480,sporadic,2025-02-02
user_2481,consistent,2025-03-01
user_2482,at_risk,2025-02-18
user_2483,at_risk,2025-01-29
user_2484,consistent,2025-01-13
user_2485,casual,2025-01-21
user_2486,at_risk,2025-02-27
user_2487,casual,2025-01-21
user_2488,at_risk,2025-01-05
user_2489,casual,2025-01-10
user_2490,casual,2025-01-06
user_2491,consistent,2025-02-25
user_2492,consistent,2025-02-20
user_2493,sporadic,2025-02-26
user_2494,casual,2025-01-13
user_2495,casual,2025-01-01
user_2496,casual,2025-01-20
user_2497,casual,2025-02-26
user_2498,at_risk,2025-02-16
user_2499,at_risk,2025-02-15
user_2500,casual,2025-01-08
user_2501,sporadic,2025-01-10
user_2502,sporadic,2025-01-09
user_2503,casual,2025-02-18
user_2504,at_risk,2025-02-10
user_2505,consistent,2025-01-03
user_2506,consistent,2025-01-11
user_2507,at_risk,2025-01-12
user_2508,casual,2025-01-10
user_2509,sporadic,2025-01-25
user_2510,at_risk,2025-02-18
user_2511,consistent,2025-02-18
user_2512,at_risk,2025-01-25
user_2513,casual,2025-01-11
user_2514,casual,2025-02-23
user_2515,casual,2025-02-05
user_2516,at_risk,2025-02-08
user_2517,consistent,2025-02-22
user_2518,casual,2025-01-26
user_2519,sporadic,2025-01-14
user_2520,sporadic,2025-02-08
user_2521,sporadic,2025-02-25
user_2522,consistent,2025-02-09
user_2523,consistent,2025-01-01
user_2524,casual,2025-02-25
user_2525,sporadic,2025-02-23
user_2526,consistent,2025-01-04
user_2527,consistent,2025-01-30
user_2528,at_risk,2025-01-12
user_2529,consistent,2025-02-25
user_2530,at_risk,2025-02-04
user_2531,sporadic,2025-01-13
user_2532,sporadic,2025-02-21
user_2533,consistent,2025-01-31
user_2534,consistent,2025-02-07
user_2535,sporadic,2025-02-12
user_2536,sporadic,2025-01-23
user_2537,sporadic,2025-01-04
user_2538,consistent,2025-02-21
user_2539,sporadic,2025-01-16
user_2540,sporadic,2025-01-07
user_2541,sporadic,2025-01-22
user_2542,sporadic,2025-01-29
user_2543,sporadic,2025-01-11
user_2544,casual,2025-02-25
user_2545,consistent,2025-02-02
user_2546,casual,2025-02-27
user_2547,consistent,2025-01-29
user_2548,casual,2025-02-28
user_2549,casual,2025-02-08
user_2550,consistent,2025-01-12
user_2551,casual,2025-01-07
user_2552,consistent,2025-02-28
user_2553,sporadic,2025-02-24
user_2554,at_risk,2025-02-08
user_2555,consistent,2025-02-11
user_2556,at_risk,2025-02-17
user_2557,casual,2025-01-26
user_2558,consistent,2025-02-09
user_2559,consistent,2025-01-09
user_2560,casual,2025-02-10
user_2561,sporadic,2025-02-03
user_2562,sporadic,2025-02-14
user_2563,consistent,2025-01-13
user_2564,consistent,2025-02-24
user_2565,casual,2025-02-24
user_2566,consistent,2025-02-05
user_2567,consistent,2025-01-25
user_2568,consistent,2025-01-24
user_2569,sporadic,2025-02-13
user_2570,at_risk,2025-01-17
user_2571,casual,2025-01-02
user_2572,at_risk,2025-01-13
user_2573,casual,2025-01-31
user_2574,casual,2025-01-29
user_2575,consistent,2025-02-19
user_2576,casual,2025-01-28
user_2577,at_risk,2025-03-01
user_2578,casual,2025-01-27
user_2579,casual,2025-01-15
user_2580,casual,2025-01-31
user_2581,consistent,2025-02-09
user_2582,at_risk,2025-01-15
user_2583,casual,2025-02-02
user_2584,casual,2025-01-20
user_2585,casual,2025-02-11
user_2586,casual,2025-01-12
user_2587,consistent,2025-02-06
user_2588,sporadic,2025-01-09
user_2589,consistent,2025-01-23
user_2590,sporadic,2025-01-08
user_2591,sporadic,2025-02-01
user_2592,sporadic,2025-02-17
user_2593,casual,2025-01-14
user_2594,casual,2025-01-27
user_2595,consistent,2025-01-25
user_2596,sporadic,2025-01-13
user_2597,consistent,2025-02-24
user_2598,casual,2025-01-21
user_2599,consistent,2025-02-14
user_2600,consistent,2025-01-31
user_2601,casual,2025-02-06
user_2602,consistent,2025-02-17
user_2603,sporadic,2025-02-27
user_2604,casual,2025-02-12
user_2605,consistent,2025-02-23
user_2606,casual,2025-01-05
user_2607,consistent,2025-01-13
user_2608,consistent,2025-01-28
user_2609,sporadic,2025-02-12
user_2610,consistent,2025-01-25
user_2611,sporadic,2025-02-20
user_2612,consistent,2025-02-04
user_2613,consistent,2025-02-16
user_2614,sporadic,2025-02-08
user_2615,casual,2025-01-07
user_2616,consistent,2025-02-07
user_2617,casual,2025-02-01
user_2618,consistent,2025-01-03
user_2619,sporadic,2025-02-14
user_2620,casual,2025-02-08
user_2621,sporadic,2025-02-06
user_2622,at_risk,2025-02-24
user_2623,casual,2025-02-19
user_2624,at_risk,2025-01-22
user_2625,casual,2025-01-08
user_2626,at_risk,2025-01-17
user_2627,consistent,2025-02-21
user_2628,sporadic,2025-01-27
user_2629,casual,2025-02-02
user_2630,casual,2025-02-15
user_2631,casual,2025-01-17
user_2632,sporadic,2025-02-11
user_2633,consistent,2025-01-12
user_2634,consistent,2025-02-17
user_2635,sporadic,2025-02-15
user_2636,sporadic,2025-01-27
user_2637,at_risk,2025-02-17
user_2638,sporadic,2025-01-08
user_2639,at_risk,2025-01-23
user_2640,sporadic,2025-03-01
user_2641,consistent,2025-02-11
user_2642,consistent,2025-02-18
user_2643,sporadic,2025-02-28
user_2644,casual,2025-01-29
user_2645,consistent,2025-02-19
user_2646,casual,2025-01-20
user_2647,at_risk,2025-01-16
user_2648,casual,2025-01-17
user_2649,casual,2025-01-16
user_2650,casual,2025-01-19
user_2651,consistent,2025-02-25
user_2652,casual,2025-02-25
user_2653,casual,2025-01-08
user_2654,consistent,2025-02-07
user_2655,sporadic,2025-02-07
user_2656,casual,2025-02-22
user_2657,sporadic,2025-01-29
user_2658,at_risk,2025-02-10
user_2659,consistent,2025-02-05
user_2660,sporadic,2025-01-26
user_2661,casual,2025-01-31
user_2662,at_risk,2025-02-13
user_2663,consistent,2025-03-01
user_2664,sporadic,2025-01-12
user_2665,casual,2025-02-24
user_2666,consistent,2025-01-17
user_2667,consistent,2025-01-15
user_2668,sporadic,2025-01-09
user_2669,sporadic,2025-02-08
user_2670,casual,2025-02-11
user_2671,casual,2025-02-17
user_2672,casual,2025-01-12
user_2673,sporadic,2025-02-01
user_2674,consistent,2025-01-25
user_2675,at_risk,2025-02-08
user_2676,consistent,2025-01-18
user_2677,casual,2025-01-15
user_2678,consistent,2025-02-01
user_2679,consistent,2025-01-06
user_2680,casual,2025-02-27
user_2681,consistent,2025-02-13
user_2682,sporadic,2025-02-12
user_2683,consistent,2025-02-21
user_2684,casual,2025-02-04
user_2685,casual,2025-02-03
user_2686,consistent,2025-02-07
user_2687,consistent,2025-02-25
user_2688,casual,2025-02-23
user_2689,casual,2025-02-26
user_2690,casual,2025-01-05
user_2691,casual,2025-01-18
user_2692,casual,2025-01-16
user_2693,consistent,2025-01-08
user_2694,casual,2025-01-25
user_2695,at_risk,2025-02-01
user_2696,casual,2025-01-26
user_2697,sporadic,2025-02-21
user_2698,casual,2025-01-22
user_2699,sporadic,2025-01-31
user_2700,sporadic,2025-02-12
user_2701,casual,2025-01-10
user_2702,at_risk,2025-02-25
user_2703,consistent,2025-02-26
user_2704,consistent,2025-01-12
user_2705,sporadic,2025-02-22
user_2706,sporadic,2025-01-28
user_2707,consistent,2025-01-06
user_2708,consistent,2025-02-28
user_2709,consistent,2025-01-20
user_2710,consistent,2025-01-05
user_2711,sporadic,2025-01-23
user_2712,casual,2025-01-09
user_2713,casual,2025-02-27
user_2714,casual,2025-02-28
user_2715,consistent,2025-01-29
user_2716,consistent,2025-01-16
user_2717,casual,2025-02-23
user_2718,at_risk,2025-02-15
user_2719,sporadic,2025-01-22
user_2720,consistent,2025-01-08
user_2721,at_risk,2025-02-28
user_2722,sporadic,2025-01-20
user_2723,sporadic,2025-02-20
user_2724,casual,2025-01-14
user_2725,casual,2025-02-08
user_2726,casual,2025-02-06
user_2727,consistent,2025-02-19
user_2728,consistent,2025-02-03
user_2729,consistent,2025-01-11
user_2730,casual,2025-02-23
user_2731,sporadic,2025-02-09
user_2732,casual,2025-02-02
user_2733,consistent,2025-01-31
user_2734,at_risk,2025-02-28
user_2735,at_risk,2025-02-23
user_2736,sporadic,2025-02-13
user_2737,at_risk,2025-02-03
user_2738,casual,2025-02-19
user_2739,at_risk,2025-01-07
user_2740,consistent,2025-02-27
user_2741,casual,2025-02-18
user_2742,consistent,2025-02-23
user_2743,consistent,2025-01-23
user_2744,consistent,2025-02-15
user_2745,casual,2025-02-25
user_2746,sporadic,2025-01-07
user_2747,casual,2025-02-23
user_2748,consistent,2025-01-25
user_2749,sporadic,2025-01-03
user_2750,casual,2025-02-28
user_2751,casual,2025-02-07
user_2752,sporadic,2025-01-20
user_2753,consistent,2025-02-03
user_2754,casual,2025-02-18
user_2755,at_risk,2025-02-13
user_2756,consistent,2025-02-13
user_2757,casual,2025-01-30
user_2758,at_risk,2025-01-17
user_2759,sporadic,2025-02-28
user_2760,consistent,2025-01-10
user_2761,consistent,2025-02-04
user_2762,consistent,2025-01-20
user_2763,casual,2025-01-18
user_2764,casual,2025-02-14
user_2765,consistent,2025-02-13
user_2766,at_risk,2025-01-27
user_2767,casual,2025-02-28
user_2768,consistent,2025-02-28
user_2769,casual,2025-02-18
user_2770,sporadic,2025-02-05
user_2771,consistent,2025-01-23
user_2772,consistent,2025-02-01
user_2773,sporadic,2025-01-10
user_2774,casual,2025-01-11
user_2775,casual,2025-02-07
user_2776,casual,2025-01-06
user_2777,consistent,2025-02-28
user_2778,consistent,2025-02-10
user_2779,casual,2025-02-16
user_2780,consistent,2025-02-03
user_2781,consistent,2025-02-05
user_2782,sporadic,2025-02-06
user_2783,at_risk,2025-01-17
user_2784,sporadic,2025-02-09
user_2785,at_risk,2025-02-09
user_2786,consistent,2025-02-23
user_2787,at_risk,2025-01-12
user_2788,consistent,2025-01-21
user_2789,at_risk,2025-02-09
user_2790,at_risk,2025-01-19
user_2791,sporadic,2025-01-03
user_2792,at_risk,2025-01-18
user_2793,casual,2025-02-22
user_2794,consistent,2025-02-20
user_2795,casual,2025-01-19
user_2796,casual,2025-02-16
user_2797,consistent,2025-01-06
user_2798,casual,2025-01-16
user_2799,at_risk,2025-01-08
user_2800,consistent,2025-02-17
user_2801,sporadic,2025-01-18
user_2802,at_risk,2025-02-21
user_2803,at_risk,2025-02-17
user_2804,at_risk,2025-02-12
user_2805,casual,2025-02-08
user_2806,at_risk,2025-02-18
user_2807,sporadic,2025-02-18
user_2808,consistent,2025-01-12
user_2809,casual,2025-02-14
user_2810,sporadic,2025-01-10
user_2811,consistent,2025-01-07
user_2812,casual,2025-02-15
user_2813,sporadic,2025-02-24
user_2814,consistent,2025-01-01
user_2815,casual,2025-02-18
user_2816,sporadic,2025-02-05
user_2817,casual,2025-01-21
user_2818,consistent,2025-02-06
user_2819,consistent,2025-02-21
user_2820,casual,2025-01-24
user_2821,at_risk,2025-02-24
user_2822,consistent,2025-01-25
user_2823,casual,2025-01-07
user_2824,consistent,2025-02-11
user_2825,casual,2025-01-17
user_2826,sporadic,2025-01-29
user_2827,sporadic,2025-01-30
user_2828,consistent,2025-01-07
user_2829,casual,2025-02-02
user_2830,consistent,2025-01-07
user_2831,casual,2025-02-27
user_2832,sporadic,2025-01-24
user_2833,consistent,2025-01-11
user_2834,consistent,2025-01-09
user_2835,casual,2025-01-12
user_2836,at_risk,2025-02-04
user_2837,at_risk,2025-01-04
user_2838,consistent,2025-02-05
user_2839,sporadic,2025-01-28
user_2840,casual,2025-02-26
user_2841,casual,2025-01-13
user_2842,sporadic,2025-01-23
user_2843,at_risk,2025-01-19
user_2844,at_risk,2025-02-11
user_2845,casual,2025-02-06
user_2846,casual,2025-02-08
user_2847,sporadic,2025-01-24
user_2848,consistent,2025-01-16
user_2849,casual,2025-02-02
user_2850,casual,2025-01-12
user_2851,sporadic,2025-02-03
user_2852,consistent,2025-01-07
user_2853,consistent,2025-01-11
user_2854,at_risk,2025-01-31
user_2855,consistent,2025-01-29
user_2856,casual,2025-01-13
user_2857,consistent,2025-01-31
user_2858,consistent,2025-01-02
user_2859,consistent,2025-02-08
user_2860,consistent,2025-01-15
user_2861,at_risk,2025-02-26
user_2862,consistent,2025-01-11
user_2863,at_risk,2025-02-03
user_2864,casual,2025-02-08
user_2865,casual,2025-01-04
user_2866,casual,2025-01-11
user_2867,casual,2025-01-29
user_2868,sporadic,2025-01-02
user_2869,consistent,2025-01-16
user_2870,casual,2025-02-08
user_2871,at_risk,2025-01-13
user_2872,at_risk,2025-02-06
user_2873,at_risk,2025-01-17
user_2874,casual,2025-01-21
user_2875,sporadic,2025-02-13
user_2876,casual,2025-03-01
user_2877,casual,2025-01-19
user_2878,consistent,2025-01-07
user_2879,casual,2025-02-07
user_2880,consistent,2025-01-08
user_2881,casual,2025-01-13
user_2882,at_risk,2025-02-06
user_2883,consistent,2025-01-02
user_2884,consistent,2025-02-10
user_2885,consistent,2025-01-11
user_2886,at_risk,2025-01-24
user_2887,casual,2025-01-06
user_2888,casual,2025-01-26
user_2889,sporadic,2025-01-07
user_2890,sporadic,2025-02-26
user_2891,casual,2025-02-08
user_2892,sporadic,2025-01-19
user_2893,sporadic,2025-01-06
user_2894,sporadic,2025-02-12
user_2895,consistent,2025-01-29
user_2896,at_risk,2025-02-12
user_2897,casual,2025-02-08
user_2898,consistent,2025-01-02
user_2899,casual,2025-01-19
user_2900,consistent,2025-01-04
user_2901,consistent,2025-02-27
user_2902,sporadic,2025-01-06
user_2903,consistent,2025-02-18
user_2904,casual,2025-02-26
user_2905,casual,2025-02-06
user_2906,consistent,2025-01-28
user_2907,at_risk,2025-01-30
user_2908,consistent,2025-01-07
user_2909,casual,2025-01-09
user_2910,casual,2025-01-25
user_2911,consistent,2025-02-02
user_2912,consistent,2025-01-01
user_2913,sporadic,2025-02-20
user_2914,at_risk,2025-01-06
user_2915,consistent,2025-01-18
user_2916,sporadic,2025-01-10
user_2917,sporadic,2025-01-28
user_2918,sporadic,2025-01-11
user_2919,casual,2025-02-02
user_2920,casual,2025-01-01
user_2921,casual,2025-01-13
user_2922,sporadic,2025-02-06
user_2923,sporadic,2025-01-20
user_2924,consistent,2025-01-01
user_2925,casual,2025-02-21
user_2926,at_risk,2025-01-03
user_2927,sporadic,2025-01-18
user_2928,at_risk,2025-02-10
user_2929,sporadic,2025-01-14
user_2930,casual,2025-01-31
user_2931,casual,2025-01-27
user_2932,sporadic,2025-01-17
user_2933,consistent,2025-02-24
user_2934,casual,2025-02-15
user_2935,sporadic,2025-01-29
user_2936,consistent,2025-02-05
user_2937,sporadic,2025-02-06
user_2938,casual,2025-01-26
user_2939,at_risk,2025-02-22
user_2940,consistent,2025-01-17
user_2941,consistent,2025-01-22
user_2942,casual,2025-01-25
user_2943,consistent,2025-01-02
user_2944,sporadic,2025-02-24
user_2945,sporadic,2025-01-22
user_2946,consistent,2025-01-05
user_2947,casual,2025-01-04
user_2948,casual,2025-02-05
user_2949,casual,2025-01-06
user_2950,at_risk,2025-02-21
user_2951,sporadic,2025-01-21
user_2952,sporadic,2025-01-13
user_2953,sporadic,2025-02-23
user_2954,casual,2025-02-06
user_2955,at_risk,2025-02-24
user_2956,sporadic,2025-01-25
user_2957,sporadic,2025-01-26
user_2958,at_risk,2025-02-24
user_2959,consistent,2025-02-08
user_2960,sporadic,2025-01-20
user_2961,consistent,2025-02-02
user_2962,casual,2025-01-14
user_2963,casual,2025-02-25
user_2964,at_risk,2025-02-05
user_2965,at_risk,2025-01-17
user_2966,sporadic,2025-01-21
user_2967,sporadic,2025-02-15
user_2968,casual,2025-01-16
user_2969,at_risk,2025-02-15
user_2970,casual,2025-01-16
user_2971,casual,2025-02-25
user_2972,consistent,2025-01-20
user_2973,sporadic,2025-01-29
user_2974,sporadic,2025-01-28
user_2975,casual,2025-01-08
user_2976,consistent,2025-01-24
user_2977,sporadic,2025-01-03
user_2978,consistent,2025-01-25
user_2979,sporadic,2025-01-19
user_2980,at_risk,2025-02-02
user_2981,casual,2025-01-02
user_2982,consistent,2025-01-15
user_2983,sporadic,2025-01-22
user_2984,sporadic,2025-03-01
user_2985,casual,2025-01-10
user_2986,at_risk,2025-01-18
user_2987,consistent,2025-01-22
user_2988,casual,2025-02-15
user_2989,sporadic,2025-02-18
user_2990,at_risk,2025-01-27
user_2991,consistent,2025-01-13
user_2992,sporadic,2025-02-02
user_2993,casual,2025-01-05
user_2994,casual,2025-01-26
user_2995,consistent,2025-01-13
user_2996,at_risk,2025-01-27
user_2997,consistent,2025-02-26
user_2998,casual,2025-01-14
user_2999,consistent,2025-01-24
user_3000,at_risk,2025-01-03
user_3001,sporadic,2025-02-16
user_3002,sporadic,2025-02-20
user_3003,consistent,2025-02-18
user_3004,casual,2025-01-30
user_3005,casual,2025-02-04
user_3006,sporadic,2025-02-17
user_3007,at_risk,2025-01-14
user_3008,consistent,2025-01-12
user_3009,sporadic,2025-01-28
user_3010,consistent,2025-02-13
user_3011,casual,2025-01-29
user_3012,consistent,2025-02-12
user_3013,casual,2025-01-17
user_3014,casual,2025-02-09
user_3015,casual,2025-02-18
user_3016,casual,2025-01-21
user_3017,sporadic,2025-02-26
user_3018,casual,2025-01-23
user_3019,consistent,2025-01-20
user_3020,sporadic,2025-01-11
user_3021,consistent,2025-02-26
user_3022,casual,2025-02-26
user_3023,sporadic,2025-02-03
user_3024,casual,2025-01-10
user_3025,consistent,2025-01-10
user_3026,casual,2025-02-12
user_3027,at_risk,2025-03-01
user_3028,casual,2025-01-06
user_3029,sporadic,2025-02-05
user_3030,casual,2025-01-24
user_3031,consistent,2025-01-12
user_3032,casual,2025-02-12
user_3033,sporadic,2025-02-24
user_3034,consistent,2025-01-23
user_3035,consistent,2025-01-27
user_3036,consistent,2025-02-27
user_3037,casual,2025-02-26
user_3038,at_risk,2025-02-14
user_3039,consistent,2025-02-06
user_3040,casual,2025-01-06
user_3041,consistent,2025-01-01
user_3042,at_risk,2025-01-06
user_3043,consistent,2025-02-19
user_3044,casual,2025-01-22
user_3045,sporadic,2025-02-10
user_3046,sporadic,2025-01-24
user_3047,casual,2025-01-25
user_3048,casual,2025-01-15
user_3049,casual,2025-01-26
user_3050,consistent,2025-01-08
user_3051,consistent,2025-02-20
user_3052,casual,2025-01-24
user_3053,consistent,2025-02-17
user_3054,consistent,2025-02-07
user_3055,sporadic,2025-01-06
user_3056,at_risk,2025-02-23
user_3057,casual,2025-02-04
user_3058,consistent,2025-02-11
user_3059,consistent,2025-01-01
user_3060,at_risk,2025-03-01
user_3061,consistent,2025-02-15
user_3062,consistent,2025-02-05
user_3063,casual,2025-02-27
user_3064,casual,2025-01-12
user_3065,casual,2025-02-07
user_3066,consistent,2025-01-11
user_3067,consistent,2025-01-12
user_3068,at_risk,2025-02-11
user_3069,consistent,2025-02-19
user_3070,sporadic,2025-02-08
user_3071,sporadic,2025-01-07
user_3072,casual,2025-01-11
user_3073,casual,2025-02-05
user_3074,consistent,2025-02-21
user_3075,casual,2025-01-31
user_3076,at_risk,2025-02-02
user_3077,at_risk,2025-01-13
user_3078,consistent,2025-01-18
user_3079,consistent,2025-02-10
user_3080,at_risk,2025-02-27
user_3081,sporadic,2025-02-25
user_3082,at_risk,2025-01-24
user_3083,consistent,2025-01-09
user_3084,casual,2025-01-31
user_3085,sporadic,2025-02-24
user_3086,sporadic,2025-02-10
user_3087,casual,2025-01-10
user_3088,consistent,2025-03-01
user_3089,casual,2025-01-02
user_3090,consistent,2025-02-07
user_3091,casual,2025-01-15
user_3092,at_risk,2025-01-03
user_3093,casual,2025-02-12
user_3094,sporadic,2025-01-31
user_3095,consistent,2025-01-06
user_3096,sporadic,2025-01-03
user_3097,at_risk,2025-02-25
user_3098,consistent,2025-01-11
user_3099,consistent,2025-01-15
user_3100,casual,2025-02-14
user_3101,consistent,2025-02-21
user_3102,sporadic,2025-01-28
user_3103,at_risk,2025-01-10
user_3104,casual,2025-02-07
user_3105,consistent,2025-02-16
user_3106,casual,2025-02-26
user_3107,sporadic,2025-02-19
user_3108,consistent,2025-02-19
user_3109,casual,2025-01-07
user_3110,casual,2025-01-15
user_3111,casual,2025-01-18
user_3112,consistent,2025-01-18
user_3113,sporadic,2025-02-21
user_3114,consistent,2025-02-10
user_3115,consistent,2025-01-24
user_3116,at_risk,2025-01-02
user_3117,sporadic,2025-02-09
user_3118,consistent,2025-01-20
user_3119,consistent,2025-02-03
user_3120,consistent,2025-02-12
user_3121,consistent,2025-01-26
user_3122,consistent,2025-01-07
user_3123,consistent,2025-02-07
user_3124,casual,2025-01-30
user_3125,sporadic,2025-02-11
user_3126,casual,2025-01-05
user_3127,sporadic,2025-01-11
user_3128,consistent,2025-01-01
user_3129,at_risk,2025-02-03
user_3130,sporadic,2025-02-25
user_3131,sporadic,2025-01-01
user_3132,sporadic,2025-01-19
user_3133,at_risk,2025-01-02
user_3134,casual,2025-01-21
user_3135,consistent,2025-01-20
user_3136,casual,2025-01-23
user_3137,sporadic,2025-01-21
user_3138,sporadic,2025-01-24
user_3139,casual,2025-01-04
user_3140,consistent,2025-01-12
user_3141,casual,2025-01-22
user_3142,at_risk,2025-01-20
user_3143,casual,2025-01-18
user_3144,casual,2025-01-01
user_3145,consistent,2025-01-30
user_3146,casual,2025-02-02
user_3147,at_risk,2025-01-24
user_3148,sporadic,2025-01-14
user_3149,sporadic,2025-02-05
user_3150,casual,2025-01-05
user_3151,casual,2025-01-11
user_3152,consistent,2025-01-24
user_3153,sporadic,2025-03-01
user_3154,casual,2025-01-31
user_3155,casual,2025-02-24
user_3156,casual,2025-01-13
user_3157,at_risk,2025-01-16
user_3158,consistent,2025-01-24
user_3159,sporadic,2025-01-13
user_3160,consistent,2025-01-24
user_3161,casual,2025-02-23
user_3162,consistent,2025-01-26
user_3163,casual,2025-01-02
user_3164,casual,2025-01-16
user_3165,consistent,2025-02-07
user_3166,casual,2025-02-15
user_3167,at_risk,2025-01-01
user_3168,consistent,2025-02-18
user_3169,sporadic,2025-01-11
user_3170,casual,2025-02-20
user_3171,sporadic,2025-02-04
user_3172,consistent,2025-02-12
user_3173,consistent,2025-01-29
user_3174,consistent,2025-02-06
user_3175,consistent,2025-01-17
user_3176,consistent,2025-02-27
user_3177,sporadic,2025-02-23
user_3178,at_risk,2025-02-08
user_3179,sporadic,2025-02-11
user_3180,sporadic,2025-01-28
user_3181,consistent,2025-01-29
user_3182,consistent,2025-02-12
user_3183,casual,2025-01-03
user_3184,consistent,2025-02-21
user_3185,casual,2025-01-10
user_3186,casual,2025-02-28
user_3187,casual,2025-02-11
user_3188,casual,2025-01-14
user_3189,sporadic,2025-01-12
user_3190,sporadic,2025-02-16
user_3191,casual,2025-02-11
user_3192,at_risk,2025-01-30
user_3193,at_risk,2025-02-01
user_3194,casual,2025-02-01
user_3195,casual,2025-02-11
user_3196,casual,2025-02-01
user_3197,at_risk,2025-01-26
user_3198,at_risk,2025-02-20
user_3199,consistent,2025-01-01
user_3200,casual,2025-02-25
user_3201,casual,2025-02-27
user_3202,casual,2025-02-11
user_3203,consistent,2025-01-02
user_3204,at_risk,2025-01-17
user_3205,sporadic,2025-01-30
user_3206,sporadic,2025-02-25
user_3207,at_risk,2025-02-08
user_3208,sporadic,2025-01-07
user_3209,casual,2025-02-21
user_3210,casual,2025-01-27
user_3211,consistent,2025-01-09
user_3212,sporadic,2025-01-22
user_3213,consistent,2025-02-03
user_3214,sporadic,2025-02-15
user_3215,consistent,2025-02-18
user_3216,consistent,2025-01-01
user_3217,consistent,2025-01-09
user_3218,consistent,2025-01-20
user_3219,sporadic,2025-02-22
user_3220,sporadic,2025-01-19
user_3221,casual,2025-02-05
user_3222,consistent,2025-03-01
user_3223,consistent,2025-02-09
user_3224,consistent,2025-02-14
user_3225,consistent,2025-01-04
user_3226,at_risk,2025-01-09
user_3227,consistent,2025-02-10
user_3228,casual,2025-01-22
user_3229,consistent,2025-01-18
user_3230,consistent,2025-01-12
user_3231,casual,2025-02-11
user_3232,casual,2025-02-12
user_3233,consistent,2025-02-08
user_3234,consistent,2025-01-09
user_3235,casual,2025-01-06
user_3236,consistent,2025-01-19
user_3237,consistent,2025-02-17
user_3238,at_risk,2025-02-16
user_3239,casual,2025-01-07
user_3240,casual,2025-01-16
user_3241,casual,2025-01-05
user_3242,casual,2025-01-16
user_3243,casual,2025-01-01
user_3244,sporadic,2025-02-20
user_3245,sporadic,2025-02-06
user_3246,consistent,2025-02-08
user_3247,casual,2025-01-19
user_3248,casual,2025-02-23
user_3249,at_risk,2025-02-06
user_3250,casual,2025-01-17
user_3251,casual,2025-01-26
user_3252,consistent,2025-01-22
user_3253,casual,2025-01-08
user_3254,consistent,2025-02-02
user_3255,casual,2025-01-02
user_3256,consistent,2025-01-30
user_3257,sporadic,2025-02-16
user_3258,consistent,2025-01-20
user_3259,casual,2025-03-01
user_3260,at_risk,2025-01-18
user_3261,consistent,2025-02-12
user_3262,casual,2025-02-26
user_3263,casual,2025-01-10
user_3264,consistent,2025-01-24
user_3265,sporadic,2025-02-25
user_3266,consistent,2025-01-04
user_3267,casual,2025-02-06
user_3268,casual,2025-01-04
user_3269,casual,2025-01-13
user_3270,sporadic,2025-01-25
user_3271,consistent,2025-01-13
user_3272,consistent,2025-01-18
user_3273,sporadic,2025-02-28
user_3274,casual,2025-01-24
user_3275,sporadic,2025-01-02
user_3276,sporadic,2025-02-17
user_3277,sporadic,2025-02-02
user_3278,casual,2025-02-27
user_3279,casual,2025-01-19
user_3280,sporadic,2025-01-09
user_3281,casual,2025-01-28
user_3282,consistent,2025-02-04
user_3283,at_risk,2025-02-26
user_3284,at_risk,2025-02-08
user_3285,casual,2025-01-10
user_3286,consistent,2025-01-01
user_3287,casual,2025-02-11
user_3288,sporadic,2025-01-21
user_3289,at_risk,2025-01-09
user_3290,consistent,2025-03-01
user_3291,consistent,2025-02-16
user_3292,at_risk,2025-01-15
user_3293,casual,2025-02-04
user_3294,casual,2025-02-26
user_3295,at_risk,2025-01-05
user_3296,consistent,2025-02-10
user_3297,casual,2025-02-27
user_3298,consistent,2025-01-22
user_3299,casual,2025-02-10
user_3300,sporadic,2025-01-23
user_3301,casual,2025-01-07
user_3302,at_risk,2025-02-25
user_3303,casual,2025-01-23
user_3304,casual,2025-02-13
user_3305,consistent,2025-01-25
user_3306,casual,2025-01-27
user_3307,casual,2025-02-10
user_3308,consistent,2025-01-06
user_3309,casual,2025-02-24
user_3310,casual,2025-02-03
user_3311,sporadic,2025-01-09
user_3312,sporadic,2025-03-01
user_3313,sporadic,2025-02-18
user_3314,consistent,2025-02-02
user_3315,consistent,2025-02-20
user_3316,sporadic,2025-03-01
user_3317,casual,2025-01-06
user_3318,consistent,2025-02-06
user_3319,sporadic,2025-01-31
user_3320,sporadic,2025-02-03
user_3321,casual,2025-02-10
user_3322,consistent,2025-01-29
user_3323,sporadic,2025-02-27
user_3324,casual,2025-01-14
user_3325,sporadic,2025-02-05
user_3326,sporadic,2025-02-05
user_3327,sporadic,2025-02-22
user_3328,casual,2025-01-15
user_3329,consistent,2025-01-08
user_3330,sporadic,2025-01-26
user_3331,casual,2025-02-05
user_3332,sporadic,2025-02-17
user_3333,consistent,2025-01-21
user_3334,consistent,2025-01-28
user_3335,at_risk,2025-01-04
user_3336,sporadic,2025-01-16
user_3337,at_risk,2025-01-22
user_3338,sporadic,2025-01-12
user_3339,casual,2025-01-16
user_3340,sporadic,2025-02-20
user_3341,at_risk,2025-02-09
user_3342,casual,2025-02-07
user_3343,casual,2025-02-11
user_3344,consistent,2025-02-06
user_3345,casual,2025-01-29
user_3346,sporadic,2025-01-18
user_3347,consistent,2025-01-10
user_3348,consistent,2025-02-11
user_3349,casual,2025-02-08
user_3350,consistent,2025-01-18
user_3351,consistent,2025-01-01
user_3352,casual,2025-02-08
user_3353,at_risk,2025-01-21
user_3354,casual,2025-01-01
user_3355,consistent,2025-01-15
user_3356,consistent,2025-01-04
user_3357,sporadic,2025-03-01
user_3358,casual,2025-01-20
user_3359,sporadic,2025-01-10
user_3360,sporadic,2025-01-23
user_3361,sporadic,2025-02-10
user_3362,consistent,2025-02-03
user_3363,sporadic,2025-03-01
user_3364,consistent,2025-02-15
user_3365,at_risk,2025-02-17
user_3366,casual,2025-02-02
user_3367,casual,2025-02-03
user_3368,consistent,2025-02-08
user_3369,consistent,2025-01-10
user_3370,sporadic,2025-02-23
user_3371,consistent,2025-01-20
user_3372,casual,2025-01-01
user_3373,consistent,2025-01-13
user_3374,sporadic,2025-01-01
user_3375,sporadic,2025-01-05
user_3376,sporadic,2025-01-16
user_3377,sporadic,2025-01-15
user_3378,consistent,2025-02-18
user_3379,consistent,2025-01-28
user_3380,sporadic,2025-01-31
user_3381,casual,2025-01-23
user_3382,casual,2025-02-17
user_3383,consistent,2025-02-14
user_3384,consistent,2025-02-12
user_3385,consistent,2025-01-17
user_3386,at_risk,2025-02-18
user_3387,consistent,2025-02-03
user_3388,casual,2025-01-13
user_3389,consistent,2025-01-14
user_3390,sporadic,2025-01-11
user_3391,casual,2025-01-28
user_3392,at_risk,2025-02-11
user_3393,at_risk,2025-02-01
user_3394,casual,2025-02-04
user_3395,at_risk,2025-02-28
user_3396,at_risk,2025-01-31
user_3397,sporadic,2025-01-17
user_3398,sporadic,2025-02-16
user_3399,consistent,2025-01-09
user_3400,casual,2025-01-10
user_3401,consistent,2025-01-08
user_3402,consistent,2025-01-21
user_3403,at_risk,2025-01-13
user_3404,casual,2025-02-28
user_3405,sporadic,2025-02-19
user_3406,sporadic,2025-01-05
user_3407,at_risk,2025-01-06
user_3408,at_risk,2025-01-30
user_3409,consistent,2025-01-31
user_3410,consistent,2025-01-17
user_3411,casual,2025-01-11
user_3412,consistent,2025-01-20
user_3413,consistent,2025-02-17
user_3414,casual,2025-01-09
user_3415,sporadic,2025-01-02
user_3416,casual,2025-02-06
user_3417,casual,2025-01-01
user_3418,sporadic,2025-01-04
user_3419,consistent,2025-02-05
user_3420,consistent,2025-02-23
user_3421,sporadic,2025-02-27
user_3422,casual,2025-01-25
user_3423,sporadic,2025-01-03
user_3424,consistent,2025-01-09
user_3425,sporadic,2025-01-22
user_3426,casual,2025-01-23
user_3427,casual,2025-01-12
user_3428,casual,2025-01-10
user_3429,at_risk,2025-02-03
user_3430,casual,2025-02-12
user_3431,casual,2025-01-10
user_3432,at_risk,2025-01-30
user_3433,sporadic,2025-01-22
user_3434,casual,2025-01-06
user_3435,sporadic,2025-02-19
user_3436,casual,2025-01-02
user_3437,consistent,2025-01-30
user_3438,casual,2025-01-02
user_3439,at_risk,2025-02-01
user_3440,at_risk,2025-02-11
user_3441,casual,2025-01-16
user_3442,casual,2025-01-12
user_3443,consistent,2025-01-01
user_3444,at_risk,2025-02-22
user_3445,at_risk,2025-01-08
user_3446,casual,2025-02-17
user_3447,sporadic,2025-02-19
user_3448,sporadic,2025-01-13
user_3449,casual,2025-01-15
user_3450,consistent,2025-02-22
user_3451,casual,2025-02-13
user_3452,sporadic,2025-01-08
user_3453,sporadic,2025-01-10
user_3454,casual,2025-02-15
user_3455,at_risk,2025-01-05
user_3456,consistent,2025-02-19
user_3457,casual,2025-01-19
user_3458,sporadic,2025-02-16
user_3459,sporadic,2025-02-07
user_3460,casual,2025-02-28
user_3461,consistent,2025-01-11
user_3462,consistent,2025-02-22
user_3463,casual,2025-02-12
user_3464,casual,2025-01-20
user_3465,consistent,2025-01-20
user_3466,sporadic,2025-01-21
user_3467,casual,2025-01-18
user_3468,sporadic,2025-02-26
user_3469,sporadic,2025-02-19
user_3470,consistent,2025-01-10
user_3471,consistent,2025-02-03
user_3472,sporadic,2025-01-26
user_3473,casual,2025-01-30
user_3474,sporadic,2025-01-09
user_3475,sporadic,2025-02-15
user_3476,sporadic,2025-02-20
user_3477,at_risk,2025-01-31
user_3478,casual,2025-02-11
user_3479,casual,2025-02-24
user_3480,casual,2025-01-04
user_3481,consistent,2025-01-06
user_3482,casual,2025-01-14
user_3483,consistent,2025-01-04
user_3484,at_risk,2025-01-26
user_3485,casual,2025-02-16
user_3486,casual,2025-02-17
user_3487,casual,2025-02-08
user_3488,consistent,2025-01-17
user_3489,consistent,2025-01-19
user_3490,casual,2025-02-20
user_3491,consistent,2025-02-18
user_3492,casual,2025-01-06
user_3493,at_risk,2025-01-29
user_3494,at_risk,2025-01-11
user_3495,sporadic,2025-01-16
user_3496,consistent,2025-01-30
user_3497,at_risk,2025-01-25
user_3498,at_risk,2025-02-09
user_3499,consistent,2025-01-11
user_3500,sporadic,2025-01-07
user_3501,consistent,2025-01-26
user_3502,sporadic,2025-02-25
user_3503,at_risk,2025-01-22
user_3504,consistent,2025-01-25
user_3505,at_risk,2025-01-19
user_3506,casual,2025-01-31
user_3507,at_risk,2025-01-26
user_3508,casual,2025-02-11
user_3509,sporadic,2025-02-10
user_3510,consistent,2025-02-05
user_3511,casual,2025-01-23
user_3512,consistent,2025-02-16
user_3513,at_risk,2025-01-13
user_3514,sporadic,2025-01-25
user_3515,at_risk,2025-01-02
user_3516,at_risk,2025-01-02
user_3517,consistent,2025-01-16
user_3518,casual,2025-01-09
user_3519,consistent,2025-01-28
user_3520,consistent,2025-01-13
user_3521,consistent,2025-02-04
user_3522,casual,2025-02-10
user_3523,consistent,2025-01-13
user_3524,consistent,2025-01-31
user_3525,consistent,2025-01-21
user_3526,consistent,2025-02-01
user_3527,at_risk,2025-02-23
user_3528,sporadic,2025-02-03
user_3529,at_risk,2025-01-08
user_3530,casual,2025-02-28
user_3531,consistent,2025-02-10
user_3532,sporadic,2025-02-17
user_3533,casual,2025-01-02
user_3534,consistent,2025-02-07
user_3535,consistent,2025-02-01
user_3536,consistent,2025-02-23
user_3537,consistent,2025-02-09
user_3538,casual,2025-02-27
user_3539,sporadic,2025-01-28
user_3540,consistent,2025-02-06
user_3541,consistent,2025-02-10
user_3542,sporadic,2025-01-01
user_3543,consistent,2025-02-10
user_3544,casual,2025-01-10
user_3545,at_risk,2025-02-24
user_3546,consistent,2025-01-04
user_3547,consistent,2025-02-04
user_3548,casual,2025-01-10
user_3549,casual,2025-02-16
user_3550,casual,2025-01-11
user_3551,sporadic,2025-01-14
user_3552,consistent,2025-02-07
user_3553,casual,2025-01-12
user_3554,casual,2025-02-14
user_3555,consistent,2025-01-17
user_3556,casual,2025-01-16
user_3557,consistent,2025-02-04
user_3558,casual,2025-01-02
user_3559,consistent,2025-01-11
user_3560,casual,2025-02-10
user_3561,casual,2025-01-03
user_3562,sporadic,2025-01-29
user_3563,consistent,2025-01-18
user_3564,casual,2025-01-20
user_3565,casual,2025-02-16
user_3566,sporadic,2025-01-14
user_3567,casual,2025-02-03
user_3568,sporadic,2025-02-18
user_3569,sporadic,2025-02-23
user_3570,at_risk,2025-01-31
user_3571,casual,2025-02-27
user_3572,casual,2025-02-09
user_3573,sporadic,2025-02-11
user_3574,at_risk,2025-02-27
user_3575,at_risk,2025-01-18
user_3576,casual,2025-01-30
user_3577,consistent,2025-01-25
user_3578,casual,2025-01-19
user_3579,sporadic,2025-01-08
user_3580,casual,2025-01-28
user_3581,casual,2025-01-08
user_3582,sporadic,2025-01-31
user_3583,casual,2025-01-03
user_3584,at_risk,2025-01-03
user_3585,casual,2025-02-13
user_3586,casual,2025-01-22
user_3587,casual,2025-01-17
user_3588,sporadic,2025-02-05
user_3589,consistent,2025-01-17
user_3590,consistent,2025-01-14
user_3591,at_risk,2025-02-20
user_3592,consistent,2025-01-09
user_3593,casual,2025-01-30
user_3594,casual,2025-01-21
user_3595,casual,2025-01-12
user_3596,casual,2025-02-06
user_3597,consistent,2025-02-01
user_3598,casual,2025-01-11
user_3599,casual,2025-01-20
user_3600,sporadic,2025-02-04
user_3601,consistent,2025-02-22
user_3602,casual,2025-02-16
user_3603,consistent,2025-02-15
user_3604,consistent,2025-01-11
user_3605,consistent,2025-02-21
user_3606,consistent,2025-01-08
user_3607,sporadic,2025-01-04
user_3608,consistent,2025-01-27
user_3609,at_risk,2025-02-13
user_3610,at_risk,2025-02-09
user_3611,casual,2025-02-07
user_3612,consistent,2025-02-16
user_3613,casual,2025-01-30
user_3614,sporadic,2025-02-13
user_3615,casual,2025-02-17
user_3616,consistent,2025-02-17
user_3617,casual,2025-01-27
user_3618,sporadic,2025-01-21
user_3619,sporadic,2025-02-21
user_3620,consistent,2025-01-20
user_3621,sporadic,2025-03-01
user_3622,consistent,2025-01-04
user_3623,consistent,2025-01-11
user_3624,at_risk,2025-01-13
user_3625,consistent,2025-01-09
user_3626,consistent,2025-01-04
user_3627,consistent,2025-01-12
user_3628,at_risk,2025-01-09
user_3629,sporadic,2025-01-13
user_3630,casual,2025-02-17
user_3631,sporadic,2025-01-26
user_3632,consistent,2025-02-07
user_3633,casual,2025-02-11
user_3634,casual,2025-01-13
user_3635,consistent,2025-02-08
user_3636,casual,2025-01-28
user_3637,at_risk,2025-02-27
user_3638,consistent,2025-01-19
user_3639,consistent,2025-01-24
user_3640,consistent,2025-01-19
user_3641,consistent,2025-02-18
user_3642,at_risk,2025-01-13
user_3643,casual,2025-01-13
user_3644,casual,2025-02-27
user_3645,sporadic,2025-01-28
user_3646,consistent,2025-02-22
user_3647,casual,2025-01-02
user_3648,casual,2025-01-10
user_3649,casual,2025-01-22
user_3650,at_risk,2025-01-13
user_3651,sporadic,2025-02-27
user_3652,casual,2025-01-09
user_3653,sporadic,2025-02-02
user_3654,consistent,2025-01-14
user_3655,consistent,2025-02-17
user_3656,consistent,2025-01-20
user_3657,casual,2025-01-15
user_3658,casual,2025-02-01
user_3659,casual,2025-02-02
user_3660,at_risk,2025-01-17
user_3661,casual,2025-01-24
user_3662,casual,2025-01-30
user_3663,consistent,2025-01-13
user_3664,consistent,2025-02-28
user_3665,casual,2025-02-16
user_3666,casual,2025-02-17
user_3667,sporadic,2025-01-16
user_3668,consistent,2025-01-02
user_3669,consistent,2025-01-17
user_3670,casual,2025-02-01
user_3671,consistent,2025-02-12
user_3672,consistent,2025-01-08
user_3673,sporadic,2025-02-21
user_3674,consistent,2025-01-03
user_3675,casual,2025-01-12
user_3676,consistent,2025-01-20
user_3677,consistent,2025-01-16
user_3678,casual,2025-01-14
user_3679,sporadic,2025-01-16
user_3680,casual,2025-02-28
user_3681,sporadic,2025-02-22
user_3682,consistent,2025-02-18
user_3683,sporadic,2025-02-12
user_3684,consistent,2025-02-18
user_3685,sporadic,2025-02-20
user_3686,casual,2025-02-23
user_3687,at_risk,2025-02-02
user_3688,casual,2025-01-30
user_3689,consistent,2025-02-28
user_3690,consistent,2025-01-12
user_3691,sporadic,2025-01-15
user_3692,casual,2025-01-18
user_3693,sporadic,2025-01-28
user_3694,consistent,2025-01-23
user_3695,casual,2025-01-14
user_3696,consistent,2025-01-30
user_3697,at_risk,2025-02-02
user_3698,sporadic,2025-02-14
user_3699,at_risk,2025-01-15
user_3700,consistent,2025-01-07
user_3701,casual,2025-01-15
user_3702,sporadic,2025-02-21
user_3703,casual,2025-02-11
user_3704,sporadic,2025-02-15
user_3705,at_risk,2025-02-07
user_3706,at_risk,2025-02-15
user_3707,sporadic,2025-02-25
user_3708,consistent,2025-02-26
user_3709,consistent,2025-02-23
user_3710,at_risk,2025-02-13
user_3711,consistent,2025-01-11
user_3712,sporadic,2025-01-29
user_3713,sporadic,2025-01-31
user_3714,casual,2025-01-25
user_3715,at_risk,2025-02-21
user_3716,casual,2025-02-23
user_3717,casual,2025-01-24
user_3718,consistent,2025-02-26
user_3719,casual,2025-01-19
user_3720,consistent,2025-01-02
user_3721,casual,2025-01-22
user_3722,sporadic,2025-01-20
user_3723,at_risk,2025-02-02
user_3724,consistent,2025-01-08
user_3725,casual,2025-01-25
user_3726,at_risk,2025-02-15
user_3727,consistent,2025-01-09
user_3728,consistent,2025-02-03
user_3729,consistent,2025-02-26
user_3730,casual,2025-01-23
user_3731,consistent,2025-01-05
user_3732,at_risk,2025-02-24
user_3733,casual,2025-01-25
user_3734,casual,2025-01-08
user_3735,consistent,2025-01-16
user_3736,casual,2025-02-23
user_3737,sporadic,2025-02-17
user_3738,sporadic,2025-02-14
user_3739,sporadic,2025-02-21
user_3740,casual,2025-01-15
user_3741,at_risk,2025-01-01
user_3742,sporadic,2025-01-22
user_3743,sporadic,2025-01-03
user_3744,consistent,2025-02-07
user_3745,consistent,2025-02-23
user_3746,consistent,2025-01-14
user_3747,sporadic,2025-02-05
user_3748,casual,2025-01-18
user_3749,casual,2025-02-16
user_3750,at_risk,2025-02-10
user_3751,at_risk,2025-01-18
user_3752,at_risk,2025-01-03
user_3753,casual,2025-01-10
user_3754,sporadic,2025-02-18
user_3755,consistent,2025-02-08
user_3756,consistent,2025-02-16
user_3757,consistent,2025-01-01
user_3758,casual,2025-01-27
user_3759,casual,2025-02-26
user_3760,sporadic,2025-01-27
user_3761,consistent,2025-01-11
user_3762,sporadic,2025-02-18
user_3763,casual,2025-01-05
user_3764,consistent,2025-01-07
user_3765,casual,2025-01-19
user_3766,consistent,2025-02-26
user_3767,casual,2025-02-25
user_3768,casual,2025-01-29
user_3769,consistent,2025-01-15
user_3770,consistent,2025-02-04
user_3771,casual,2025-02-16
user_3772,at_risk,2025-02-06
user_3773,casual,2025-02-24
user_3774,sporadic,2025-01-12
user_3775,sporadic,2025-01-30
user_3776,at_risk,2025-01-20
user_3777,sporadic,2025-02-06
user_3778,casual,2025-01-03
user_3779,sporadic,2025-01-09
user_3780,at_risk,2025-02-27
user_3781,casual,2025-02-10
user_3782,casual,2025-02-08
user_3783,consistent,2025-01-26
user_3784,sporadic,2025-01-02
user_3785,sporadic,2025-01-23
user_3786,consistent,2025-01-23
user_3787,casual,2025-02-28
user_3788,casual,2025-01-21
user_3789,consistent,2025-01-16
user_3790,at_risk,2025-01-09
user_3791,consistent,2025-01-13
user_3792,consistent,2025-01-28
user_3793,casual,2025-01-27
user_3794,sporadic,2025-02-20
user_3795,consistent,2025-02-21
user_3796,sporadic,2025-01-17
user_3797,casual,2025-02-07
user_3798,consistent,2025-02-05
user_3799,consistent,2025-01-01
user_3800,casual,2025-01-18
user_3801,consistent,2025-02-20
user_3802,at_risk,2025-01-09
user_3803,sporadic,2025-01-13
user_3804,at_risk,2025-02-09
user_3805,consistent,2025-02-24
user_3806,at_risk,2025-02-14
user_3807,casual,2025-01-15
user_3808,casual,2025-02-12
user_3809,consistent,2025-02-13
user_3810,consistent,2025-02-15
user_3811,sporadic,2025-01-04
user_3812,casual,2025-02-02
user_3813,consistent,2025-01-24
user_3814,casual,2025-02-05
user_3815,consistent,2025-02-20
user_3816,casual,2025-02-10
user_3817,casual,2025-01-10
user_3818,sporadic,2025-02-05
user_3819,sporadic,2025-01-20
user_3820,casual,2025-02-10
user_3821,casual,2025-02-14
user_3822,casual,2025-02-13
user_3823,sporadic,2025-01-11
user_3824,casual,2025-01-12
user_3825,consistent,2025-01-18
user_3826,consistent,2025-01-30
user_3827,casual,2025-02-13
user_3828,casual,2025-02-17
user_3829,sporadic,2025-02-06
user_3830,consistent,2025-01-20
user_3831,casual,2025-01-25
user_3832,sporadic,2025-01-12
user_3833,sporadic,2025-01-21
user_3834,casual,2025-01-25
user_3835,casual,2025-01-11
user_3836,casual,2025-01-09
user_3837,at_risk,2025-02-19
user_3838,consistent,2025-01-25
user_3839,at_risk,2025-02-04
user_3840,sporadic,2025-02-21
user_3841,casual,2025-02-01
user_3842,consistent,2025-02-18
user_3843,casual,2025-01-14
user_3844,casual,2025-01-01
user_3845,consistent,2025-01-17
user_3846,sporadic,2025-01-25
user_3847,at_risk,2025-02-28
user_3848,casual,2025-01-08
user_3849,sporadic,2025-01-05
user_3850,consistent,2025-01-05
user_3851,casual,2025-02-10
user_3852,consistent,2025-02-04
user_3853,casual,2025-01-19
user_3854,at_risk,2025-01-23
user_3855,sporadic,2025-01-09
user_3856,consistent,2025-02-23
user_3857,casual,2025-01-30
user_3858,casual,2025-02-19
user_3859,casual,2025-01-16
user_3860,sporadic,2025-02-02
user_3861,sporadic,2025-01-02
user_3862,casual,2025-01-14
user_3863,casual,2025-02-15
user_3864,consistent,2025-01-01
user_3865,consistent,2025-01-26
user_3866,casual,2025-02-27
user_3867,casual,2025-01-25
user_3868,sporadic,2025-01-16
user_3869,sporadic,2025-01-15
user_3870,consistent,2025-01-26
user_3871,casual,2025-02-16
user_3872,consistent,2025-02-13
user_3873,consistent,2025-01-16
user_3874,sporadic,2025-01-14
user_3875,consistent,2025-01-29
user_3876,casual,2025-01-24
user_3877,consistent,2025-02-16
user_3878,at_risk,2025-02-24
user_3879,casual,2025-01-15
user_3880,consistent,2025-01-19
user_3881,casual,2025-01-08
user_3882,sporadic,2025-02-03
user_3883,at_risk,2025-01-02
user_3884,consistent,2025-01-27
user_3885,at_risk,2025-01-10
user_3886,at_risk,2025-02-04
user_3887,at_risk,2025-01-23
user_3888,casual,2025-02-18
user_3889,casual,2025-01-08
user_3890,casual,2025-01-28
user_3891,sporadic,2025-01-23
user_3892,casual,2025-01-04
user_3893,sporadic,2025-01-14
user_3894,casual,2025-02-22
user_3895,sporadic,2025-02-11
user_3896,sporadic,2025-01-29
user_3897,consistent,2025-01-01
user_3898,sporadic,2025-01-04
user_3899,casual,2025-02-01
user_3900,sporadic,2025-02-02
user_3901,casual,2025-02-18
user_3902,casual,2025-01-26
user_3903,at_risk,2025-01-17
user_3904,consistent,2025-02-08
user_3905,sporadic,2025-01-23
user_3906,casual,2025-02-01
user_3907,casual,2025-02-21
user_3908,casual,2025-01-15
user_3909,casual,2025-01-13
user_3910,casual,2025-03-01
user_3911,consistent,2025-01-02
user_3912,consistent,2025-03-01
user_3913,consistent,2025-01-19
user_3914,at_risk,2025-01-24
user_3915,at_risk,2025-02-14
user_3916,casual,2025-01-24
user_3917,sporadic,2025-01-11
user_3918,casual,2025-02-28
user_3919,sporadic,2025-01-22
user_3920,sporadic,2025-01-15
user_3921,at_risk,2025-01-10
user_3922,casual,2025-02-10
user_3923,sporadic,2025-01-27
user_3924,consistent,2025-03-01
user_3925,at_risk,2025-01-09
user_3926,consistent,2025-02-21
user_3927,casual,2025-01-28
user_3928,sporadic,2025-01-01
user_3929,sporadic,2025-01-17
user_3930,consistent,2025-01-31
user_3931,at_risk,2025-02-13
user_3932,consistent,2025-01-10
user_3933,casual,2025-02-06
user_3934,consistent,2025-01-29
user_3935,casual,2025-01-18
user_3936,casual,2025-02-16
user_3937,casual,2025-02-07
user_3938,consistent,2025-02-08
user_3939,consistent,2025-02-18
user_3940,casual,2025-01-06
user_3941,sporadic,2025-02-09
user_3942,at_risk,2025-01-12
user_3943,consistent,2025-02-22
user_3944,casual,2025-01-14
user_3945,consistent,2025-02-13
user_3946,consistent,2025-02-24
user_3947,sporadic,2025-01-10
user_3948,casual,2025-02-23
user_3949,consistent,2025-01-20
user_3950,consistent,2025-01-15
user_3951,consistent,2025-01-31
user_3952,sporadic,2025-01-07
user_3953,at_risk,2025-02-27
user_3954,consistent,2025-02-10
user_3955,consistent,2025-01-10
user_3956,at_risk,2025-01-10
user_3957,at_risk,2025-02-17
user_3958,casual,2025-02-08
user_3959,consistent,2025-01-28
user_3960,consistent,2025-01-30
user_3961,casual,2025-02-06
user_3962,casual,2025-02-24
user_3963,consistent,2025-01-03
user_3964,casual,2025-02-19
user_3965,consistent,2025-02-12
user_3966,sporadic,2025-01-15
user_3967,casual,2025-01-21
user_3968,consistent,2025-02-21
user_3969,casual,2025-02-06
user_3970,casual,2025-02-25
user_3971,at_risk,2025-01-12
user_3972,casual,2025-01-04
user_3973,consistent,2025-02-16
user_3974,sporadic,2025-01-09
user_3975,consistent,2025-02-08
user_3976,at_risk,2025-02-11
user_3977,casual,2025-01-28
user_3978,casual,2025-01-23
user_3979,consistent,2025-02-14
user_3980,casual,2025-02-09
user_3981,sporadic,2025-02-13
user_3982,sporadic,2025-01-22
user_3983,consistent,2025-01-24
user_3984,consistent,2025-02-20
user_3985,sporadic,2025-02-27
user_3986,at_risk,2025-01-26
user_3987,consistent,2025-01-30
user_3988,casual,2025-02-02
user_3989,casual,2025-01-16
user_3990,at_risk,2025-01-22
user_3991,consistent,2025-02-18
user_3992,consistent,2025-02-26
user_3993,sporadic,2025-02-19
user_3994,consistent,2025-02-12
user_3995,casual,2025-01-18
user_3996,casual,2025-01-07
user_3997,casual,2025-02-19
user_3998,casual,2025-01-26
user_3999,casual,2025-01-08
user_4000,consistent,2025-01-06
user_4001,casual,2025-01-30
user_4002,sporadic,2025-02-08
user_4003,sporadic,2025-01-23
user_4004,consistent,2025-02-01
user_4005,consistent,2025-01-22
user_4006,consistent,2025-02-11
user_4007,casual,2025-02-12
user_4008,casual,2025-02-26
user_4009,sporadic,2025-02-14
user_4010,consistent,2025-01-09
user_4011,consistent,2025-01-31
user_4012,casual,2025-01-07
user_4013,sporadic,2025-01-09
user_4014,consistent,2025-01-13
user_4015,casual,2025-02-27
user_4016,consistent,2025-01-03
user_4017,at_risk,2025-02-04
user_4018,at_risk,2025-02-02
user_4019,consistent,2025-01-21
user_4020,consistent,2025-01-31
user_4021,casual,2025-02-21
user_4022,consistent,2025-02-03
user_4023,sporadic,2025-02-01
user_4024,sporadic,2025-02-26
user_4025,sporadic,2025-02-04
user_4026,sporadic,2025-01-15
user_4027,casual,2025-02-25
user_4028,consistent,2025-02-01
user_4029,sporadic,2025-01-06
user_4030,casual,2025-02-14
user_4031,sporadic,2025-01-21
user_4032,consistent,2025-02-02
user_4033,consistent,2025-02-01
user_4034,at_risk,2025-02-21
user_4035,consistent,2025-01-19
user_4036,at_risk,2025-02-02
user_4037,at_risk,2025-01-28
user_4038,sporadic,2025-01-31
user_4039,sporadic,2025-01-21
user_4040,casual,2025-02-23
user_4041,at_risk,2025-02-03
user_4042,consistent,2025-01-15
user_4043,casual,2025-01-14
user_4044,casual,2025-01-19
user_4045,casual,2025-02-12
user_4046,casual,2025-01-15
user_4047,casual,2025-01-06
user_4048,casual,2025-02-21
user_4049,at_risk,2025-01-09
user_4050,consistent,2025-02-06
user_4051,at_risk,2025-01-20
user_4052,sporadic,2025-02-03
user_4053,sporadic,2025-02-07
user_4054,casual,2025-01-26
user_4055,sporadic,2025-01-18
user_4056,consistent,2025-01-28
user_4057,sporadic,2025-02-24
user_4058,consistent,2025-02-20
user_4059,at_risk,2025-01-09
user_4060,at_risk,2025-02-01
user_4061,consistent,2025-02-28
user_4062,consistent,2025-02-22
user_4063,sporadic,2025-02-25
user_4064,consistent,2025-02-28
user_4065,at_risk,2025-01-06
user_4066,consistent,2025-01-14
user_4067,consistent,2025-01-28
user_4068,at_risk,2025-02-27
user_4069,sporadic,2025-01-24
user_4070,sporadic,2025-01-13
user_4071,casual,2025-02-12
user_4072,sporadic,2025-01-12
user_4073,casual,2025-02-20
user_4074,casual,2025-01-19
user_4075,sporadic,2025-01-21
user_4076,casual,2025-01-27
user_4077,casual,2025-02-27
user_4078,consistent,2025-01-19
user_4079,sporadic,2025-01-24
user_4080,consistent,2025-01-26
user_4081,sporadic,2025-02-14
user_4082,consistent,2025-01-28
user_4083,casual,2025-02-15
user_4084,sporadic,2025-02-25
user_4085,consistent,2025-01-18
user_4086,consistent,2025-02-13
user_4087,consistent,2025-02-05
user_4088,casual,2025-02-11
user_4089,sporadic,2025-01-29
user_4090,consistent,2025-01-17
user_4091,sporadic,2025-01-04
user_4092,casual,2025-02-13
user_4093,casual,2025-02-14
user_4094,at_risk,2025-02-28
user_4095,casual,2025-01-29
user_4096,casual,2025-01-04
user_4097,consistent,2025-01-10
user_4098,consistent,2025-01-25
user_4099,consistent,2025-01-31
user_4100,consistent,2025-01-03
user_4101,casual,2025-02-16
user_4102,casual,2025-01-02
user_4103,casual,2025-02-26
user_4104,consistent,2025-01-25
user_4105,consistent,2025-02-18
user_4106,sporadic,2025-01-06
user_4107,at_risk,2025-01-26
user_4108,consistent,2025-01-08
user_4109,at_risk,2025-02-04
user_4110,casual,2025-01-27
user_4111,casual,2025-01-25
user_4112,casual,2025-01-18
user_4113,consistent,2025-02-23
user_4114,consistent,2025-01-01
user_4115,casual,2025-02-17
user_4116,casual,2025-02-08
user_4117,at_risk,2025-01-03
user_4118,casual,2025-02-24
user_4119,consistent,2025-01-04
user_4120,sporadic,2025-02-10
user_4121,consistent,2025-02-06
user_4122,casual,2025-02-20
user_4123,sporadic,2025-01-15
user_4124,at_risk,2025-01-08
user_4125,sporadic,2025-02-07
user_4126,sporadic,2025-02-19
user_4127,sporadic,2025-01-19
user_4128,at_risk,2025-02-25
user_4129,consistent,2025-02-16
user_4130,consistent,2025-01-26
user_4131,consistent,2025-02-08
user_4132,consistent,2025-01-10
user_4133,sporadic,2025-02-07
user_4134,casual,2025-01-14
user_4135,casual,2025-02-18
user_4136,consistent,2025-02-10
user_4137,sporadic,2025-01-19
user_4138,casual,2025-01-30
user_4139,sporadic,2025-01-05
user_4140,casual,2025-02-24
user_4141,casual,2025-01-31
user_4142,consistent,2025-01-07
user_4143,consistent,2025-01-19
user_4144,sporadic,2025-01-31
user_4145,at_risk,2025-02-21
user_4146,casual,2025-02-27
user_4147,consistent,2025-02-08
user_4148,casual,2025-01-24
user_4149,sporadic,2025-02-03
user_4150,sporadic,2025-02-26
user_4151,consistent,2025-01-23
user_4152,consistent,2025-02-17
user_4153,sporadic,2025-02-14
user_4154,casual,2025-02-09
user_4155,consistent,2025-01-06
user_4156,consistent,2025-02-07
user_4157,casual,2025-02-10
user_4158,at_risk,2025-02-05
user_4159,at_risk,2025-01-27
user_4160,casual,2025-01-11
user_4161,casual,2025-01-05
user_4162,consistent,2025-02-26
user_4163,casual,2025-01-17
user_4164,casual,2025-02-21
user_4165,casual,2025-01-07
user_4166,casual,2025-01-27
user_4167,consistent,2025-02-16
user_4168,consistent,2025-02-26
user_4169,casual,2025-01-15
user_4170,consistent,2025-02-15
user_4171,consistent,2025-01-13
user_4172,at_risk,2025-01-11
user_4173,casual,2025-03-01
user_4174,casual,2025-02-14
user_4175,at_risk,2025-01-26
user_4176,at_risk,2025-01-22
user_4177,casual,2025-01-28
user_4178,sporadic,2025-01-24
user_4179,casual,2025-01-29
user_4180,casual,2025-01-09
user_4181,casual,2025-02-11
user_4182,sporadic,2025-01-04
user_4183,sporadic,2025-02-18
user_4184,casual,2025-02-15
user_4185,consistent,2025-02-25
user_4186,casual,2025-01-18
user_4187,consistent,2025-02-12
user_4188,casual,2025-01-16
user_4189,sporadic,2025-02-02
user_4190,sporadic,2025-01-29
user_4191,sporadic,2025-02-08
user_4192,at_risk,2025-03-01
user_4193,casual,2025-01-10
user_4194,sporadic,2025-01-09
user_4195,casual,2025-02-28
user_4196,consistent,2025-01-31
user_4197,consistent,2025-01-28
user_4198,consistent,2025-03-01
user_4199,casual,2025-02-26
user_4200,casual,2025-01-03
user_4201,sporadic,2025-02-23
user_4202,consistent,2025-02-24
user_4203,consistent,2025-01-14
user_4204,at_risk,2025-02-27
user_4205,consistent,2025-01-25
user_4206,casual,2025-01-15
user_4207,casual,2025-01-02
user_4208,casual,2025-01-24
user_4209,consistent,2025-01-14
user_4210,consistent,2025-02-17
user_4211,consistent,2025-01-07
user_4212,casual,2025-02-05
user_4213,casual,2025-02-19
user_4214,consistent,2025-01-24
user_4215,casual,2025-01-27
user_4216,sporadic,2025-02-06
user_4217,consistent,2025-02-07
user_4218,casual,2025-01-30
user_4219,sporadic,2025-01-27
user_4220,consistent,2025-02-08
user_4221,casual,2025-01-15
user_4222,casual,2025-01-26
user_4223,at_risk,2025-01-01
user_4224,sporadic,2025-02-25
user_4225,casual,2025-01-04
user_4226,sporadic,2025-01-29
user_4227,casual,2025-02-26
user_4228,casual,2025-01-01
user_4229,casual,2025-02-12
user_4230,consistent,2025-02-19
user_4231,sporadic,2025-02-15
user_4232,casual,2025-01-22
user_4233,casual,2025-01-11
user_4234,at_risk,2025-01-10
user_4235,consistent,2025-02-28
user_4236,casual,2025-01-17
user_4237,consistent,2025-02-05
user_4238,sporadic,2025-02-25
user_4239,sporadic,2025-02-16
user_4240,casual,2025-01-26
user_4241,sporadic,2025-02-17
user_4242,casual,2025-01-21
user_4243,sporadic,2025-01-13
user_4244,casual,2025-01-09
user_4245,casual,2025-01-11
user_4246,at_risk,2025-01-11
user_4247,consistent,2025-01-06
user_4248,consistent,2025-01-01
user_4249,casual,2025-02-23
user_4250,at_risk,2025-01-06
user_4251,casual,2025-01-13
user_4252,consistent,2025-01-22
user_4253,casual,2025-02-25
user_4254,casual,2025-01-31
user_4255,consistent,2025-01-22
user_4256,sporadic,2025-02-06
user_4257,at_risk,2025-02-16
user_4258,casual,2025-01-27
user_4259,casual,2025-02-19
user_4260,casual,2025-02-21
user_4261,consistent,2025-01-14
user_4262,at_risk,2025-02-16
user_4263,casual,2025-02-27
user_4264,casual,2025-01-05
user_4265,sporadic,2025-02-27
user_4266,casual,2025-02-05
user_4267,casual,2025-02-01
user_4268,consistent,2025-02-03
user_4269,sporadic,2025-01-07
user_4270,at_risk,2025-02-11
user_4271,casual,2025-02-17
user_4272,at_risk,2025-01-10
user_4273,consistent,2025-02-19
user_4274,casual,2025-01-17
user_4275,casual,2025-01-30
user_4276,casual,2025-01-21
user_4277,casual,2025-03-01
user_4278,casual,2025-01-13
user_4279,consistent,2025-01-01
user_4280,casual,2025-01-01
user_4281,consistent,2025-02-16
user_4282,sporadic,2025-02-02
user_4283,consistent,2025-02-07
user_4284,consistent,2025-01-25
user_4285,casual,2025-01-26
user_4286,casual,2025-01-13
user_4287,at_risk,2025-02-28
user_4288,casual,2025-01-28
user_4289,casual,2025-02-02
user_4290,sporadic,2025-02-06
user_4291,casual,2025-02-10
user_4292,consistent,2025-01-30
user_4293,casual,2025-02-26
user_4294,at_risk,2025-02-18
user_4295,casual,2025-02-17
user_4296,consistent,2025-01-08
user_4297,consistent,2025-02-18
user_4298,consistent,2025-02-16
user_4299,casual,2025-02-25
user_4300,casual,2025-01-01
user_4301,consistent,2025-01-12
user_4302,at_risk,2025-01-05
user_4303,sporadic,2025-01-24
user_4304,casual,2025-01-06
user_4305,sporadic,2025-01-25
user_4306,consistent,2025-01-01
user_4307,casual,2025-01-25
user_4308,casual,2025-01-01
user_4309,sporadic,2025-02-01
user_4310,sporadic,2025-02-11
user_4311,consistent,2025-02-11
user_4312,at_risk,2025-01-03
user_4313,consistent,2025-02-18
user_4314,at_risk,2025-01-19
user_4315,at_risk,2025-03-01
user_4316,consistent,2025-02-12
user_4317,sporadic,2025-01-29
user_4318,consistent,2025-02-19
user_4319,casual,2025-01-02
user_4320,casual,2025-01-09
user_4321,casual,2025-02-25
user_4322,at_risk,2025-01-17
user_4323,sporadic,2025-03-01
user_4324,casual,2025-02-15
user_4325,sporadic,2025-02-05
user_4326,at_risk,2025-01-17
user_4327,consistent,2025-02-18
user_4328,at_risk,2025-01-12
user_4329,consistent,2025-03-01
user_4330,sporadic,2025-01-20
user_4331,consistent,2025-02-19
user_4332,consistent,2025-01-03
user_4333,casual,2025-02-12
user_4334,casual,2025-02-26
user_4335,casual,2025-02-19
user_4336,consistent,2025-01-04
user_4337,casual,2025-01-17
user_4338,at_risk,2025-02-19
user_4339,casual,2025-02-06
user_4340,consistent,2025-02-15
user_4341,casual,2025-02-11
user_4342,consistent,2025-01-15
user_4343,sporadic,2025-02-02
user_4344,sporadic,2025-01-16
user_4345,casual,2025-01-11
user_4346,casual,2025-02-24
user_4347,sporadic,2025-01-20
user_4348,casual,2025-02-07
user_4349,sporadic,2025-01-24
user_4350,casual,2025-02-23
user_4351,sporadic,2025-01-16
user_4352,casual,2025-01-30
user_4353,casual,2025-02-03
user_4354,at_risk,2025-01-01
user_4355,casual,2025-01-24
user_4356,casual,2025-01-24
user_4357,consistent,2025-01-09
user_4358,casual,2025-01-22
user_4359,casual,2025-01-12
user_4360,consistent,2025-01-17
user_4361,consistent,2025-01-25
user_4362,casual,2025-01-28
user_4363,sporadic,2025-01-15
user_4364,casual,2025-01-30
user_4365,consistent,2025-02-20
user_4366,sporadic,2025-01-27
user_4367,consistent,2025-01-22
user_4368,casual,2025-01-10
user_4369,consistent,2025-02-27
user_4370,consistent,2025-01-31
user_4371,consistent,2025-01-27
user_4372,casual,2025-01-12
user_4373,consistent,2025-02-15
user_4374,casual,2025-01-31
user_4375,casual,2025-02-01
user_4376,casual,2025-02-01
user_4377,casual,2025-02-10
user_4378,sporadic,2025-02-28
user_4379,consistent,2025-02-14
user_4380,casual,2025-02-04
user_4381,consistent,2025-02-22
user_4382,consistent,2025-02-15
user_4383,casual,2025-01-21
user_4384,casual,2025-01-10
user_4385,at_risk,2025-01-16
user_4386,casual,2025-01-07
user_4387,at_risk,2025-01-04
user_4388,consistent,2025-01-27
user_4389,consistent,2025-02-21
user_4390,consistent,2025-02-24
user_4391,consistent,2025-01-25
user_4392,casual,2025-01-31
user_4393,casual,2025-01-11
user_4394,consistent,2025-02-17
user_4395,at_risk,2025-01-20
user_4396,sporadic,2025-02-05
user_4397,consistent,2025-02-23
user_4398,consistent,2025-02-23
user_4399,consistent,2025-02-24
user_4400,consistent,2025-01-17
user_4401,consistent,2025-02-14
user_4402,casual,2025-01-11
user_4403,consistent,2025-01-30
user_4404,casual,2025-02-04
user_4405,at_risk,2025-02-10
user_4406,sporadic,2025-02-07
user_4407,at_risk,2025-01-22
user_4408,consistent,2025-02-22
user_4409,casual,2025-02-12
user_4410,casual,2025-02-17
user_4411,consistent,2025-02-20
user_4412,consistent,2025-01-27
user_4413,sporadic,2025-02-06
user_4414,casual,2025-02-15
user_4415,casual,2025-02-18
user_4416,casual,2025-02-04
user_4417,casual,2025-01-04
user_4418,consistent,2025-01-16
user_4419,casual,2025-01-16
user_4420,consistent,2025-01-21
user_4421,consistent,2025-01-26
user_4422,at_risk,2025-02-26
user_4423,casual,2025-02-05
user_4424,sporadic,2025-01-19
user_4425,casual,2025-02-27
user_4426,casual,2025-01-17
user_4427,consistent,2025-02-14
user_4428,consistent,2025-01-26
user_4429,consistent,2025-01-22
user_4430,sporadic,2025-02-24
user_4431,sporadic,2025-02-27
user_4432,casual,2025-02-25
user_4433,casual,2025-01-28
user_4434,at_risk,2025-01-01
user_4435,consistent,2025-02-13
user_4436,consistent,2025-02-05
user_4437,casual,2025-02-12
user_4438,sporadic,2025-02-06
user_4439,at_risk,2025-01-02
user_4440,consistent,2025-01-17
user_4441,at_risk,2025-02-09
user_4442,sporadic,2025-02-07
user_4443,consistent,2025-01-21
user_4444,casual,2025-01-09
user_4445,casual,2025-01-13
user_4446,at_risk,2025-01-11
user_4447,consistent,2025-01-16
user_4448,sporadic,2025-01-16
user_4449,casual,2025-02-28
user_4450,sporadic,2025-01-02
user_4451,casual,2025-02-11
user_4452,casual,2025-02-13
user_4453,sporadic,2025-01-08
user_4454,sporadic,2025-02-12
user_4455,at_risk,2025-02-11
user_4456,consistent,2025-01-13
user_4457,sporadic,2025-02-26
user_4458,consistent,2025-01-17
user_4459,casual,2025-02-08
user_4460,casual,2025-01-24
user_4461,casual,2025-01-03
user_4462,casual,2025-01-30
user_4463,at_risk,2025-02-21
user_4464,consistent,2025-01-13
user_4465,sporadic,2025-01-19
user_4466,casual,2025-01-07
user_4467,consistent,2025-01-09
user_4468,consistent,2025-01-19
user_4469,at_risk,2025-02-14
user_4470,at_risk,2025-02-23
user_4471,at_risk,2025-02-09
user_4472,at_risk,2025-01-22
user_4473,consistent,2025-01-18
user_4474,casual,2025-01-23
user_4475,sporadic,2025-01-02
user_4476,casual,2025-02-19
user_4477,casual,2025-02-19
user_4478,casual,2025-01-11
user_4479,casual,2025-01-31
user_4480,casual,2025-02-02
user_4481,consistent,2025-01-14
user_4482,casual,2025-01-16
user_4483,casual,2025-01-11
user_4484,casual,2025-02-02
user_4485,consistent,2025-01-07
user_4486,sporadic,2025-01-31
user_4487,consistent,2025-02-17
user_4488,casual,2025-02-15
user_4489,sporadic,2025-02-16
user_4490,casual,2025-01-14
user_4491,consistent,2025-01-28
user_4492,sporadic,2025-02-22
user_4493,casual,2025-02-12
user_4494,sporadic,2025-01-16
user_4495,sporadic,2025-01-19
user_4496,casual,2025-01-17
user_4497,casual,2025-02-28
user_4498,consistent,2025-01-26
user_4499,consistent,2025-01-06
user_4500,casual,2025-02-12
user_4501,casual,2025-02-18
user_4502,casual,2025-01-09
user_4503,consistent,2025-02-19
user_4504,consistent,2025-01-17
user_4505,casual,2025-01-31
user_4506,consistent,2025-01-12
user_4507,sporadic,2025-01-23
user_4508,consistent,2025-02-23
user_4509,casual,2025-02-23
user_4510,at_risk,2025-01-05
user_4511,consistent,2025-02-12
user_4512,casual,2025-02-05
user_4513,consistent,2025-02-28
user_4514,casual,2025-02-05
user_4515,casual,2025-01-03
user_4516,casual,2025-02-27
user_4517,casual,2025-01-24
user_4518,at_risk,2025-02-24
user_4519,consistent,2025-02-26
user_4520,consistent,2025-01-17
user_4521,at_risk,2025-02-08
user_4522,casual,2025-01-26
user_4523,at_risk,2025-01-04
user_4524,casual,2025-02-24
user_4525,sporadic,2025-02-14
user_4526,casual,2025-01-12
user_4527,sporadic,2025-01-01
user_4528,at_risk,2025-01-21
user_4529,casual,2025-01-19
user_4530,consistent,2025-01-21
user_4531,consistent,2025-02-21
user_4532,consistent,2025-01-18
user_4533,consistent,2025-02-12
user_4534,casual,2025-02-21
user_4535,casual,2025-01-03
user_4536,casual,2025-02-18
user_4537,casual,2025-02-13
user_4538,casual,2025-02-01
user_4539,consistent,2025-01-10
user_4540,consistent,2025-02-09
user_4541,consistent,2025-01-15
user_4542,casual,2025-01-05
user_4543,consistent,2025-01-04
user_4544,consistent,2025-02-27
user_4545,casual,2025-01-28
user_4546,sporadic,2025-02-22
user_4547,consistent,2025-02-21
user_4548,casual,2025-02-20
user_4549,sporadic,2025-02-22
user_4550,sporadic,2025-01-04
user_4551,at_risk,2025-01-15
user_4552,consistent,2025-01-17
user_4553,consistent,2025-02-13
user_4554,at_risk,2025-01-03
user_4555,casual,2025-01-10
user_4556,casual,2025-02-16
user_4557,sporadic,2025-02-11
user_4558,sporadic,2025-02-25
user_4559,at_risk,2025-01-23
user_4560,at_risk,2025-01-18
user_4561,sporadic,2025-01-01
user_4562,consistent,2025-02-04
user_4563,at_risk,2025-02-22
user_4564,consistent,2025-02-27
user_4565,consistent,2025-01-31
user_4566,at_risk,2025-02-28
user_4567,consistent,2025-02-13
user_4568,consistent,2025-01-01
user_4569,consistent,2025-01-03
user_4570,at_risk,2025-01-03
user_4571,casual,2025-02-06
user_4572,sporadic,2025-01-19
user_4573,consistent,2025-01-29
user_4574,sporadic,2025-01-25
user_4575,sporadic,2025-02-02
user_4576,casual,2025-02-05
user_4577,casual,2025-01-29
user_4578,consistent,2025-02-27
user_4579,at_risk,2025-01-26
user_4580,casual,2025-01-04
user_4581,at_risk,2025-02-18
user_4582,casual,2025-01-14
user_4583,sporadic,2025-02-19
user_4584,sporadic,2025-01-27
user_4585,sporadic,2025-02-02
user_4586,at_risk,2025-01-22
user_4587,casual,2025-02-17
user_4588,consistent,2025-01-03
user_4589,sporadic,2025-01-23
user_4590,sporadic,2025-01-21
user_4591,casual,2025-02-10
user_4592,consistent,2025-01-23
user_4593,casual,2025-01-04
user_4594,casual,2025-01-21
user_4595,casual,2025-02-06
user_4596,casual,2025-02-12
user_4597,sporadic,2025-01-31
user_4598,consistent,2025-01-21
user_4599,casual,2025-01-26
user_4600,consistent,2025-02-10
user_4601,consistent,2025-02-27
user_4602,sporadic,2025-02-04
user_4603,at_risk,2025-02-07
user_4604,casual,2025-01-24
user_4605,sporadic,2025-01-11
user_4606,at_risk,2025-02-10
user_4607,sporadic,2025-01-29
user_4608,consistent,2025-02-16
user_4609,at_risk,2025-02-24
user_4610,casual,2025-03-01
user_4611,casual,2025-01-03
user_4612,consistent,2025-01-01
user_4613,casual,2025-02-21
user_4614,consistent,2025-02-23
user_4615,consistent,2025-01-19
user_4616,casual,2025-02-15
user_4617,sporadic,2025-02-18
user_4618,at_risk,2025-01-22
user_4619,casual,2025-01-14
user_4620,at_risk,2025-02-18
user_4621,at_risk,2025-02-26
user_4622,sporadic,2025-02-28
user_4623,consistent,2025-01-14
user_4624,sporadic,2025-02-13
user_4625,at_risk,2025-01-16
user_4626,sporadic,2025-02-02
user_4627,casual,2025-01-13
user_4628,casual,2025-02-07
user_4629,casual,2025-02-18
user_4630,casual,2025-01-12
user_4631,consistent,2025-02-24
user_4632,casual,2025-02-20
user_4633,sporadic,2025-02-07
user_4634,at_risk,2025-02-08
user_4635,consistent,2025-02-02
user_4636,at_risk,2025-02-02
user_4637,casual,2025-01-29
user_4638,sporadic,2025-01-05
user_4639,sporadic,2025-01-06
user_4640,sporadic,2025-01-31
user_4641,at_risk,2025-01-16
user_4642,casual,2025-01-31
user_4643,at_risk,2025-01-25
user_4644,consistent,2025-02-17
user_4645,sporadic,2025-02-15
user_4646,sporadic,2025-02-02
user_4647,sporadic,2025-01-13
user_4648,consistent,2025-02-21
user_4649,at_risk,2025-01-10
user_4650,consistent,2025-01-24
user_4651,consistent,2025-01-10
user_4652,sporadic,2025-02-10
user_4653,casual,2025-01-31
user_4654,sporadic,2025-01-13
user_4655,casual,2025-01-03
user_4656,consistent,2025-02-28
user_4657,sporadic,2025-02-19
user_4658,casual,2025-02-21
user_4659,consistent,2025-02-03
user_4660,sporadic,2025-02-18
user_4661,casual,2025-01-28
user_4662,casual,2025-01-19
user_4663,casual,2025-01-23
user_4664,sporadic,2025-02-14
user_4665,sporadic,2025-02-01
user_4666,sporadic,2025-01-13
user_4667,consistent,2025-02-02
user_4668,sporadic,2025-02-03
user_4669,sporadic,2025-02-02
user_4670,sporadic,2025-02-25
user_4671,casual,2025-01-05
user_4672,at_risk,2025-02-25
user_4673,sporadic,2025-01-03
user_4674,consistent,2025-03-01
user_4675,casual,2025-01-07
user_4676,at_risk,2025-01-24
user_4677,consistent,2025-01-22
user_4678,at_risk,2025-02-14
user_4679,sporadic,2025-01-23
user_4680,casual,2025-01-30
user_4681,consistent,2025-03-01
user_4682,consistent,2025-01-18
user_4683,at_risk,2025-02-01
user_4684,consistent,2025-02-25
user_4685,sporadic,2025-02-22
user_4686,casual,2025-01-07
user_4687,consistent,2025-02-02
user_4688,consistent,2025-01-05
user_4689,casual,2025-02-18
user_4690,at_risk,2025-01-28
user_4691,casual,2025-01-08
user_4692,casual,2025-01-15
user_4693,casual,2025-02-21
user_4694,casual,2025-01-04
user_4695,casual,2025-02-03
user_4696,at_risk,2025-01-05
user_4697,casual,2025-02-02
user_4698,casual,2025-02-26
user_4699,consistent,2025-01-05
user_4700,at_risk,2025-02-07
user_4701,consistent,2025-02-03
user_4702,consistent,2025-02-27
user_4703,sporadic,2025-01-26
user_4704,casual,2025-01-01
user_4705,casual,2025-01-04
user_4706,casual,2025-02-08
user_4707,sporadic,2025-02-23
user_4708,consistent,2025-01-26
user_4709,sporadic,2025-02-02
user_4710,casual,2025-02-02
user_4711,casual,2025-01-08
user_4712,casual,2025-01-20
user_4713,consistent,2025-01-16
user_4714,sporadic,2025-01-21
user_4715,casual,2025-02-14
user_4716,casual,2025-02-24
user_4717,casual,2025-02-25
user_4718,at_risk,2025-01-26
user_4719,casual,2025-01-23
user_4720,at_risk,2025-01-18
user_4721,casual,2025-01-31
user_4722,consistent,2025-02-21
user_4723,consistent,2025-02-11
user_4724,casual,2025-01-12
user_4725,consistent,2025-01-01
user_4726,consistent,2025-02-11
user_4727,at_risk,2025-01-09
user_4728,sporadic,2025-01-03
user_4729,sporadic,2025-03-01
user_4730,consistent,2025-02-20
user_4731,consistent,2025-01-26
user_4732,consistent,2025-01-09
user_4733,sporadic,2025-02-11
user_4734,at_risk,2025-02-20
user_4735,casual,2025-01-16
user_4736,consistent,2025-01-24
user_4737,casual,2025-02-19
user_4738,casual,2025-01-14
user_4739,casual,2025-01-03
user_4740,casual,2025-02-03
user_4741,sporadic,2025-02-02
user_4742,consistent,2025-02-19
user_4743,consistent,2025-01-24
user_4744,at_risk,2025-01-09
user_4745,consistent,2025-01-13
user_4746,consistent,2025-01-02
user_4747,consistent,2025-01-07
user_4748,consistent,2025-02-17
user_4749,casual,2025-01-21
user_4750,sporadic,2025-01-19
user_4751,casual,2025-01-25
user_4752,casual,2025-02-16
user_4753,sporadic,2025-01-22
user_4754,casual,2025-01-11
user_4755,at_risk,2025-02-02
user_4756,at_risk,2025-02-01
user_4757,consistent,2025-01-21
user_4758,sporadic,2025-02-08
user_4759,casual,2025-01-20
user_4760,at_risk,2025-01-08
user_4761,casual,2025-02-11
user_4762,at_risk,2025-02-06
user_4763,sporadic,2025-01-09
user_4764,consistent,2025-01-25
user_4765,casual,2025-01-25
user_4766,at_risk,2025-02-02
user_4767,at_risk,2025-01-02
user_4768,consistent,2025-01-19
user_4769,sporadic,2025-02-15
user_4770,casual,2025-01-20
user_4771,consistent,2025-02-11
user_4772,casual,2025-02-10
user_4773,consistent,2025-02-11
user_4774,sporadic,2025-01-29
user_4775,casual,2025-01-06
user_4776,sporadic,2025-01-17
user_4777,consistent,2025-03-01
user_4778,casual,2025-01-25
user_4779,consistent,2025-02-07
user_4780,consistent,2025-01-04
user_4781,consistent,2025-01-30
user_4782,consistent,2025-01-20
user_4783,casual,2025-01-03
user_4784,consistent,2025-01-23
user_4785,casual,2025-02-20
user_4786,casual,2025-01-18
user_4787,at_risk,2025-01-26
user_4788,at_risk,2025-02-25
user_4789,casual,2025-02-05
user_4790,casual,2025-01-08
user_4791,consistent,2025-01-17
user_4792,at_risk,2025-01-31
user_4793,consistent,2025-02-06
user_4794,consistent,2025-02-14
user_4795,consistent,2025-02-26
user_4796,casual,2025-02-02
user_4797,consistent,2025-01-27
user_4798,sporadic,2025-02-14
user_4799,consistent,2025-01-04
user_4800,casual,2025-01-22
user_4801,consistent,2025-01-26
user_4802,consistent,2025-02-01
user_4803,at_risk,2025-01-24
user_4804,consistent,2025-02-15
user_4805,sporadic,2025-02-04
user_4806,casual,2025-02-06
user_4807,consistent,2025-02-01
user_4808,at_risk,2025-01-07
user_4809,consistent,2025-02-02
user_4810,at_risk,2025-01-31
user_4811,consistent,2025-02-24
user_4812,at_risk,2025-01-12
user_4813,consistent,2025-01-11
user_4814,casual,2025-01-24
user_4815,sporadic,2025-01-08
user_4816,at_risk,2025-02-01
user_4817,at_risk,2025-02-26
user_4818,sporadic,2025-02-07
user_4819,at_risk,2025-03-01
user_4820,consistent,2025-01-22
user_4821,consistent,2025-02-03
user_4822,consistent,2025-01-19
user_4823,casual,2025-02-21
user_4824,casual,2025-01-20
user_4825,casual,2025-02-25
user_4826,consistent,2025-01-14
user_4827,sporadic,2025-02-02
user_4828,consistent,2025-01-10
user_4829,casual,2025-01-16
user_4830,casual,2025-01-04
user_4831,sporadic,2025-01-27
user_4832,sporadic,2025-01-28
user_4833,casual,2025-02-12
user_4834,consistent,2025-01-16
user_4835,casual,2025-02-28
user_4836,consistent,2025-02-21
user_4837,casual,2025-02-02
user_4838,casual,2025-02-17
user_4839,consistent,2025-01-19
user_4840,consistent,2025-01-21
user_4841,at_risk,2025-01-22
user_4842,at_risk,2025-01-09
user_4843,casual,2025-01-09
user_4844,consistent,2025-01-09
user_4845,consistent,2025-01-27
user_4846,casual,2025-01-17
user_4847,at_risk,2025-02-13
user_4848,consistent,2025-02-26
user_4849,sporadic,2025-02-14
user_4850,consistent,2025-01-08
user_4851,at_risk,2025-01-16
user_4852,casual,2025-01-18
user_4853,sporadic,2025-02-28
user_4854,casual,2025-02-02
user_4855,casual,2025-01-01
user_4856,consistent,2025-01-12
user_4857,consistent,2025-01-06
user_4858,at_risk,2025-02-10
user_4859,at_risk,2025-02-24
user_4860,at_risk,2025-01-05
user_4861,casual,2025-02-28
user_4862,sporadic,2025-01-16
user_4863,consistent,2025-01-18
user_4864,casual,2025-02-18
user_4865,casual,2025-01-18
user_4866,casual,2025-01-01
user_4867,casual,2025-01-19
user_4868,consistent,2025-02-23
user_4869,casual,2025-01-08
user_4870,sporadic,2025-01-03
user_4871,casual,2025-02-27
user_4872,consistent,2025-01-25
user_4873,consistent,2025-02-27
user_4874,consistent,2025-01-05
user_4875,consistent,2025-02-24
user_4876,casual,2025-02-09
user_4877,casual,2025-01-19
user_4878,sporadic,2025-01-18
user_4879,casual,2025-02-19
user_4880,sporadic,2025-02-22
user_4881,consistent,2025-01-31
user_4882,casual,2025-02-02
user_4883,sporadic,2025-02-16
user_4884,consistent,2025-01-18
user_4885,consistent,2025-02-26
user_4886,at_risk,2025-02-08
user_4887,casual,2025-01-16
user_4888,sporadic,2025-01-16
user_4889,consistent,2025-02-16
user_4890,sporadic,2025-02-07
user_4891,casual,2025-02-10
user_4892,consistent,2025-01-07
user_4893,casual,2025-01-14
user_4894,consistent,2025-02-12
user_4895,casual,2025-02-22
user_4896,consistent,2025-02-17
user_4897,consistent,2025-01-25
user_4898,consistent,2025-02-01
user_4899,consistent,2025-02-07
user_4900,at_risk,2025-01-22
user_4901,consistent,2025-02-28
user_4902,casual,2025-01-16
user_4903,consistent,2025-02-21
user_4904,casual,2025-01-29
user_4905,at_risk,2025-01-16
user_4906,consistent,2025-01-12
user_4907,at_risk,2025-01-17
user_4908,consistent,2025-02-06
user_4909,sporadic,2025-01-27
user_4910,casual,2025-01-25
user_4911,at_risk,2025-01-13
user_4912,casual,2025-01-08
user_4913,casual,2025-02-25
user_4914,consistent,2025-01-05
user_4915,consistent,2025-01-12
user_4916,at_risk,2025-02-10
user_4917,casual,2025-01-03
user_4918,casual,2025-02-04
user_4919,sporadic,2025-02-02
user_4920,casual,2025-02-26
user_4921,at_risk,2025-01-22
user_4922,sporadic,2025-02-19
user_4923,casual,2025-02-25
user_4924,at_risk,2025-02-13
user_4925,consistent,2025-01-09
user_4926,consistent,2025-02-10
user_4927,casual,2025-01-18
user_4928,consistent,2025-02-19
user_4929,sporadic,2025-01-29
user_4930,at_risk,2025-02-08
user_4931,casual,2025-01-27
user_4932,casual,2025-02-05
user_4933,at_risk,2025-02-14
user_4934,casual,2025-01-17
user_4935,casual,2025-02-25
user_4936,casual,2025-02-03
user_4937,at_risk,2025-02-15
user_4938,casual,2025-01-03
user_4939,sporadic,2025-01-05
user_4940,sporadic,2025-01-14
user_4941,casual,2025-01-03
user_4942,casual,2025-01-23
user_4943,sporadic,2025-02-08
user_4944,casual,2025-01-30
user_4945,sporadic,2025-02-19
user_4946,at_risk,2025-02-14
user_4947,casual,2025-01-23
user_4948,sporadic,2025-01-27
user_4949,sporadic,2025-02-23
user_4950,sporadic,2025-01-10
user_4951,casual,2025-01-25
user_4952,consistent,2025-01-13
user_4953,casual,2025-01-16
user_4954,sporadic,2025-02-10
user_4955,casual,2025-02-03
user_4956,sporadic,2025-02-24
user_4957,casual,2025-02-06
user_4958,casual,2025-01-22
user_4959,consistent,2025-01-17
user_4960,sporadic,2025-01-23
user_4961,casual,2025-02-23
user_4962,consistent,2025-02-05
user_4963,consistent,2025-02-18
user_4964,sporadic,2025-01-09
user_4965,casual,2025-02-21
user_4966,consistent,2025-01-02
user_4967,at_risk,2025-02-01
user_4968,sporadic,2025-02-25
user_4969,at_risk,2025-02-19
user_4970,casual,2025-02-22
user_4971,casual,2025-02-28
user_4972,at_risk,2025-01-22
user_4973,casual,2025-02-12
user_4974,sporadic,2025-01-13
user_4975,consistent,2025-01-08
user_4976,casual,2025-02-28
user_4977,consistent,2025-01-01
user_4978,consistent,2025-01-17
user_4979,consistent,2025-01-12
user_4980,consistent,2025-01-04
user_4981,at_risk,2025-02-22
user_4982,consistent,2025-01-13
user_4983,sporadic,2025-01-31
user_4984,sporadic,2025-02-10
user_4985,casual,2025-02-28
user_4986,consistent,2025-01-07
user_4987,sporadic,2025-01-23
user_4988,casual,2025-01-24
user_4989,sporadic,2025-01-05
user_4990,sporadic,2025-01-05
user_4991,at_risk,2025-01-17
user_4992,casual,2025-01-30
user_4993,casual,2025-01-09
user_4994,casual,2025-01-06
user_4995,consistent,2025-01-25
user_4996,at_risk,2025-01-19
user_4997,consistent,2025-01-16
user_4998,casual,2025-01-21
user_4999,sporadic,2025-01-02
user_5000,casual,2025-01-10
